List of log10(photon energies), units of eV
  -1.100e1
  -1.088e1
  -1.075e1
  -1.063e1
  -1.050e1
  -1.038e1
  -1.025e1
  -1.013e1
  -1.000e1
  -9.875e0
  -9.750e0
  -9.625e0
  -9.500e0
  -9.375e0
  -9.250e0
  -9.125e0
  -9.000e0
  -8.875e0
  -8.750e0
  -8.625e0
  -8.500e0
  -8.375e0
  -8.250e0
  -8.125e0
  -8.000e0
  -7.875e0
  -7.750e0
  -7.625e0
  -7.500e0
  -7.375e0
  -7.250e0
  -7.125e0
  -7.000e0
  -6.875e0
  -6.750e0
  -6.625e0
  -6.500e0
  -6.375e0
  -6.250e0
  -6.125e0
  -6.000e0
  -5.875e0
  -5.750e0
  -5.625e0
  -5.500e0
  -5.375e0
  -5.250e0
  -5.125e0
  -5.000e0
  -4.875e0
  -4.750e0
  -4.625e0
  -4.500e0
  -4.375e0
  -4.250e0
  -4.125e0
  -4.000e0
  -3.875e0
  -3.750e0
  -3.625e0
  -3.500e0
  -3.375e0
  -3.250e0
  -3.125e0
  -3.000e0
  -2.875e0
  -2.750e0
  -2.625e0
  -2.500e0
  -2.375e0
  -2.250e0
  -2.125e0
  -2.000e0
  -1.875e0
  -1.750e0
  -1.625e0
  -1.500e0
  -1.375e0
  -1.250e0
  -1.125e0
  -1.000e0
 -8.750e-1
 -7.500e-1
 -6.250e-1
 -5.000e-1
 -3.750e-1
 -2.500e-1
 -1.250e-1
 -1.372e-5
  1.250e-1
  2.500e-1
  3.750e-1
  5.000e-1
  6.250e-1
  7.500e-1
  8.750e-1
   1.000e0
   1.125e0
   1.250e0
   1.375e0
   1.500e0
   1.625e0
   1.750e0
   1.875e0
   2.000e0
   2.125e0
   2.250e0
   2.375e0
   2.500e0
   2.625e0
   2.750e0
   2.875e0
   3.000e0
   3.125e0
   3.250e0
   3.375e0
   3.500e0
   3.625e0
   3.750e0
   3.875e0
   4.000e0
   4.125e0
   4.250e0
   4.375e0
   4.500e0
   4.625e0
   4.750e0
   4.875e0
   5.000e0
   5.125e0
   5.250e0
   5.375e0
   5.500e0
   5.625e0
   5.750e0
   5.875e0
   6.000e0
   6.125e0
   6.250e0
   6.375e0
   6.500e0
   6.625e0
   6.750e0
   6.875e0
   7.000e0
   7.125e0
   7.250e0
   7.375e0
   7.500e0
   7.625e0
   7.750e0
   7.875e0
   8.000e0
   8.125e0
   8.250e0
   8.375e0
   8.500e0
   8.625e0
   8.750e0
   8.875e0
   9.000e0
   9.125e0
   9.250e0
   9.375e0
   9.500e0
   9.625e0
   9.750e0
   9.875e0
   1.000e1
   1.012e1
   1.025e1
   1.037e1
   1.050e1
   1.062e1
   1.075e1
   1.087e1
   1.100e1
   1.112e1
   1.125e1
   1.137e1
   1.150e1
   1.162e1
   1.175e1
   1.187e1
   1.200e1
   1.212e1
   1.225e1
   1.237e1
   1.250e1
   1.262e1
   1.275e1
   1.287e1
   1.300e1
   1.312e1
   1.325e1
   1.337e1
   1.350e1
   1.362e1
   1.375e1
   1.387e1
   1.400e1
   1.412e1
   1.425e1
   1.437e1
   1.450e1
   1.462e1
   1.475e1
   1.487e1
   1.500e1

i_tm =   1;  t_obs =      1.000e1
   1   1     -1.1000e1      3.3834e0    -2.7139e1     -7.5229e0
   1   2     -1.0875e1      3.5084e0    -2.6973e1     -7.4812e0
   1   3     -1.0750e1      3.6334e0    -2.6806e1     -7.4396e0
   1   4     -1.0625e1      3.7584e0    -2.6639e1     -7.3979e0
   1   5     -1.0500e1      3.8834e0    -2.6473e1     -7.3562e0
   1   6     -1.0375e1      4.0084e0    -2.6306e1     -7.3146e0
   1   7     -1.0250e1      4.1334e0    -2.6139e1     -7.2729e0
   1   8     -1.0125e1      4.2584e0    -2.5973e1     -7.2312e0
   1   9     -1.0000e1      4.3834e0    -2.5806e1     -7.1896e0
   1  10     -9.8750e0      4.5084e0    -2.5639e1     -7.1479e0
   1  11     -9.7500e0      4.6334e0    -2.5473e1     -7.1062e0
   1  12     -9.6250e0      4.7584e0    -2.5306e1     -7.0646e0
   1  13     -9.5000e0      4.8834e0    -2.5139e1     -7.0229e0
   1  14     -9.3750e0      5.0084e0    -2.4973e1     -6.9812e0
   1  15     -9.2500e0      5.1334e0    -2.4806e1     -6.9396e0
   1  16     -9.1250e0      5.2584e0    -2.4639e1     -6.8979e0
   1  17     -9.0000e0      5.3834e0    -2.4473e1     -6.8562e0
   1  18     -8.8750e0      5.5084e0    -2.4306e1     -6.8146e0
   1  19     -8.7500e0      5.6334e0    -2.4139e1     -6.7729e0
   1  20     -8.6250e0      5.7584e0    -2.3973e1     -6.7312e0
   1  21     -8.5000e0      5.8834e0    -2.3806e1     -6.6896e0
   1  22     -8.3750e0      6.0084e0    -2.3639e1     -6.6479e0
   1  23     -8.2500e0      6.1334e0    -2.3473e1     -6.6062e0
   1  24     -8.1250e0      6.2584e0    -2.3306e1     -6.5646e0
   1  25     -8.0000e0      6.3834e0    -2.3139e1     -6.5229e0
   1  26     -7.8750e0      6.5084e0    -2.2973e1     -6.4812e0
   1  27     -7.7500e0      6.6334e0    -2.2806e1     -6.4396e0
   1  28     -7.6250e0      6.7584e0    -2.2639e1     -6.3979e0
   1  29     -7.5000e0      6.8834e0    -2.2473e1     -6.3562e0
   1  30     -7.3750e0      7.0084e0    -2.2306e1     -6.3146e0
   1  31     -7.2500e0      7.1334e0    -2.2139e1     -6.2729e0
   1  32     -7.1250e0      7.2584e0    -2.1973e1     -6.2312e0
   1  33     -7.0000e0      7.3834e0    -2.1806e1     -6.1896e0
   1  34     -6.8750e0      7.5084e0    -2.1640e1     -6.1479e0
   1  35     -6.7500e0      7.6334e0    -2.1473e1     -6.1062e0
   1  36     -6.6250e0      7.7584e0    -2.1306e1     -6.0646e0
   1  37     -6.5000e0      7.8834e0    -2.1140e1     -6.0229e0
   1  38     -6.3750e0      8.0084e0    -2.0973e1     -5.9812e0
   1  39     -6.2500e0      8.1334e0    -2.0806e1     -5.9396e0
   1  40     -6.1250e0      8.2584e0    -2.0640e1     -5.8979e0
   1  41     -6.0000e0      8.3834e0    -2.0473e1     -5.8563e0
   1  42     -5.8750e0      8.5084e0    -2.0306e1     -5.8146e0
   1  43     -5.7500e0      8.6334e0    -2.0140e1     -5.7729e0
   1  44     -5.6250e0      8.7584e0    -1.9973e1     -5.7313e0
   1  45     -5.5000e0      8.8834e0    -1.9806e1     -5.6896e0
   1  46     -5.3750e0      9.0084e0    -1.9640e1     -5.6480e0
   1  47     -5.2500e0      9.1334e0    -1.9473e1     -5.6063e0
   1  48     -5.1250e0      9.2584e0    -1.9306e1     -5.5646e0
   1  49     -5.0000e0      9.3834e0    -1.9140e1     -5.5230e0
   1  50     -4.8750e0      9.5084e0    -1.8973e1     -5.4814e0
   1  51     -4.7500e0      9.6334e0    -1.8806e1     -5.4398e0
   1  52     -4.6250e0      9.7584e0    -1.8640e1     -5.3981e0
   1  53     -4.5000e0      9.8834e0    -1.8473e1     -5.3565e0
   1  54     -4.3750e0      1.0008e1    -1.8306e1     -5.3148e0
   1  55     -4.2500e0      1.0133e1    -1.8140e1     -5.2732e0
   1  56     -4.1250e0      1.0258e1    -1.7973e1     -5.2316e0
   1  57     -4.0000e0      1.0383e1    -1.7807e1     -5.1901e0
   1  58     -3.8750e0      1.0508e1    -1.7640e1     -5.1485e0
   1  59     -3.7500e0      1.0633e1    -1.7474e1     -5.1070e0
   1  60     -3.6250e0      1.0758e1    -1.7307e1     -5.0654e0
   1  61     -3.5000e0      1.0883e1    -1.7140e1     -5.0239e0
   1  62     -3.3750e0      1.1008e1    -1.6974e1     -4.9823e0
   1  63     -3.2500e0      1.1133e1    -1.6807e1     -4.9408e0
   1  64     -3.1250e0      1.1258e1    -1.6641e1     -4.8994e0
   1  65     -3.0000e0      1.1383e1    -1.6475e1     -4.8580e0
   1  66     -2.8750e0      1.1508e1    -1.6308e1     -4.8166e0
   1  67     -2.7500e0      1.1633e1    -1.6142e1     -4.7753e0
   1  68     -2.6250e0      1.1758e1    -1.5975e1     -4.7338e0
   1  69     -2.5000e0      1.1883e1    -1.5809e1     -4.6924e0
   1  70     -2.3750e0      1.2008e1    -1.5643e1     -4.6509e0
   1  71     -2.2500e0      1.2133e1    -1.5476e1     -4.6096e0
   1  72     -2.1250e0      1.2258e1    -1.5310e1     -4.5682e0
   1  73     -2.0000e0      1.2383e1    -1.5143e1     -4.5269e0
   1  74     -1.8750e0      1.2508e1    -1.4977e1     -4.4856e0
   1  75     -1.7500e0      1.2633e1    -1.4811e1     -4.4443e0
   1  76     -1.6250e0      1.2758e1    -1.4645e1     -4.4029e0
   1  77     -1.5000e0      1.2883e1    -1.4478e1     -4.3617e0
   1  78     -1.3750e0      1.3008e1    -1.4312e1     -4.3204e0
   1  79     -1.2500e0      1.3133e1    -1.4146e1     -4.2793e0
   1  80     -1.1250e0      1.3258e1    -1.3980e1     -4.2382e0
   1  81     -1.0000e0      1.3383e1    -1.3814e1     -4.1973e0
   1  82    -8.7501e-1      1.3508e1    -1.3648e1     -4.1564e0
   1  83    -7.5001e-1      1.3633e1    -1.3482e1     -4.1157e0
   1  84    -6.2501e-1      1.3758e1    -1.3317e1     -4.0750e0
   1  85    -5.0001e-1      1.3883e1    -1.3151e1     -4.0346e0
   1  86    -3.7501e-1      1.4008e1    -1.2986e1     -3.9942e0
   1  87    -2.5001e-1      1.4133e1    -1.2821e1     -3.9542e0
   1  88    -1.2501e-1      1.4258e1    -1.2656e1     -3.9145e0
   1  89    -1.3724e-5      1.4383e1    -1.2492e1     -3.8750e0
   1  90     1.2499e-1      1.4508e1    -1.2328e1     -3.8360e0
   1  91     2.4999e-1      1.4633e1    -1.2164e1     -3.7974e0
   1  92     3.7499e-1      1.4758e1    -1.2001e1     -3.7592e0
   1  93     4.9999e-1      1.4883e1    -1.1838e1     -3.7217e0
   1  94     6.2499e-1      1.5008e1    -1.1676e1     -3.6847e0
   1  95     7.4999e-1      1.5133e1    -1.1515e1     -3.6485e0
   1  96     8.7499e-1      1.5258e1    -1.1355e1     -3.6132e0
   1  97     9.9999e-1      1.5383e1    -1.1195e1     -3.5788e0
   1  98      1.1250e0      1.5508e1    -1.1037e1     -3.5457e0
   1  99      1.2500e0      1.5633e1    -1.0880e1     -3.5137e0
   1 100      1.3750e0      1.5758e1    -1.0725e1     -3.4831e0
   1 101      1.5000e0      1.5883e1    -1.0571e1     -3.4540e0
   1 102      1.6250e0      1.6008e1    -1.0418e1     -3.4265e0
   1 103      1.7500e0      1.6133e1    -1.0268e1     -3.4010e0
   1 104      1.8750e0      1.6258e1    -1.0119e1     -3.3777e0
   1 105      2.0000e0      1.6383e1    -9.9736e0     -3.3570e0
   1 106      2.1250e0      1.6508e1    -9.8309e0     -3.3393e0
   1 107      2.2500e0      1.6633e1    -9.6916e0     -3.3250e0
   1 108      2.3750e0      1.6758e1    -9.5560e0     -3.3144e0
   1 109      2.5000e0      1.6883e1    -9.4245e0     -3.3079e0
   1 110      2.6250e0      1.7008e1    -9.2972e0     -3.3056e0
   1 111      2.7500e0      1.7133e1    -9.1746e0     -3.3080e0
   1 112      2.8750e0      1.7258e1    -9.0570e0     -3.3154e0
   1 113      3.0000e0      1.7383e1    -8.9447e0     -3.3281e0
   1 114      3.1250e0      1.7508e1    -8.8381e0     -3.3465e0
   1 115      3.2500e0      1.7633e1    -8.7377e0     -3.3711e0
   1 116      3.3750e0      1.7758e1    -8.6436e0     -3.4020e0
   1 117      3.5000e0      1.7883e1    -8.5563e0     -3.4397e0
   1 118      3.6250e0      1.8008e1    -8.4760e0     -3.4844e0
   1 119      3.7500e0      1.8133e1    -8.4033e0     -3.5367e0
   1 120      3.8750e0      1.8258e1    -8.3384e0     -3.5968e0
   1 121      4.0000e0      1.8383e1    -8.2817e0     -3.6651e0
   1 122      4.1250e0      1.8508e1    -8.2335e0     -3.7419e0
   1 123      4.2500e0      1.8633e1    -8.1944e0     -3.8278e0
   1 124      4.3750e0      1.8758e1    -8.1650e0     -3.9234e0
   1 125      4.5000e0      1.8883e1    -8.1463e0     -4.0297e0
   1 126      4.6250e0      1.9008e1    -8.1392e0     -4.1476e0
   1 127      4.7500e0      1.9133e1    -8.1443e0     -4.2777e0
   1 128      4.8750e0      1.9258e1    -8.1614e0     -4.4198e0
   1 129      5.0000e0      1.9383e1    -8.1895e0     -4.5729e0
   1 130      5.1250e0      1.9508e1    -8.2267e0     -4.7351e0
   1 131      5.2500e0      1.9633e1    -8.2709e0     -4.9043e0
   1 132      5.3750e0      1.9758e1    -8.3202e0     -5.0786e0
   1 133      5.5000e0      1.9883e1    -8.3734e0     -5.2568e0
   1 134      5.6250e0      2.0008e1    -8.4298e0     -5.4382e0
   1 135      5.7500e0      2.0133e1    -8.4887e0     -5.6221e0
   1 136      5.8750e0      2.0258e1    -8.5494e0     -5.8078e0
   1 137      6.0000e0      2.0383e1    -8.6111e0     -5.9945e0
   1 138      6.1250e0      2.0508e1    -8.6729e0     -6.1813e0
   1 139      6.2500e0      2.0633e1    -8.7337e0     -6.3671e0
   1 140      6.3750e0      2.0758e1    -8.7918e0     -6.5502e0
   1 141      6.5000e0      2.0883e1    -8.8456e0     -6.7290e0
   1 142      6.6250e0      2.1008e1    -8.8932e0     -6.9016e0
   1 143      6.7500e0      2.1133e1    -8.9332e0     -7.0666e0
   1 144      6.8750e0      2.1258e1    -8.9656e0     -7.2240e0
   1 145      7.0000e0      2.1383e1    -8.9912e0     -7.3746e0
   1 146      7.1250e0      2.1508e1    -9.0119e0     -7.5203e0
   1 147      7.2500e0      2.1633e1    -9.0291e0     -7.6625e0
   1 148      7.3750e0      2.1758e1    -9.0444e0     -7.8028e0
   1 149      7.5000e0      2.1883e1    -9.0588e0     -7.9422e0
   1 150      7.6250e0      2.2008e1    -9.0728e0     -8.0812e0
   1 151      7.7500e0      2.2133e1    -9.0867e0     -8.2201e0
   1 152      7.8750e0      2.2258e1    -9.1008e0     -8.3592e0
   1 153      8.0000e0      2.2383e1    -9.1154e0     -8.4988e0
   1 154      8.1250e0      2.2508e1    -9.1306e0     -8.6390e0
   1 155      8.2500e0      2.2633e1    -9.1464e0     -8.7798e0
   1 156      8.3750e0      2.2758e1    -9.1626e0     -8.9210e0
   1 157      8.5000e0      2.2883e1    -9.1785e0     -9.0619e0
   1 158      8.6250e0      2.3008e1    -9.1940e0     -9.2024e0
   1 159      8.7500e0      2.3133e1    -9.2089e0     -9.3423e0
   1 160      8.8750e0      2.3258e1    -9.2235e0     -9.4819e0
   1 161      9.0000e0      2.3383e1    -9.2381e0     -9.6215e0
   1 162      9.1250e0      2.3508e1    -9.2526e0     -9.7610e0
   1 163      9.2500e0      2.3633e1    -9.2671e0     -9.9005e0
   1 164      9.3750e0      2.3758e1    -9.2817e0     -1.0040e1
   1 165      9.5000e0      2.3883e1    -9.2963e0     -1.0180e1
   1 166      9.6250e0      2.4008e1    -9.3110e0     -1.0319e1
   1 167      9.7500e0      2.4133e1    -9.3260e0     -1.0459e1
   1 168      9.8750e0      2.4258e1    -9.3414e0     -1.0600e1
   1 169      1.0000e1      2.4383e1    -9.3574e0     -1.0741e1
   1 170      1.0125e1      2.4508e1    -9.3740e0     -1.0882e1
   1 171      1.0250e1      2.4633e1    -9.3913e0     -1.1025e1
   1 172      1.0375e1      2.4758e1    -9.4086e0     -1.1167e1
   1 173      1.0500e1      2.4883e1    -9.4257e0     -1.1309e1
   1 174      1.0625e1      2.5008e1    -9.4419e0     -1.1450e1
   1 175      1.0750e1      2.5133e1    -9.4573e0     -1.1591e1
   1 176      1.0875e1      2.5258e1    -9.4723e0     -1.1731e1
   1 177      1.1000e1      2.5383e1    -9.4868e0     -1.1870e1
   1 178      1.1125e1      2.5508e1    -9.5013e0     -1.2010e1
   1 179      1.1250e1      2.5633e1    -9.5157e0     -1.2149e1
   1 180      1.1375e1      2.5758e1    -9.5303e0     -1.2289e1
   1 181      1.1500e1      2.5883e1    -9.5449e0     -1.2428e1
   1 182      1.1625e1      2.6008e1    -9.5598e0     -1.2568e1
   1 183      1.1750e1      2.6133e1    -9.5749e0     -1.2708e1
   1 184      1.1875e1      2.6258e1    -9.5904e0     -1.2849e1
   1 185      1.2000e1      2.6383e1    -9.6065e0     -1.2990e1
   1 186      1.2125e1      2.6508e1    -9.6232e0     -1.3132e1
   1 187      1.2250e1      2.6633e1    -9.6406e0     -1.3274e1
   1 188      1.2375e1      2.6758e1    -9.6582e0     -1.3417e1
   1 189      1.2500e1      2.6883e1    -9.6758e0     -1.3559e1
   1 190      1.2625e1      2.7008e1    -9.6928e0     -1.3701e1
   1 191      1.2750e1      2.7133e1    -9.7093e0     -1.3843e1
   1 192      1.2875e1      2.7258e1    -9.7259e0     -1.3984e1
   1 193      1.3000e1      2.7383e1    -9.7427e0     -1.4126e1
   1 194      1.3125e1      2.7508e1    -9.7601e0     -1.4268e1
   1 195      1.3250e1      2.7633e1    -9.7779e0     -1.4411e1
   1 196      1.3375e1      2.7758e1    -9.7960e0     -1.4554e1
   1 197      1.3500e1      2.7883e1    -9.8140e0     -1.4697e1
   1 198      1.3625e1      2.8008e1    -9.8318e0     -1.4840e1
   1 199      1.3750e1      2.8133e1    -9.8496e0     -1.4983e1
   1 200      1.3875e1      2.8258e1    -9.8684e0     -1.5127e1
   1 201      1.4000e1      2.8383e1    -9.8889e0     -1.5272e1
   1 202      1.4125e1      2.8508e1    -9.9122e0     -1.5421e1
   1 203      1.4250e1      2.8633e1    -9.9385e0     -1.5572e1
   1 204      1.4375e1      2.8758e1    -9.9677e0     -1.5726e1
   1 205      1.4500e1      2.8883e1    -9.9992e0     -1.5883e1
   1 206      1.4625e1      2.9008e1    -1.0032e1     -1.6041e1
   1 207      1.4750e1      2.9133e1    -1.0067e1     -1.6201e1
   1 208      1.4875e1      2.9258e1    -1.0104e1     -1.6363e1
   1 209      1.5000e1      2.9383e1    -1.0144e1     -1.6527e1
            log10(eV)     log10(Hz)    log10(nuFnu)  log10(Jy)

i_tm =   2;  t_obs =      1.263e1
   2   1     -1.1000e1      3.3834e0    -2.7113e1     -7.4960e0
   2   2     -1.0875e1      3.5084e0    -2.6946e1     -7.4544e0
   2   3     -1.0750e1      3.6334e0    -2.6779e1     -7.4127e0
   2   4     -1.0625e1      3.7584e0    -2.6613e1     -7.3710e0
   2   5     -1.0500e1      3.8834e0    -2.6446e1     -7.3294e0
   2   6     -1.0375e1      4.0084e0    -2.6279e1     -7.2877e0
   2   7     -1.0250e1      4.1334e0    -2.6113e1     -7.2460e0
   2   8     -1.0125e1      4.2584e0    -2.5946e1     -7.2044e0
   2   9     -1.0000e1      4.3834e0    -2.5779e1     -7.1627e0
   2  10     -9.8750e0      4.5084e0    -2.5613e1     -7.1210e0
   2  11     -9.7500e0      4.6334e0    -2.5446e1     -7.0794e0
   2  12     -9.6250e0      4.7584e0    -2.5279e1     -7.0377e0
   2  13     -9.5000e0      4.8834e0    -2.5113e1     -6.9960e0
   2  14     -9.3750e0      5.0084e0    -2.4946e1     -6.9544e0
   2  15     -9.2500e0      5.1334e0    -2.4779e1     -6.9127e0
   2  16     -9.1250e0      5.2584e0    -2.4613e1     -6.8710e0
   2  17     -9.0000e0      5.3834e0    -2.4446e1     -6.8294e0
   2  18     -8.8750e0      5.5084e0    -2.4279e1     -6.7877e0
   2  19     -8.7500e0      5.6334e0    -2.4113e1     -6.7460e0
   2  20     -8.6250e0      5.7584e0    -2.3946e1     -6.7044e0
   2  21     -8.5000e0      5.8834e0    -2.3779e1     -6.6627e0
   2  22     -8.3750e0      6.0084e0    -2.3613e1     -6.6210e0
   2  23     -8.2500e0      6.1334e0    -2.3446e1     -6.5794e0
   2  24     -8.1250e0      6.2584e0    -2.3279e1     -6.5377e0
   2  25     -8.0000e0      6.3834e0    -2.3113e1     -6.4960e0
   2  26     -7.8750e0      6.5084e0    -2.2946e1     -6.4544e0
   2  27     -7.7500e0      6.6334e0    -2.2779e1     -6.4127e0
   2  28     -7.6250e0      6.7584e0    -2.2613e1     -6.3710e0
   2  29     -7.5000e0      6.8834e0    -2.2446e1     -6.3294e0
   2  30     -7.3750e0      7.0084e0    -2.2279e1     -6.2877e0
   2  31     -7.2500e0      7.1334e0    -2.2113e1     -6.2460e0
   2  32     -7.1250e0      7.2584e0    -2.1946e1     -6.2044e0
   2  33     -7.0000e0      7.3834e0    -2.1779e1     -6.1627e0
   2  34     -6.8750e0      7.5084e0    -2.1613e1     -6.1210e0
   2  35     -6.7500e0      7.6334e0    -2.1446e1     -6.0794e0
   2  36     -6.6250e0      7.7584e0    -2.1279e1     -6.0377e0
   2  37     -6.5000e0      7.8834e0    -2.1113e1     -5.9961e0
   2  38     -6.3750e0      8.0084e0    -2.0946e1     -5.9544e0
   2  39     -6.2500e0      8.1334e0    -2.0779e1     -5.9127e0
   2  40     -6.1250e0      8.2584e0    -2.0613e1     -5.8711e0
   2  41     -6.0000e0      8.3834e0    -2.0446e1     -5.8294e0
   2  42     -5.8750e0      8.5084e0    -2.0279e1     -5.7877e0
   2  43     -5.7500e0      8.6334e0    -2.0113e1     -5.7461e0
   2  44     -5.6250e0      8.7584e0    -1.9946e1     -5.7044e0
   2  45     -5.5000e0      8.8834e0    -1.9779e1     -5.6628e0
   2  46     -5.3750e0      9.0084e0    -1.9613e1     -5.6211e0
   2  47     -5.2500e0      9.1334e0    -1.9446e1     -5.5794e0
   2  48     -5.1250e0      9.2584e0    -1.9279e1     -5.5378e0
   2  49     -5.0000e0      9.3834e0    -1.9113e1     -5.4961e0
   2  50     -4.8750e0      9.5084e0    -1.8946e1     -5.4545e0
   2  51     -4.7500e0      9.6334e0    -1.8780e1     -5.4129e0
   2  52     -4.6250e0      9.7584e0    -1.8613e1     -5.3713e0
   2  53     -4.5000e0      9.8834e0    -1.8446e1     -5.3296e0
   2  54     -4.3750e0      1.0008e1    -1.8280e1     -5.2880e0
   2  55     -4.2500e0      1.0133e1    -1.8113e1     -5.2464e0
   2  56     -4.1250e0      1.0258e1    -1.7946e1     -5.2048e0
   2  57     -4.0000e0      1.0383e1    -1.7780e1     -5.1632e0
   2  58     -3.8750e0      1.0508e1    -1.7613e1     -5.1217e0
   2  59     -3.7500e0      1.0633e1    -1.7447e1     -5.0802e0
   2  60     -3.6250e0      1.0758e1    -1.7280e1     -5.0386e0
   2  61     -3.5000e0      1.0883e1    -1.7114e1     -4.9971e0
   2  62     -3.3750e0      1.1008e1    -1.6947e1     -4.9556e0
   2  63     -3.2500e0      1.1133e1    -1.6781e1     -4.9141e0
   2  64     -3.1250e0      1.1258e1    -1.6614e1     -4.8727e0
   2  65     -3.0000e0      1.1383e1    -1.6448e1     -4.8312e0
   2  66     -2.8750e0      1.1508e1    -1.6281e1     -4.7899e0
   2  67     -2.7500e0      1.1633e1    -1.6115e1     -4.7485e0
   2  68     -2.6250e0      1.1758e1    -1.5949e1     -4.7070e0
   2  69     -2.5000e0      1.1883e1    -1.5782e1     -4.6656e0
   2  70     -2.3750e0      1.2008e1    -1.5616e1     -4.6242e0
   2  71     -2.2500e0      1.2133e1    -1.5449e1     -4.5829e0
   2  72     -2.1250e0      1.2258e1    -1.5283e1     -4.5415e0
   2  73     -2.0000e0      1.2383e1    -1.5117e1     -4.5001e0
   2  74     -1.8750e0      1.2508e1    -1.4950e1     -4.4589e0
   2  75     -1.7500e0      1.2633e1    -1.4784e1     -4.4175e0
   2  76     -1.6250e0      1.2758e1    -1.4618e1     -4.3762e0
   2  77     -1.5000e0      1.2883e1    -1.4452e1     -4.3350e0
   2  78     -1.3750e0      1.3008e1    -1.4285e1     -4.2938e0
   2  79     -1.2500e0      1.3133e1    -1.4119e1     -4.2527e0
   2  80     -1.1250e0      1.3258e1    -1.3953e1     -4.2117e0
   2  81     -1.0000e0      1.3383e1    -1.3787e1     -4.1707e0
   2  82    -8.7501e-1      1.3508e1    -1.3622e1     -4.1299e0
   2  83    -7.5001e-1      1.3633e1    -1.3456e1     -4.0892e0
   2  84    -6.2501e-1      1.3758e1    -1.3290e1     -4.0486e0
   2  85    -5.0001e-1      1.3883e1    -1.3125e1     -4.0082e0
   2  86    -3.7501e-1      1.4008e1    -1.2960e1     -3.9680e0
   2  87    -2.5001e-1      1.4133e1    -1.2795e1     -3.9282e0
   2  88    -1.2501e-1      1.4258e1    -1.2630e1     -3.8885e0
   2  89    -1.3724e-5      1.4383e1    -1.2466e1     -3.8492e0
   2  90     1.2499e-1      1.4508e1    -1.2302e1     -3.8104e0
   2  91     2.4999e-1      1.4633e1    -1.2139e1     -3.7719e0
   2  92     3.7499e-1      1.4758e1    -1.1976e1     -3.7340e0
   2  93     4.9999e-1      1.4883e1    -1.1813e1     -3.6967e0
   2  94     6.2499e-1      1.5008e1    -1.1652e1     -3.6601e0
   2  95     7.4999e-1      1.5133e1    -1.1491e1     -3.6243e0
   2  96     8.7499e-1      1.5258e1    -1.1331e1     -3.5894e0
   2  97     9.9999e-1      1.5383e1    -1.1172e1     -3.5557e0
   2  98      1.1250e0      1.5508e1    -1.1015e1     -3.5231e0
   2  99      1.2500e0      1.5633e1    -1.0858e1     -3.4917e0
   2 100      1.3750e0      1.5758e1    -1.0704e1     -3.4619e0
   2 101      1.5000e0      1.5883e1    -1.0550e1     -3.4336e0
   2 102      1.6250e0      1.6008e1    -1.0399e1     -3.4072e0
   2 103      1.7500e0      1.6133e1    -1.0249e1     -3.3829e0
   2 104      1.8750e0      1.6258e1    -1.0103e1     -3.3610e0
   2 105      2.0000e0      1.6383e1    -9.9587e0     -3.3421e0
   2 106      2.1250e0      1.6508e1    -9.8179e0     -3.3263e0
   2 107      2.2500e0      1.6633e1    -9.6808e0     -3.3143e0
   2 108      2.3750e0      1.6758e1    -9.5477e0     -3.3061e0
   2 109      2.5000e0      1.6883e1    -9.4189e0     -3.3023e0
   2 110      2.6250e0      1.7008e1    -9.2947e0     -3.3031e0
   2 111      2.7500e0      1.7133e1    -9.1755e0     -3.3090e0
   2 112      2.8750e0      1.7258e1    -9.0617e0     -3.3201e0
   2 113      3.0000e0      1.7383e1    -8.9537e0     -3.3371e0
   2 114      3.1250e0      1.7508e1    -8.8518e0     -3.3602e0
   2 115      3.2500e0      1.7633e1    -8.7564e0     -3.3898e0
   2 116      3.3750e0      1.7758e1    -8.6679e0     -3.4263e0
   2 117      3.5000e0      1.7883e1    -8.5866e0     -3.4700e0
   2 118      3.6250e0      1.8008e1    -8.5129e0     -3.5213e0
   2 119      3.7500e0      1.8133e1    -8.4472e0     -3.5806e0
   2 120      3.8750e0      1.8258e1    -8.3900e0     -3.6484e0
   2 121      4.0000e0      1.8383e1    -8.3415e0     -3.7249e0
   2 122      4.1250e0      1.8508e1    -8.3021e0     -3.8105e0
   2 123      4.2500e0      1.8633e1    -8.2726e0     -3.9060e0
   2 124      4.3750e0      1.8758e1    -8.2536e0     -4.0121e0
   2 125      4.5000e0      1.8883e1    -8.2461e0     -4.1295e0
   2 126      4.6250e0      1.9008e1    -8.2507e0     -4.2591e0
   2 127      4.7500e0      1.9133e1    -8.2675e0     -4.4009e0
   2 128      4.8750e0      1.9258e1    -8.2958e0     -4.5542e0
   2 129      5.0000e0      1.9383e1    -8.3339e0     -4.7173e0
   2 130      5.1250e0      1.9508e1    -8.3798e0     -4.8882e0
   2 131      5.2500e0      1.9633e1    -8.4308e0     -5.0642e0
   2 132      5.3750e0      1.9758e1    -8.4854e0     -5.2438e0
   2 133      5.5000e0      1.9883e1    -8.5426e0     -5.4260e0
   2 134      5.6250e0      2.0008e1    -8.6018e0     -5.6102e0
   2 135      5.7500e0      2.0133e1    -8.6626e0     -5.7960e0
   2 136      5.8750e0      2.0258e1    -8.7241e0     -5.9826e0
   2 137      6.0000e0      2.0383e1    -8.7855e0     -6.1689e0
   2 138      6.1250e0      2.0508e1    -8.8455e0     -6.3539e0
   2 139      6.2500e0      2.0633e1    -8.9027e0     -6.5361e0
   2 140      6.3750e0      2.0758e1    -8.9554e0     -6.7138e0
   2 141      6.5000e0      2.0883e1    -9.0019e0     -6.8853e0
   2 142      6.6250e0      2.1008e1    -9.0411e0     -7.0495e0
   2 143      6.7500e0      2.1133e1    -9.0729e0     -7.2063e0
   2 144      6.8750e0      2.1258e1    -9.0981e0     -7.3565e0
   2 145      7.0000e0      2.1383e1    -9.1183e0     -7.5017e0
   2 146      7.1250e0      2.1508e1    -9.1352e0     -7.6436e0
   2 147      7.2500e0      2.1633e1    -9.1502e0     -7.7836e0
   2 148      7.3750e0      2.1758e1    -9.1643e0     -7.9228e0
   2 149      7.5000e0      2.1883e1    -9.1782e0     -8.0616e0
   2 150      7.6250e0      2.2008e1    -9.1920e0     -8.2004e0
   2 151      7.7500e0      2.2133e1    -9.2057e0     -8.3391e0
   2 152      7.8750e0      2.2258e1    -9.2195e0     -8.4779e0
   2 153      8.0000e0      2.2383e1    -9.2339e0     -8.6173e0
   2 154      8.1250e0      2.2508e1    -9.2489e0     -8.7573e0
   2 155      8.2500e0      2.2633e1    -9.2646e0     -8.8980e0
   2 156      8.3750e0      2.2758e1    -9.2804e0     -9.0388e0
   2 157      8.5000e0      2.2883e1    -9.2963e0     -9.1797e0
   2 158      8.6250e0      2.3008e1    -9.3116e0     -9.3200e0
   2 159      8.7500e0      2.3133e1    -9.3267e0     -9.4601e0
   2 160      8.8750e0      2.3258e1    -9.3416e0     -9.6000e0
   2 161      9.0000e0      2.3383e1    -9.3563e0     -9.7397e0
   2 162      9.1250e0      2.3508e1    -9.3710e0     -9.8794e0
   2 163      9.2500e0      2.3633e1    -9.3855e0     -1.0019e1
   2 164      9.3750e0      2.3758e1    -9.4002e0     -1.0159e1
   2 165      9.5000e0      2.3883e1    -9.4148e0     -1.0298e1
   2 166      9.6250e0      2.4008e1    -9.4297e0     -1.0438e1
   2 167      9.7500e0      2.4133e1    -9.4447e0     -1.0578e1
   2 168      9.8750e0      2.4258e1    -9.4601e0     -1.0719e1
   2 169      1.0000e1      2.4383e1    -9.4762e0     -1.0860e1
   2 170      1.0125e1      2.4508e1    -9.4929e0     -1.1001e1
   2 171      1.0250e1      2.4633e1    -9.5102e0     -1.1144e1
   2 172      1.0375e1      2.4758e1    -9.5274e0     -1.1286e1
   2 173      1.0500e1      2.4883e1    -9.5441e0     -1.1428e1
   2 174      1.0625e1      2.5008e1    -9.5601e0     -1.1568e1
   2 175      1.0750e1      2.5133e1    -9.5752e0     -1.1709e1
   2 176      1.0875e1      2.5258e1    -9.5899e0     -1.1848e1
   2 177      1.1000e1      2.5383e1    -9.6043e0     -1.1988e1
   2 178      1.1125e1      2.5508e1    -9.6186e0     -1.2127e1
   2 179      1.1250e1      2.5633e1    -9.6330e0     -1.2266e1
   2 180      1.1375e1      2.5758e1    -9.6475e0     -1.2406e1
   2 181      1.1500e1      2.5883e1    -9.6623e0     -1.2546e1
   2 182      1.1625e1      2.6008e1    -9.6774e0     -1.2686e1
   2 183      1.1750e1      2.6133e1    -9.6926e0     -1.2826e1
   2 184      1.1875e1      2.6258e1    -9.7081e0     -1.2967e1
   2 185      1.2000e1      2.6383e1    -9.7242e0     -1.3108e1
   2 186      1.2125e1      2.6508e1    -9.7409e0     -1.3249e1
   2 187      1.2250e1      2.6633e1    -9.7582e0     -1.3392e1
   2 188      1.2375e1      2.6758e1    -9.7755e0     -1.3534e1
   2 189      1.2500e1      2.6883e1    -9.7926e0     -1.3676e1
   2 190      1.2625e1      2.7008e1    -9.8092e0     -1.3818e1
   2 191      1.2750e1      2.7133e1    -9.8257e0     -1.3959e1
   2 192      1.2875e1      2.7258e1    -9.8423e0     -1.4101e1
   2 193      1.3000e1      2.7383e1    -9.8594e0     -1.4243e1
   2 194      1.3125e1      2.7508e1    -9.8773e0     -1.4386e1
   2 195      1.3250e1      2.7633e1    -9.8956e0     -1.4529e1
   2 196      1.3375e1      2.7758e1    -9.9141e0     -1.4673e1
   2 197      1.3500e1      2.7883e1    -9.9326e0     -1.4816e1
   2 198      1.3625e1      2.8008e1    -9.9511e0     -1.4959e1
   2 199      1.3750e1      2.8133e1    -9.9696e0     -1.5103e1
   2 200      1.3875e1      2.8258e1    -9.9891e0     -1.5248e1
   2 201      1.4000e1      2.8383e1    -1.0011e1     -1.5394e1
   2 202      1.4125e1      2.8508e1    -1.0035e1     -1.5543e1
   2 203      1.4250e1      2.8633e1    -1.0062e1     -1.5695e1
   2 204      1.4375e1      2.8758e1    -1.0091e1     -1.5850e1
   2 205      1.4500e1      2.8883e1    -1.0123e1     -1.6006e1
   2 206      1.4625e1      2.9008e1    -1.0156e1     -1.6165e1
   2 207      1.4750e1      2.9133e1    -1.0192e1     -1.6325e1
   2 208      1.4875e1      2.9258e1    -1.0229e1     -1.6487e1
   2 209      1.5000e1      2.9383e1    -1.0269e1     -1.6653e1
            log10(eV)     log10(Hz)    log10(nuFnu)  log10(Jy)

i_tm =   3;  t_obs =      1.595e1
   3   1     -1.1000e1      3.3834e0    -2.7085e1     -7.4684e0
   3   2     -1.0875e1      3.5084e0    -2.6918e1     -7.4268e0
   3   3     -1.0750e1      3.6334e0    -2.6752e1     -7.3851e0
   3   4     -1.0625e1      3.7584e0    -2.6585e1     -7.3434e0
   3   5     -1.0500e1      3.8834e0    -2.6418e1     -7.3018e0
   3   6     -1.0375e1      4.0084e0    -2.6252e1     -7.2601e0
   3   7     -1.0250e1      4.1334e0    -2.6085e1     -7.2184e0
   3   8     -1.0125e1      4.2584e0    -2.5918e1     -7.1768e0
   3   9     -1.0000e1      4.3834e0    -2.5752e1     -7.1351e0
   3  10     -9.8750e0      4.5084e0    -2.5585e1     -7.0934e0
   3  11     -9.7500e0      4.6334e0    -2.5418e1     -7.0518e0
   3  12     -9.6250e0      4.7584e0    -2.5252e1     -7.0101e0
   3  13     -9.5000e0      4.8834e0    -2.5085e1     -6.9684e0
   3  14     -9.3750e0      5.0084e0    -2.4918e1     -6.9268e0
   3  15     -9.2500e0      5.1334e0    -2.4752e1     -6.8851e0
   3  16     -9.1250e0      5.2584e0    -2.4585e1     -6.8434e0
   3  17     -9.0000e0      5.3834e0    -2.4418e1     -6.8018e0
   3  18     -8.8750e0      5.5084e0    -2.4252e1     -6.7601e0
   3  19     -8.7500e0      5.6334e0    -2.4085e1     -6.7184e0
   3  20     -8.6250e0      5.7584e0    -2.3918e1     -6.6768e0
   3  21     -8.5000e0      5.8834e0    -2.3752e1     -6.6351e0
   3  22     -8.3750e0      6.0084e0    -2.3585e1     -6.5934e0
   3  23     -8.2500e0      6.1334e0    -2.3418e1     -6.5518e0
   3  24     -8.1250e0      6.2584e0    -2.3252e1     -6.5101e0
   3  25     -8.0000e0      6.3834e0    -2.3085e1     -6.4684e0
   3  26     -7.8750e0      6.5084e0    -2.2918e1     -6.4268e0
   3  27     -7.7500e0      6.6334e0    -2.2752e1     -6.3851e0
   3  28     -7.6250e0      6.7584e0    -2.2585e1     -6.3434e0
   3  29     -7.5000e0      6.8834e0    -2.2418e1     -6.3018e0
   3  30     -7.3750e0      7.0084e0    -2.2252e1     -6.2601e0
   3  31     -7.2500e0      7.1334e0    -2.2085e1     -6.2185e0
   3  32     -7.1250e0      7.2584e0    -2.1918e1     -6.1768e0
   3  33     -7.0000e0      7.3834e0    -2.1752e1     -6.1351e0
   3  34     -6.8750e0      7.5084e0    -2.1585e1     -6.0935e0
   3  35     -6.7500e0      7.6334e0    -2.1418e1     -6.0518e0
   3  36     -6.6250e0      7.7584e0    -2.1252e1     -6.0101e0
   3  37     -6.5000e0      7.8834e0    -2.1085e1     -5.9685e0
   3  38     -6.3750e0      8.0084e0    -2.0918e1     -5.9268e0
   3  39     -6.2500e0      8.1334e0    -2.0752e1     -5.8851e0
   3  40     -6.1250e0      8.2584e0    -2.0585e1     -5.8435e0
   3  41     -6.0000e0      8.3834e0    -2.0418e1     -5.8018e0
   3  42     -5.8750e0      8.5084e0    -2.0252e1     -5.7602e0
   3  43     -5.7500e0      8.6334e0    -2.0085e1     -5.7185e0
   3  44     -5.6250e0      8.7584e0    -1.9918e1     -5.6768e0
   3  45     -5.5000e0      8.8834e0    -1.9752e1     -5.6352e0
   3  46     -5.3750e0      9.0084e0    -1.9585e1     -5.5935e0
   3  47     -5.2500e0      9.1334e0    -1.9418e1     -5.5519e0
   3  48     -5.1250e0      9.2584e0    -1.9252e1     -5.5102e0
   3  49     -5.0000e0      9.3834e0    -1.9085e1     -5.4686e0
   3  50     -4.8750e0      9.5084e0    -1.8919e1     -5.4270e0
   3  51     -4.7500e0      9.6334e0    -1.8752e1     -5.3853e0
   3  52     -4.6250e0      9.7584e0    -1.8585e1     -5.3437e0
   3  53     -4.5000e0      9.8834e0    -1.8419e1     -5.3020e0
   3  54     -4.3750e0      1.0008e1    -1.8252e1     -5.2604e0
   3  55     -4.2500e0      1.0133e1    -1.8085e1     -5.2188e0
   3  56     -4.1250e0      1.0258e1    -1.7919e1     -5.1772e0
   3  57     -4.0000e0      1.0383e1    -1.7752e1     -5.1357e0
   3  58     -3.8750e0      1.0508e1    -1.7586e1     -5.0942e0
   3  59     -3.7500e0      1.0633e1    -1.7419e1     -5.0526e0
   3  60     -3.6250e0      1.0758e1    -1.7253e1     -5.0111e0
   3  61     -3.5000e0      1.0883e1    -1.7086e1     -4.9695e0
   3  62     -3.3750e0      1.1008e1    -1.6920e1     -4.9280e0
   3  63     -3.2500e0      1.1133e1    -1.6753e1     -4.8866e0
   3  64     -3.1250e0      1.1258e1    -1.6587e1     -4.8452e0
   3  65     -3.0000e0      1.1383e1    -1.6420e1     -4.8038e0
   3  66     -2.8750e0      1.1508e1    -1.6254e1     -4.7625e0
   3  67     -2.7500e0      1.1633e1    -1.6088e1     -4.7210e0
   3  68     -2.6250e0      1.1758e1    -1.5921e1     -4.6796e0
   3  69     -2.5000e0      1.1883e1    -1.5755e1     -4.6382e0
   3  70     -2.3750e0      1.2008e1    -1.5588e1     -4.5968e0
   3  71     -2.2500e0      1.2133e1    -1.5422e1     -4.5554e0
   3  72     -2.1250e0      1.2258e1    -1.5256e1     -4.5141e0
   3  73     -2.0000e0      1.2383e1    -1.5089e1     -4.4727e0
   3  74     -1.8750e0      1.2508e1    -1.4923e1     -4.4315e0
   3  75     -1.7500e0      1.2633e1    -1.4757e1     -4.3901e0
   3  76     -1.6250e0      1.2758e1    -1.4590e1     -4.3488e0
   3  77     -1.5000e0      1.2883e1    -1.4424e1     -4.3076e0
   3  78     -1.3750e0      1.3008e1    -1.4258e1     -4.2664e0
   3  79     -1.2500e0      1.3133e1    -1.4092e1     -4.2253e0
   3  80     -1.1250e0      1.3258e1    -1.3926e1     -4.1843e0
   3  81     -1.0000e0      1.3383e1    -1.3760e1     -4.1435e0
   3  82    -8.7501e-1      1.3508e1    -1.3594e1     -4.1027e0
   3  83    -7.5001e-1      1.3633e1    -1.3429e1     -4.0620e0
   3  84    -6.2501e-1      1.3758e1    -1.3263e1     -4.0216e0
   3  85    -5.0001e-1      1.3883e1    -1.3098e1     -3.9812e0
   3  86    -3.7501e-1      1.4008e1    -1.2933e1     -3.9411e0
   3  87    -2.5001e-1      1.4133e1    -1.2768e1     -3.9013e0
   3  88    -1.2501e-1      1.4258e1    -1.2603e1     -3.8618e0
   3  89    -1.3724e-5      1.4383e1    -1.2439e1     -3.8228e0
   3  90     1.2499e-1      1.4508e1    -1.2276e1     -3.7841e0
   3  91     2.4999e-1      1.4633e1    -1.2112e1     -3.7458e0
   3  92     3.7499e-1      1.4758e1    -1.1950e1     -3.7082e0
   3  93     4.9999e-1      1.4883e1    -1.1788e1     -3.6712e0
   3  94     6.2499e-1      1.5008e1    -1.1627e1     -3.6350e0
   3  95     7.4999e-1      1.5133e1    -1.1466e1     -3.5997e0
   3  96     8.7499e-1      1.5258e1    -1.1307e1     -3.5652e0
   3  97     9.9999e-1      1.5383e1    -1.1149e1     -3.5321e0
   3  98      1.1250e0      1.5508e1    -1.0992e1     -3.5001e0
   3  99      1.2500e0      1.5633e1    -1.0836e1     -3.4695e0
   3 100      1.3750e0      1.5758e1    -1.0682e1     -3.4405e0
   3 101      1.5000e0      1.5883e1    -1.0530e1     -3.4133e0
   3 102      1.6250e0      1.6008e1    -1.0380e1     -3.3880e0
   3 103      1.7500e0      1.6133e1    -1.0232e1     -3.3651e0
   3 104      1.8750e0      1.6258e1    -1.0087e1     -3.3450e0
   3 105      2.0000e0      1.6383e1    -9.9446e0     -3.3280e0
   3 106      2.1250e0      1.6508e1    -9.8061e0     -3.3145e0
   3 107      2.2500e0      1.6633e1    -9.6715e0     -3.3049e0
   3 108      2.3750e0      1.6758e1    -9.5413e0     -3.2997e0
   3 109      2.5000e0      1.6883e1    -9.4156e0     -3.2990e0
   3 110      2.6250e0      1.7008e1    -9.2949e0     -3.3033e0
   3 111      2.7500e0      1.7133e1    -9.1796e0     -3.3130e0
   3 112      2.8750e0      1.7258e1    -9.0701e0     -3.3285e0
   3 113      3.0000e0      1.7383e1    -8.9668e0     -3.3502e0
   3 114      3.1250e0      1.7508e1    -8.8701e0     -3.3785e0
   3 115      3.2500e0      1.7633e1    -8.7804e0     -3.4138e0
   3 116      3.3750e0      1.7758e1    -8.6980e0     -3.4564e0
   3 117      3.5000e0      1.7883e1    -8.6234e0     -3.5068e0
   3 118      3.6250e0      1.8008e1    -8.5570e0     -3.5654e0
   3 119      3.7500e0      1.8133e1    -8.4992e0     -3.6326e0
   3 120      3.8750e0      1.8258e1    -8.4503e0     -3.7087e0
   3 121      4.0000e0      1.8383e1    -8.4108e0     -3.7942e0
   3 122      4.1250e0      1.8508e1    -8.3812e0     -3.8896e0
   3 123      4.2500e0      1.8633e1    -8.3621e0     -3.9955e0
   3 124      4.3750e0      1.8758e1    -8.3542e0     -4.1126e0
   3 125      4.5000e0      1.8883e1    -8.3584e0     -4.2418e0
   3 126      4.6250e0      1.9008e1    -8.3750e0     -4.3834e0
   3 127      4.7500e0      1.9133e1    -8.4034e0     -4.5368e0
   3 128      4.8750e0      1.9258e1    -8.4422e0     -4.7006e0
   3 129      5.0000e0      1.9383e1    -8.4891e0     -4.8725e0
   3 130      5.1250e0      1.9508e1    -8.5416e0     -5.0500e0
   3 131      5.2500e0      1.9633e1    -8.5977e0     -5.2311e0
   3 132      5.3750e0      1.9758e1    -8.6562e0     -5.4146e0
   3 133      5.5000e0      1.9883e1    -8.7163e0     -5.5997e0
   3 134      5.6250e0      2.0008e1    -8.7776e0     -5.7860e0
   3 135      5.7500e0      2.0133e1    -8.8395e0     -5.9729e0
   3 136      5.8750e0      2.0258e1    -8.9008e0     -6.1593e0
   3 137      6.0000e0      2.0383e1    -8.9604e0     -6.3438e0
   3 138      6.1250e0      2.0508e1    -9.0166e0     -6.5250e0
   3 139      6.2500e0      2.0633e1    -9.0677e0     -6.7011e0
   3 140      6.3750e0      2.0758e1    -9.1122e0     -6.8706e0
   3 141      6.5000e0      2.0883e1    -9.1493e0     -7.0327e0
   3 142      6.6250e0      2.1008e1    -9.1792e0     -7.1876e0
   3 143      6.7500e0      2.1133e1    -9.2032e0     -7.3366e0
   3 144      6.8750e0      2.1258e1    -9.2227e0     -7.4811e0
   3 145      7.0000e0      2.1383e1    -9.2394e0     -7.6228e0
   3 146      7.1250e0      2.1508e1    -9.2544e0     -7.7628e0
   3 147      7.2500e0      2.1633e1    -9.2686e0     -7.9020e0
   3 148      7.3750e0      2.1758e1    -9.2825e0     -8.0409e0
   3 149      7.5000e0      2.1883e1    -9.2965e0     -8.1799e0
   3 150      7.6250e0      2.2008e1    -9.3104e0     -8.3188e0
   3 151      7.7500e0      2.2133e1    -9.3245e0     -8.4579e0
   3 152      7.8750e0      2.2258e1    -9.3391e0     -8.5975e0
   3 153      8.0000e0      2.2383e1    -9.3544e0     -8.7378e0
   3 154      8.1250e0      2.2508e1    -9.3703e0     -8.8787e0
   3 155      8.2500e0      2.2633e1    -9.3866e0     -9.0200e0
   3 156      8.3750e0      2.2758e1    -9.4029e0     -9.1613e0
   3 157      8.5000e0      2.2883e1    -9.4188e0     -9.3023e0
   3 158      8.6250e0      2.3008e1    -9.4342e0     -9.4426e0
   3 159      8.7500e0      2.3133e1    -9.4493e0     -9.5827e0
   3 160      8.8750e0      2.3258e1    -9.4642e0     -9.7227e0
   3 161      9.0000e0      2.3383e1    -9.4791e0     -9.8625e0
   3 162      9.1250e0      2.3508e1    -9.4938e0     -1.0002e1
   3 163      9.2500e0      2.3633e1    -9.5086e0     -1.0142e1
   3 164      9.3750e0      2.3758e1    -9.5233e0     -1.0282e1
   3 165      9.5000e0      2.3883e1    -9.5381e0     -1.0421e1
   3 166      9.6250e0      2.4008e1    -9.5529e0     -1.0561e1
   3 167      9.7500e0      2.4133e1    -9.5680e0     -1.0701e1
   3 168      9.8750e0      2.4258e1    -9.5836e0     -1.0842e1
   3 169      1.0000e1      2.4383e1    -9.5999e0     -1.0983e1
   3 170      1.0125e1      2.4508e1    -9.6168e0     -1.1125e1
   3 171      1.0250e1      2.4633e1    -9.6339e0     -1.1267e1
   3 172      1.0375e1      2.4758e1    -9.6510e0     -1.1409e1
   3 173      1.0500e1      2.4883e1    -9.6674e0     -1.1551e1
   3 174      1.0625e1      2.5008e1    -9.6830e0     -1.1691e1
   3 175      1.0750e1      2.5133e1    -9.6981e0     -1.1831e1
   3 176      1.0875e1      2.5258e1    -9.7128e0     -1.1971e1
   3 177      1.1000e1      2.5383e1    -9.7273e0     -1.2111e1
   3 178      1.1125e1      2.5508e1    -9.7417e0     -1.2250e1
   3 179      1.1250e1      2.5633e1    -9.7563e0     -1.2390e1
   3 180      1.1375e1      2.5758e1    -9.7711e0     -1.2529e1
   3 181      1.1500e1      2.5883e1    -9.7860e0     -1.2669e1
   3 182      1.1625e1      2.6008e1    -9.8010e0     -1.2809e1
   3 183      1.1750e1      2.6133e1    -9.8163e0     -1.2950e1
   3 184      1.1875e1      2.6258e1    -9.8322e0     -1.3091e1
   3 185      1.2000e1      2.6383e1    -9.8487e0     -1.3232e1
   3 186      1.2125e1      2.6508e1    -9.8658e0     -1.3374e1
   3 187      1.2250e1      2.6633e1    -9.8832e0     -1.3517e1
   3 188      1.2375e1      2.6758e1    -9.9007e0     -1.3659e1
   3 189      1.2500e1      2.6883e1    -9.9179e0     -1.3801e1
   3 190      1.2625e1      2.7008e1    -9.9346e0     -1.3943e1
   3 191      1.2750e1      2.7133e1    -9.9513e0     -1.4085e1
   3 192      1.2875e1      2.7258e1    -9.9682e0     -1.4227e1
   3 193      1.3000e1      2.7383e1    -9.9857e0     -1.4369e1
   3 194      1.3125e1      2.7508e1    -1.0004e1     -1.4512e1
   3 195      1.3250e1      2.7633e1    -1.0022e1     -1.4655e1
   3 196      1.3375e1      2.7758e1    -1.0040e1     -1.4799e1
   3 197      1.3500e1      2.7883e1    -1.0059e1     -1.4942e1
   3 198      1.3625e1      2.8008e1    -1.0077e1     -1.5085e1
   3 199      1.3750e1      2.8133e1    -1.0095e1     -1.5229e1
   3 200      1.3875e1      2.8258e1    -1.0116e1     -1.5374e1
   3 201      1.4000e1      2.8383e1    -1.0138e1     -1.5522e1
   3 202      1.4125e1      2.8508e1    -1.0164e1     -1.5673e1
   3 203      1.4250e1      2.8633e1    -1.0193e1     -1.5826e1
   3 204      1.4375e1      2.8758e1    -1.0224e1     -1.5983e1
   3 205      1.4500e1      2.8883e1    -1.0257e1     -1.6141e1
   3 206      1.4625e1      2.9008e1    -1.0292e1     -1.6301e1
   3 207      1.4750e1      2.9133e1    -1.0329e1     -1.6462e1
   3 208      1.4875e1      2.9258e1    -1.0368e1     -1.6626e1
   3 209      1.5000e1      2.9383e1    -1.0410e1     -1.6794e1
            log10(eV)     log10(Hz)    log10(nuFnu)  log10(Jy)

i_tm =   4;  t_obs =      2.015e1
   4   1     -1.1000e1      3.3834e0    -2.7057e1     -7.4402e0
   4   2     -1.0875e1      3.5084e0    -2.6890e1     -7.3985e0
   4   3     -1.0750e1      3.6334e0    -2.6723e1     -7.3568e0
   4   4     -1.0625e1      3.7584e0    -2.6557e1     -7.3152e0
   4   5     -1.0500e1      3.8834e0    -2.6390e1     -7.2735e0
   4   6     -1.0375e1      4.0084e0    -2.6223e1     -7.2318e0
   4   7     -1.0250e1      4.1334e0    -2.6057e1     -7.1902e0
   4   8     -1.0125e1      4.2584e0    -2.5890e1     -7.1485e0
   4   9     -1.0000e1      4.3834e0    -2.5723e1     -7.1068e0
   4  10     -9.8750e0      4.5084e0    -2.5557e1     -7.0652e0
   4  11     -9.7500e0      4.6334e0    -2.5390e1     -7.0235e0
   4  12     -9.6250e0      4.7584e0    -2.5223e1     -6.9818e0
   4  13     -9.5000e0      4.8834e0    -2.5057e1     -6.9402e0
   4  14     -9.3750e0      5.0084e0    -2.4890e1     -6.8985e0
   4  15     -9.2500e0      5.1334e0    -2.4723e1     -6.8568e0
   4  16     -9.1250e0      5.2584e0    -2.4557e1     -6.8152e0
   4  17     -9.0000e0      5.3834e0    -2.4390e1     -6.7735e0
   4  18     -8.8750e0      5.5084e0    -2.4223e1     -6.7318e0
   4  19     -8.7500e0      5.6334e0    -2.4057e1     -6.6902e0
   4  20     -8.6250e0      5.7584e0    -2.3890e1     -6.6485e0
   4  21     -8.5000e0      5.8834e0    -2.3723e1     -6.6068e0
   4  22     -8.3750e0      6.0084e0    -2.3557e1     -6.5652e0
   4  23     -8.2500e0      6.1334e0    -2.3390e1     -6.5235e0
   4  24     -8.1250e0      6.2584e0    -2.3223e1     -6.4818e0
   4  25     -8.0000e0      6.3834e0    -2.3057e1     -6.4402e0
   4  26     -7.8750e0      6.5084e0    -2.2890e1     -6.3985e0
   4  27     -7.7500e0      6.6334e0    -2.2723e1     -6.3568e0
   4  28     -7.6250e0      6.7584e0    -2.2557e1     -6.3152e0
   4  29     -7.5000e0      6.8834e0    -2.2390e1     -6.2735e0
   4  30     -7.3750e0      7.0084e0    -2.2223e1     -6.2318e0
   4  31     -7.2500e0      7.1334e0    -2.2057e1     -6.1902e0
   4  32     -7.1250e0      7.2584e0    -2.1890e1     -6.1485e0
   4  33     -7.0000e0      7.3834e0    -2.1723e1     -6.1068e0
   4  34     -6.8750e0      7.5084e0    -2.1557e1     -6.0652e0
   4  35     -6.7500e0      7.6334e0    -2.1390e1     -6.0235e0
   4  36     -6.6250e0      7.7584e0    -2.1223e1     -5.9818e0
   4  37     -6.5000e0      7.8834e0    -2.1057e1     -5.9402e0
   4  38     -6.3750e0      8.0084e0    -2.0890e1     -5.8985e0
   4  39     -6.2500e0      8.1334e0    -2.0723e1     -5.8569e0
   4  40     -6.1250e0      8.2584e0    -2.0557e1     -5.8152e0
   4  41     -6.0000e0      8.3834e0    -2.0390e1     -5.7735e0
   4  42     -5.8750e0      8.5084e0    -2.0223e1     -5.7319e0
   4  43     -5.7500e0      8.6334e0    -2.0057e1     -5.6902e0
   4  44     -5.6250e0      8.7584e0    -1.9890e1     -5.6485e0
   4  45     -5.5000e0      8.8834e0    -1.9723e1     -5.6069e0
   4  46     -5.3750e0      9.0084e0    -1.9557e1     -5.5652e0
   4  47     -5.2500e0      9.1334e0    -1.9390e1     -5.5236e0
   4  48     -5.1250e0      9.2584e0    -1.9224e1     -5.4819e0
   4  49     -5.0000e0      9.3834e0    -1.9057e1     -5.4403e0
   4  50     -4.8750e0      9.5084e0    -1.8890e1     -5.3987e0
   4  51     -4.7500e0      9.6334e0    -1.8724e1     -5.3570e0
   4  52     -4.6250e0      9.7584e0    -1.8557e1     -5.3154e0
   4  53     -4.5000e0      9.8834e0    -1.8390e1     -5.2738e0
   4  54     -4.3750e0      1.0008e1    -1.8224e1     -5.2322e0
   4  55     -4.2500e0      1.0133e1    -1.8057e1     -5.1906e0
   4  56     -4.1250e0      1.0258e1    -1.7891e1     -5.1490e0
   4  57     -4.0000e0      1.0383e1    -1.7724e1     -5.1075e0
   4  58     -3.8750e0      1.0508e1    -1.7558e1     -5.0659e0
   4  59     -3.7500e0      1.0633e1    -1.7391e1     -5.0244e0
   4  60     -3.6250e0      1.0758e1    -1.7224e1     -4.9829e0
   4  61     -3.5000e0      1.0883e1    -1.7058e1     -4.9413e0
   4  62     -3.3750e0      1.1008e1    -1.6891e1     -4.8999e0
   4  63     -3.2500e0      1.1133e1    -1.6725e1     -4.8585e0
   4  64     -3.1250e0      1.1258e1    -1.6559e1     -4.8171e0
   4  65     -3.0000e0      1.1383e1    -1.6392e1     -4.7757e0
   4  66     -2.8750e0      1.1508e1    -1.6226e1     -4.7343e0
   4  67     -2.7500e0      1.1633e1    -1.6059e1     -4.6928e0
   4  68     -2.6250e0      1.1758e1    -1.5893e1     -4.6515e0
   4  69     -2.5000e0      1.1883e1    -1.5727e1     -4.6100e0
   4  70     -2.3750e0      1.2008e1    -1.5560e1     -4.5687e0
   4  71     -2.2500e0      1.2133e1    -1.5394e1     -4.5273e0
   4  72     -2.1250e0      1.2258e1    -1.5228e1     -4.4859e0
   4  73     -2.0000e0      1.2383e1    -1.5061e1     -4.4447e0
   4  74     -1.8750e0      1.2508e1    -1.4895e1     -4.4033e0
   4  75     -1.7500e0      1.2633e1    -1.4729e1     -4.3620e0
   4  76     -1.6250e0      1.2758e1    -1.4562e1     -4.3207e0
   4  77     -1.5000e0      1.2883e1    -1.4396e1     -4.2795e0
   4  78     -1.3750e0      1.3008e1    -1.4230e1     -4.2384e0
   4  79     -1.2500e0      1.3133e1    -1.4064e1     -4.1973e0
   4  80     -1.1250e0      1.3258e1    -1.3898e1     -4.1563e0
   4  81     -1.0000e0      1.3383e1    -1.3732e1     -4.1156e0
   4  82    -8.7501e-1      1.3508e1    -1.3566e1     -4.0748e0
   4  83    -7.5001e-1      1.3633e1    -1.3401e1     -4.0341e0
   4  84    -6.2501e-1      1.3758e1    -1.3235e1     -3.9937e0
   4  85    -5.0001e-1      1.3883e1    -1.3070e1     -3.9535e0
   4  86    -3.7501e-1      1.4008e1    -1.2905e1     -3.9136e0
   4  87    -2.5001e-1      1.4133e1    -1.2740e1     -3.8739e0
   4  88    -1.2501e-1      1.4258e1    -1.2576e1     -3.8345e0
   4  89    -1.3724e-5      1.4383e1    -1.2412e1     -3.7957e0
   4  90     1.2499e-1      1.4508e1    -1.2249e1     -3.7571e0
   4  91     2.4999e-1      1.4633e1    -1.2086e1     -3.7192e0
   4  92     3.7499e-1      1.4758e1    -1.1924e1     -3.6819e0
   4  93     4.9999e-1      1.4883e1    -1.1762e1     -3.6452e0
   4  94     6.2499e-1      1.5008e1    -1.1601e1     -3.6095e0
   4  95     7.4999e-1      1.5133e1    -1.1441e1     -3.5745e0
   4  96     8.7499e-1      1.5258e1    -1.1282e1     -3.5408e0
   4  97     9.9999e-1      1.5383e1    -1.1125e1     -3.5082e0
   4  98      1.1250e0      1.5508e1    -1.0969e1     -3.4770e0
   4  99      1.2500e0      1.5633e1    -1.0814e1     -3.4473e0
   4 100      1.3750e0      1.5758e1    -1.0661e1     -3.4192e0
   4 101      1.5000e0      1.5883e1    -1.0510e1     -3.3931e0
   4 102      1.6250e0      1.6008e1    -1.0361e1     -3.3693e0
   4 103      1.7500e0      1.6133e1    -1.0215e1     -3.3481e0
   4 104      1.8750e0      1.6258e1    -1.0071e1     -3.3298e0
   4 105      2.0000e0      1.6383e1    -9.9317e0     -3.3151e0
   4 106      2.1250e0      1.6508e1    -9.7957e0     -3.3041e0
   4 107      2.2500e0      1.6633e1    -9.6640e0     -3.2974e0
   4 108      2.3750e0      1.6758e1    -9.5369e0     -3.2953e0
   4 109      2.5000e0      1.6883e1    -9.4148e0     -3.2982e0
   4 110      2.6250e0      1.7008e1    -9.2981e0     -3.3065e0
   4 111      2.7500e0      1.7133e1    -9.1872e0     -3.3206e0
   4 112      2.8750e0      1.7258e1    -9.0826e0     -3.3410e0
   4 113      3.0000e0      1.7383e1    -8.9846e0     -3.3680e0
   4 114      3.1250e0      1.7508e1    -8.8937e0     -3.4022e0
   4 115      3.2500e0      1.7633e1    -8.8104e0     -3.4438e0
   4 116      3.3750e0      1.7758e1    -8.7349e0     -3.4933e0
   4 117      3.5000e0      1.7883e1    -8.6677e0     -3.5511e0
   4 118      3.6250e0      1.8008e1    -8.6093e0     -3.6177e0
   4 119      3.7500e0      1.8133e1    -8.5601e0     -3.6935e0
   4 120      3.8750e0      1.8258e1    -8.5204e0     -3.7788e0
   4 121      4.0000e0      1.8383e1    -8.4907e0     -3.8741e0
   4 122      4.1250e0      1.8508e1    -8.4716e0     -3.9800e0
   4 123      4.2500e0      1.8633e1    -8.4636e0     -4.0971e0
   4 124      4.3750e0      1.8758e1    -8.4676e0     -4.2260e0
   4 125      4.5000e0      1.8883e1    -8.4841e0     -4.3675e0
   4 126      4.6250e0      1.9008e1    -8.5126e0     -4.5210e0
   4 127      4.7500e0      1.9133e1    -8.5519e0     -4.6854e0
   4 128      4.8750e0      1.9258e1    -8.6001e0     -4.8586e0
   4 129      5.0000e0      1.9383e1    -8.6545e0     -5.0379e0
   4 130      5.1250e0      1.9508e1    -8.7124e0     -5.2208e0
   4 131      5.2500e0      1.9633e1    -8.7723e0     -5.4058e0
   4 132      5.3750e0      1.9758e1    -8.8334e0     -5.5918e0
   4 133      5.5000e0      1.9883e1    -8.8951e0     -5.7785e0
   4 134      5.6250e0      2.0008e1    -8.9568e0     -5.9652e0
   4 135      5.7500e0      2.0133e1    -9.0177e0     -6.1511e0
   4 136      5.8750e0      2.0258e1    -9.0763e0     -6.3347e0
   4 137      6.0000e0      2.0383e1    -9.1312e0     -6.5146e0
   4 138      6.1250e0      2.0508e1    -9.1807e0     -6.6891e0
   4 139      6.2500e0      2.0633e1    -9.2235e0     -6.8569e0
   4 140      6.3750e0      2.0758e1    -9.2589e0     -7.0174e0
   4 141      6.5000e0      2.0883e1    -9.2875e0     -7.1709e0
   4 142      6.6250e0      2.1008e1    -9.3103e0     -7.3187e0
   4 143      6.7500e0      2.1133e1    -9.3290e0     -7.4624e0
   4 144      6.8750e0      2.1258e1    -9.3450e0     -7.6034e0
   4 145      7.0000e0      2.1383e1    -9.3594e0     -7.7429e0
   4 146      7.1250e0      2.1508e1    -9.3731e0     -7.8816e0
   4 147      7.2500e0      2.1633e1    -9.3866e0     -8.0200e0
   4 148      7.3750e0      2.1758e1    -9.4001e0     -8.1585e0
   4 149      7.5000e0      2.1883e1    -9.4135e0     -8.2969e0
   4 150      7.6250e0      2.2008e1    -9.4270e0     -8.4354e0
   4 151      7.7500e0      2.2133e1    -9.4407e0     -8.5741e0
   4 152      7.8750e0      2.2258e1    -9.4548e0     -8.7132e0
   4 153      8.0000e0      2.2383e1    -9.4697e0     -8.8531e0
   4 154      8.1250e0      2.2508e1    -9.4854e0     -8.9938e0
   4 155      8.2500e0      2.2633e1    -9.5012e0     -9.1346e0
   4 156      8.3750e0      2.2758e1    -9.5170e0     -9.2754e0
   4 157      8.5000e0      2.2883e1    -9.5323e0     -9.4157e0
   4 158      8.6250e0      2.3008e1    -9.5473e0     -9.5557e0
   4 159      8.7500e0      2.3133e1    -9.5620e0     -9.6954e0
   4 160      8.8750e0      2.3258e1    -9.5765e0     -9.8349e0
   4 161      9.0000e0      2.3383e1    -9.5908e0     -9.9742e0
   4 162      9.1250e0      2.3508e1    -9.6049e0     -1.0113e1
   4 163      9.2500e0      2.3633e1    -9.6189e0     -1.0252e1
   4 164      9.3750e0      2.3758e1    -9.6328e0     -1.0391e1
   4 165      9.5000e0      2.3883e1    -9.6468e0     -1.0530e1
   4 166      9.6250e0      2.4008e1    -9.6609e0     -1.0669e1
   4 167      9.7500e0      2.4133e1    -9.6754e0     -1.0809e1
   4 168      9.8750e0      2.4258e1    -9.6907e0     -1.0949e1
   4 169      1.0000e1      2.4383e1    -9.7069e0     -1.1090e1
   4 170      1.0125e1      2.4508e1    -9.7237e0     -1.1232e1
   4 171      1.0250e1      2.4633e1    -9.7406e0     -1.1374e1
   4 172      1.0375e1      2.4758e1    -9.7572e0     -1.1516e1
   4 173      1.0500e1      2.4883e1    -9.7730e0     -1.1656e1
   4 174      1.0625e1      2.5008e1    -9.7882e0     -1.1797e1
   4 175      1.0750e1      2.5133e1    -9.8029e0     -1.1936e1
   4 176      1.0875e1      2.5258e1    -9.8173e0     -1.2076e1
   4 177      1.1000e1      2.5383e1    -9.8317e0     -1.2215e1
   4 178      1.1125e1      2.5508e1    -9.8460e0     -1.2354e1
   4 179      1.1250e1      2.5633e1    -9.8605e0     -1.2494e1
   4 180      1.1375e1      2.5758e1    -9.8751e0     -1.2634e1
   4 181      1.1500e1      2.5883e1    -9.8900e0     -1.2773e1
   4 182      1.1625e1      2.6008e1    -9.9050e0     -1.2913e1
   4 183      1.1750e1      2.6133e1    -9.9205e0     -1.3054e1
   4 184      1.1875e1      2.6258e1    -9.9365e0     -1.3195e1
   4 185      1.2000e1      2.6383e1    -9.9533e0     -1.3337e1
   4 186      1.2125e1      2.6508e1    -9.9708e0     -1.3479e1
   4 187      1.2250e1      2.6633e1    -9.9883e0     -1.3622e1
   4 188      1.2375e1      2.6758e1    -1.0006e1     -1.3764e1
   4 189      1.2500e1      2.6883e1    -1.0022e1     -1.3906e1
   4 190      1.2625e1      2.7008e1    -1.0039e1     -1.4047e1
   4 191      1.2750e1      2.7133e1    -1.0055e1     -1.4189e1
   4 192      1.2875e1      2.7258e1    -1.0072e1     -1.4330e1
   4 193      1.3000e1      2.7383e1    -1.0089e1     -1.4473e1
   4 194      1.3125e1      2.7508e1    -1.0107e1     -1.4615e1
   4 195      1.3250e1      2.7633e1    -1.0125e1     -1.4758e1
   4 196      1.3375e1      2.7758e1    -1.0143e1     -1.4901e1
   4 197      1.3500e1      2.7883e1    -1.0161e1     -1.5044e1
   4 198      1.3625e1      2.8008e1    -1.0179e1     -1.5187e1
   4 199      1.3750e1      2.8133e1    -1.0198e1     -1.5332e1
   4 200      1.3875e1      2.8258e1    -1.0220e1     -1.5478e1
   4 201      1.4000e1      2.8383e1    -1.0244e1     -1.5627e1
   4 202      1.4125e1      2.8508e1    -1.0271e1     -1.5780e1
   4 203      1.4250e1      2.8633e1    -1.0301e1     -1.5935e1
   4 204      1.4375e1      2.8758e1    -1.0333e1     -1.6092e1
   4 205      1.4500e1      2.8883e1    -1.0367e1     -1.6250e1
   4 206      1.4625e1      2.9008e1    -1.0402e1     -1.6411e1
   4 207      1.4750e1      2.9133e1    -1.0440e1     -1.6573e1
   4 208      1.4875e1      2.9258e1    -1.0479e1     -1.6738e1
   4 209      1.5000e1      2.9383e1    -1.0522e1     -1.6905e1
            log10(eV)     log10(Hz)    log10(nuFnu)  log10(Jy)

i_tm =   5;  t_obs =      2.546e1
   5   1     -1.1000e1      3.3834e0    -2.7028e1     -7.4112e0
   5   2     -1.0875e1      3.5084e0    -2.6861e1     -7.3695e0
   5   3     -1.0750e1      3.6334e0    -2.6694e1     -7.3278e0
   5   4     -1.0625e1      3.7584e0    -2.6528e1     -7.2862e0
   5   5     -1.0500e1      3.8834e0    -2.6361e1     -7.2445e0
   5   6     -1.0375e1      4.0084e0    -2.6194e1     -7.2028e0
   5   7     -1.0250e1      4.1334e0    -2.6028e1     -7.1612e0
   5   8     -1.0125e1      4.2584e0    -2.5861e1     -7.1195e0
   5   9     -1.0000e1      4.3834e0    -2.5694e1     -7.0778e0
   5  10     -9.8750e0      4.5084e0    -2.5528e1     -7.0362e0
   5  11     -9.7500e0      4.6334e0    -2.5361e1     -6.9945e0
   5  12     -9.6250e0      4.7584e0    -2.5194e1     -6.9528e0
   5  13     -9.5000e0      4.8834e0    -2.5028e1     -6.9112e0
   5  14     -9.3750e0      5.0084e0    -2.4861e1     -6.8695e0
   5  15     -9.2500e0      5.1334e0    -2.4694e1     -6.8278e0
   5  16     -9.1250e0      5.2584e0    -2.4528e1     -6.7862e0
   5  17     -9.0000e0      5.3834e0    -2.4361e1     -6.7445e0
   5  18     -8.8750e0      5.5084e0    -2.4194e1     -6.7028e0
   5  19     -8.7500e0      5.6334e0    -2.4028e1     -6.6612e0
   5  20     -8.6250e0      5.7584e0    -2.3861e1     -6.6195e0
   5  21     -8.5000e0      5.8834e0    -2.3694e1     -6.5778e0
   5  22     -8.3750e0      6.0084e0    -2.3528e1     -6.5362e0
   5  23     -8.2500e0      6.1334e0    -2.3361e1     -6.4945e0
   5  24     -8.1250e0      6.2584e0    -2.3194e1     -6.4528e0
   5  25     -8.0000e0      6.3834e0    -2.3028e1     -6.4112e0
   5  26     -7.8750e0      6.5084e0    -2.2861e1     -6.3695e0
   5  27     -7.7500e0      6.6334e0    -2.2694e1     -6.3278e0
   5  28     -7.6250e0      6.7584e0    -2.2528e1     -6.2862e0
   5  29     -7.5000e0      6.8834e0    -2.2361e1     -6.2445e0
   5  30     -7.3750e0      7.0084e0    -2.2194e1     -6.2029e0
   5  31     -7.2500e0      7.1334e0    -2.2028e1     -6.1612e0
   5  32     -7.1250e0      7.2584e0    -2.1861e1     -6.1195e0
   5  33     -7.0000e0      7.3834e0    -2.1694e1     -6.0779e0
   5  34     -6.8750e0      7.5084e0    -2.1528e1     -6.0362e0
   5  35     -6.7500e0      7.6334e0    -2.1361e1     -5.9945e0
   5  36     -6.6250e0      7.7584e0    -2.1194e1     -5.9529e0
   5  37     -6.5000e0      7.8834e0    -2.1028e1     -5.9112e0
   5  38     -6.3750e0      8.0084e0    -2.0861e1     -5.8695e0
   5  39     -6.2500e0      8.1334e0    -2.0694e1     -5.8279e0
   5  40     -6.1250e0      8.2584e0    -2.0528e1     -5.7862e0
   5  41     -6.0000e0      8.3834e0    -2.0361e1     -5.7445e0
   5  42     -5.8750e0      8.5084e0    -2.0194e1     -5.7029e0
   5  43     -5.7500e0      8.6334e0    -2.0028e1     -5.6612e0
   5  44     -5.6250e0      8.7584e0    -1.9861e1     -5.6196e0
   5  45     -5.5000e0      8.8834e0    -1.9694e1     -5.5779e0
   5  46     -5.3750e0      9.0084e0    -1.9528e1     -5.5362e0
   5  47     -5.2500e0      9.1334e0    -1.9361e1     -5.4946e0
   5  48     -5.1250e0      9.2584e0    -1.9195e1     -5.4530e0
   5  49     -5.0000e0      9.3834e0    -1.9028e1     -5.4114e0
   5  50     -4.8750e0      9.5084e0    -1.8861e1     -5.3697e0
   5  51     -4.7500e0      9.6334e0    -1.8695e1     -5.3281e0
   5  52     -4.6250e0      9.7584e0    -1.8528e1     -5.2864e0
   5  53     -4.5000e0      9.8834e0    -1.8361e1     -5.2448e0
   5  54     -4.3750e0      1.0008e1    -1.8195e1     -5.2032e0
   5  55     -4.2500e0      1.0133e1    -1.8028e1     -5.1616e0
   5  56     -4.1250e0      1.0258e1    -1.7862e1     -5.1200e0
   5  57     -4.0000e0      1.0383e1    -1.7695e1     -5.0785e0
   5  58     -3.8750e0      1.0508e1    -1.7529e1     -5.0370e0
   5  59     -3.7500e0      1.0633e1    -1.7362e1     -4.9955e0
   5  60     -3.6250e0      1.0758e1    -1.7196e1     -4.9539e0
   5  61     -3.5000e0      1.0883e1    -1.7029e1     -4.9125e0
   5  62     -3.3750e0      1.1008e1    -1.6863e1     -4.8710e0
   5  63     -3.2500e0      1.1133e1    -1.6696e1     -4.8296e0
   5  64     -3.1250e0      1.1258e1    -1.6530e1     -4.7882e0
   5  65     -3.0000e0      1.1383e1    -1.6363e1     -4.7469e0
   5  66     -2.8750e0      1.1508e1    -1.6197e1     -4.7054e0
   5  67     -2.7500e0      1.1633e1    -1.6031e1     -4.6641e0
   5  68     -2.6250e0      1.1758e1    -1.5864e1     -4.6226e0
   5  69     -2.5000e0      1.1883e1    -1.5698e1     -4.5812e0
   5  70     -2.3750e0      1.2008e1    -1.5531e1     -4.5399e0
   5  71     -2.2500e0      1.2133e1    -1.5365e1     -4.4984e0
   5  72     -2.1250e0      1.2258e1    -1.5199e1     -4.4571e0
   5  73     -2.0000e0      1.2383e1    -1.5032e1     -4.4158e0
   5  74     -1.8750e0      1.2508e1    -1.4866e1     -4.3744e0
   5  75     -1.7500e0      1.2633e1    -1.4700e1     -4.3332e0
   5  76     -1.6250e0      1.2758e1    -1.4533e1     -4.2918e0
   5  77     -1.5000e0      1.2883e1    -1.4367e1     -4.2507e0
   5  78     -1.3750e0      1.3008e1    -1.4201e1     -4.2096e0
   5  79     -1.2500e0      1.3133e1    -1.4035e1     -4.1685e0
   5  80     -1.1250e0      1.3258e1    -1.3869e1     -4.1276e0
   5  81     -1.0000e0      1.3383e1    -1.3703e1     -4.0868e0
   5  82    -8.7501e-1      1.3508e1    -1.3538e1     -4.0461e0
   5  83    -7.5001e-1      1.3633e1    -1.3372e1     -4.0056e0
   5  84    -6.2501e-1      1.3758e1    -1.3207e1     -3.9652e0
   5  85    -5.0001e-1      1.3883e1    -1.3042e1     -3.9251e0
   5  86    -3.7501e-1      1.4008e1    -1.2877e1     -3.8853e0
   5  87    -2.5001e-1      1.4133e1    -1.2712e1     -3.8457e0
   5  88    -1.2501e-1      1.4258e1    -1.2548e1     -3.8067e0
   5  89    -1.3724e-5      1.4383e1    -1.2385e1     -3.7680e0
   5  90     1.2499e-1      1.4508e1    -1.2221e1     -3.7297e0
   5  91     2.4999e-1      1.4633e1    -1.2059e1     -3.6921e0
   5  92     3.7499e-1      1.4758e1    -1.1897e1     -3.6550e0
   5  93     4.9999e-1      1.4883e1    -1.1735e1     -3.6188e0
   5  94     6.2499e-1      1.5008e1    -1.1575e1     -3.5835e0
   5  95     7.4999e-1      1.5133e1    -1.1416e1     -3.5492e0
   5  96     8.7499e-1      1.5258e1    -1.1258e1     -3.5161e0
   5  97     9.9999e-1      1.5383e1    -1.1101e1     -3.4842e0
   5  98      1.1250e0      1.5508e1    -1.0945e1     -3.4538e0
   5  99      1.2500e0      1.5633e1    -1.0792e1     -3.4251e0
   5 100      1.3750e0      1.5758e1    -1.0640e1     -3.3982e0
   5 101      1.5000e0      1.5883e1    -1.0490e1     -3.3735e0
   5 102      1.6250e0      1.6008e1    -1.0343e1     -3.3513e0
   5 103      1.7500e0      1.6133e1    -1.0199e1     -3.3319e0
   5 104      1.8750e0      1.6258e1    -1.0058e1     -3.3159e0
   5 105      2.0000e0      1.6383e1    -9.9203e0     -3.3037e0
   5 106      2.1250e0      1.6508e1    -9.7873e0     -3.2957e0
   5 107      2.2500e0      1.6633e1    -9.6588e0     -3.2922e0
   5 108      2.3750e0      1.6758e1    -9.5354e0     -3.2938e0
   5 109      2.5000e0      1.6883e1    -9.4173e0     -3.3007e0
   5 110      2.6250e0      1.7008e1    -9.3051e0     -3.3135e0
   5 111      2.7500e0      1.7133e1    -9.1991e0     -3.3325e0
   5 112      2.8750e0      1.7258e1    -9.0999e0     -3.3584e0
   5 113      3.0000e0      1.7383e1    -9.0080e0     -3.3914e0
   5 114      3.1250e0      1.7508e1    -8.9236e0     -3.4320e0
   5 115      3.2500e0      1.7633e1    -8.8472e0     -3.4806e0
   5 116      3.3750e0      1.7758e1    -8.7794e0     -3.5378e0
   5 117      3.5000e0      1.7883e1    -8.7204e0     -3.6038e0
   5 118      3.6250e0      1.8008e1    -8.6708e0     -3.6792e0
   5 119      3.7500e0      1.8133e1    -8.6309e0     -3.7643e0
   5 120      3.8750e0      1.8258e1    -8.6011e0     -3.8595e0
   5 121      4.0000e0      1.8383e1    -8.5819e0     -3.9653e0
   5 122      4.1250e0      1.8508e1    -8.5738e0     -4.0822e0
   5 123      4.2500e0      1.8633e1    -8.5775e0     -4.2109e0
   5 124      4.3750e0      1.8758e1    -8.5933e0     -4.3518e0
   5 125      4.5000e0      1.8883e1    -8.6213e0     -4.5047e0
   5 126      4.6250e0      1.9008e1    -8.6604e0     -4.6688e0
   5 127      4.7500e0      1.9133e1    -8.7088e0     -4.8422e0
   5 128      4.8750e0      1.9258e1    -8.7640e0     -5.0224e0
   5 129      5.0000e0      1.9383e1    -8.8230e0     -5.2064e0
   5 130      5.1250e0      1.9508e1    -8.8840e0     -5.3924e0
   5 131      5.2500e0      1.9633e1    -8.9461e0     -5.5795e0
   5 132      5.3750e0      1.9758e1    -9.0086e0     -5.7670e0
   5 133      5.5000e0      1.9883e1    -9.0709e0     -5.9543e0
   5 134      5.6250e0      2.0008e1    -9.1321e0     -6.1405e0
   5 135      5.7500e0      2.0133e1    -9.1907e0     -6.3241e0
   5 136      5.8750e0      2.0258e1    -9.2451e0     -6.5035e0
   5 137      6.0000e0      2.0383e1    -9.2937e0     -6.6771e0
   5 138      6.1250e0      2.0508e1    -9.3351e0     -6.8435e0
   5 139      6.2500e0      2.0633e1    -9.3692e0     -7.0026e0
   5 140      6.3750e0      2.0758e1    -9.3964e0     -7.1548e0
   5 141      6.5000e0      2.0883e1    -9.4182e0     -7.3016e0
   5 142      6.6250e0      2.1008e1    -9.4361e0     -7.4445e0
   5 143      6.7500e0      2.1133e1    -9.4516e0     -7.5850e0
   5 144      6.8750e0      2.1258e1    -9.4656e0     -7.7240e0
   5 145      7.0000e0      2.1383e1    -9.4790e0     -7.8624e0
   5 146      7.1250e0      2.1508e1    -9.4920e0     -8.0005e0
   5 147      7.2500e0      2.1633e1    -9.5053e0     -8.1387e0
   5 148      7.3750e0      2.1758e1    -9.5186e0     -8.2770e0
   5 149      7.5000e0      2.1883e1    -9.5321e0     -8.4155e0
   5 150      7.6250e0      2.2008e1    -9.5456e0     -8.5540e0
   5 151      7.7500e0      2.2133e1    -9.5595e0     -8.6929e0
   5 152      7.8750e0      2.2258e1    -9.5739e0     -8.8323e0
   5 153      8.0000e0      2.2383e1    -9.5890e0     -8.9724e0
   5 154      8.1250e0      2.2508e1    -9.6045e0     -9.1129e0
   5 155      8.2500e0      2.2633e1    -9.6201e0     -9.2535e0
   5 156      8.3750e0      2.2758e1    -9.6357e0     -9.3941e0
   5 157      8.5000e0      2.2883e1    -9.6507e0     -9.5341e0
   5 158      8.6250e0      2.3008e1    -9.6655e0     -9.6739e0
   5 159      8.7500e0      2.3133e1    -9.6800e0     -9.8134e0
   5 160      8.8750e0      2.3258e1    -9.6945e0     -9.9529e0
   5 161      9.0000e0      2.3383e1    -9.7088e0     -1.0092e1
   5 162      9.1250e0      2.3508e1    -9.7231e0     -1.0232e1
   5 163      9.2500e0      2.3633e1    -9.7375e0     -1.0371e1
   5 164      9.3750e0      2.3758e1    -9.7518e0     -1.0510e1
   5 165      9.5000e0      2.3883e1    -9.7662e0     -1.0650e1
   5 166      9.6250e0      2.4008e1    -9.7807e0     -1.0789e1
   5 167      9.7500e0      2.4133e1    -9.7957e0     -1.0929e1
   5 168      9.8750e0      2.4258e1    -9.8114e0     -1.1070e1
   5 169      1.0000e1      2.4383e1    -9.8278e0     -1.1211e1
   5 170      1.0125e1      2.4508e1    -9.8445e0     -1.1353e1
   5 171      1.0250e1      2.4633e1    -9.8613e0     -1.1495e1
   5 172      1.0375e1      2.4758e1    -9.8776e0     -1.1636e1
   5 173      1.0500e1      2.4883e1    -9.8931e0     -1.1776e1
   5 174      1.0625e1      2.5008e1    -9.9080e0     -1.1916e1
   5 175      1.0750e1      2.5133e1    -9.9224e0     -1.2056e1
   5 176      1.0875e1      2.5258e1    -9.9368e0     -1.2195e1
   5 177      1.1000e1      2.5383e1    -9.9511e0     -1.2335e1
   5 178      1.1125e1      2.5508e1    -9.9655e0     -1.2474e1
   5 179      1.1250e1      2.5633e1    -9.9801e0     -1.2614e1
   5 180      1.1375e1      2.5758e1    -9.9949e0     -1.2753e1
   5 181      1.1500e1      2.5883e1    -1.0010e1     -1.2893e1
   5 182      1.1625e1      2.6008e1    -1.0025e1     -1.3033e1
   5 183      1.1750e1      2.6133e1    -1.0041e1     -1.3174e1
   5 184      1.1875e1      2.6258e1    -1.0057e1     -1.3315e1
   5 185      1.2000e1      2.6383e1    -1.0074e1     -1.3457e1
   5 186      1.2125e1      2.6508e1    -1.0091e1     -1.3599e1
   5 187      1.2250e1      2.6633e1    -1.0108e1     -1.3742e1
   5 188      1.2375e1      2.6758e1    -1.0125e1     -1.3884e1
   5 189      1.2500e1      2.6883e1    -1.0142e1     -1.4025e1
   5 190      1.2625e1      2.7008e1    -1.0158e1     -1.4167e1
   5 191      1.2750e1      2.7133e1    -1.0175e1     -1.4309e1
   5 192      1.2875e1      2.7258e1    -1.0193e1     -1.4451e1
   5 193      1.3000e1      2.7383e1    -1.0211e1     -1.4594e1
   5 194      1.3125e1      2.7508e1    -1.0229e1     -1.4737e1
   5 195      1.3250e1      2.7633e1    -1.0247e1     -1.4881e1
   5 196      1.3375e1      2.7758e1    -1.0266e1     -1.5024e1
   5 197      1.3500e1      2.7883e1    -1.0284e1     -1.5168e1
   5 198      1.3625e1      2.8008e1    -1.0303e1     -1.5311e1
   5 199      1.3750e1      2.8133e1    -1.0323e1     -1.5456e1
   5 200      1.3875e1      2.8258e1    -1.0345e1     -1.5603e1
   5 201      1.4000e1      2.8383e1    -1.0370e1     -1.5753e1
   5 202      1.4125e1      2.8508e1    -1.0398e1     -1.5906e1
   5 203      1.4250e1      2.8633e1    -1.0429e1     -1.6062e1
   5 204      1.4375e1      2.8758e1    -1.0462e1     -1.6220e1
   5 205      1.4500e1      2.8883e1    -1.0496e1     -1.6380e1
   5 206      1.4625e1      2.9008e1    -1.0533e1     -1.6542e1
   5 207      1.4750e1      2.9133e1    -1.0572e1     -1.6706e1
   5 208      1.4875e1      2.9258e1    -1.0614e1     -1.6873e1
   5 209      1.5000e1      2.9383e1    -1.0659e1     -1.7043e1
            log10(eV)     log10(Hz)    log10(nuFnu)  log10(Jy)

i_tm =   6;  t_obs =      3.215e1
   6   1     -1.1000e1      3.3834e0    -2.6998e1     -7.3815e0
   6   2     -1.0875e1      3.5084e0    -2.6831e1     -7.3398e0
   6   3     -1.0750e1      3.6334e0    -2.6665e1     -7.2981e0
   6   4     -1.0625e1      3.7584e0    -2.6498e1     -7.2565e0
   6   5     -1.0500e1      3.8834e0    -2.6331e1     -7.2148e0
   6   6     -1.0375e1      4.0084e0    -2.6165e1     -7.1731e0
   6   7     -1.0250e1      4.1334e0    -2.5998e1     -7.1315e0
   6   8     -1.0125e1      4.2584e0    -2.5831e1     -7.0898e0
   6   9     -1.0000e1      4.3834e0    -2.5665e1     -7.0481e0
   6  10     -9.8750e0      4.5084e0    -2.5498e1     -7.0065e0
   6  11     -9.7500e0      4.6334e0    -2.5331e1     -6.9648e0
   6  12     -9.6250e0      4.7584e0    -2.5165e1     -6.9231e0
   6  13     -9.5000e0      4.8834e0    -2.4998e1     -6.8815e0
   6  14     -9.3750e0      5.0084e0    -2.4831e1     -6.8398e0
   6  15     -9.2500e0      5.1334e0    -2.4665e1     -6.7981e0
   6  16     -9.1250e0      5.2584e0    -2.4498e1     -6.7565e0
   6  17     -9.0000e0      5.3834e0    -2.4331e1     -6.7148e0
   6  18     -8.8750e0      5.5084e0    -2.4165e1     -6.6731e0
   6  19     -8.7500e0      5.6334e0    -2.3998e1     -6.6315e0
   6  20     -8.6250e0      5.7584e0    -2.3831e1     -6.5898e0
   6  21     -8.5000e0      5.8834e0    -2.3665e1     -6.5481e0
   6  22     -8.3750e0      6.0084e0    -2.3498e1     -6.5065e0
   6  23     -8.2500e0      6.1334e0    -2.3331e1     -6.4648e0
   6  24     -8.1250e0      6.2584e0    -2.3165e1     -6.4231e0
   6  25     -8.0000e0      6.3834e0    -2.2998e1     -6.3815e0
   6  26     -7.8750e0      6.5084e0    -2.2831e1     -6.3398e0
   6  27     -7.7500e0      6.6334e0    -2.2665e1     -6.2981e0
   6  28     -7.6250e0      6.7584e0    -2.2498e1     -6.2565e0
   6  29     -7.5000e0      6.8834e0    -2.2331e1     -6.2148e0
   6  30     -7.3750e0      7.0084e0    -2.2165e1     -6.1731e0
   6  31     -7.2500e0      7.1334e0    -2.1998e1     -6.1315e0
   6  32     -7.1250e0      7.2584e0    -2.1831e1     -6.0898e0
   6  33     -7.0000e0      7.3834e0    -2.1665e1     -6.0481e0
   6  34     -6.8750e0      7.5084e0    -2.1498e1     -6.0065e0
   6  35     -6.7500e0      7.6334e0    -2.1331e1     -5.9648e0
   6  36     -6.6250e0      7.7584e0    -2.1165e1     -5.9231e0
   6  37     -6.5000e0      7.8834e0    -2.0998e1     -5.8815e0
   6  38     -6.3750e0      8.0084e0    -2.0831e1     -5.8398e0
   6  39     -6.2500e0      8.1334e0    -2.0665e1     -5.7982e0
   6  40     -6.1250e0      8.2584e0    -2.0498e1     -5.7565e0
   6  41     -6.0000e0      8.3834e0    -2.0331e1     -5.7148e0
   6  42     -5.8750e0      8.5084e0    -2.0165e1     -5.6732e0
   6  43     -5.7500e0      8.6334e0    -1.9998e1     -5.6315e0
   6  44     -5.6250e0      8.7584e0    -1.9831e1     -5.5899e0
   6  45     -5.5000e0      8.8834e0    -1.9665e1     -5.5482e0
   6  46     -5.3750e0      9.0084e0    -1.9498e1     -5.5065e0
   6  47     -5.2500e0      9.1334e0    -1.9331e1     -5.4649e0
   6  48     -5.1250e0      9.2584e0    -1.9165e1     -5.4233e0
   6  49     -5.0000e0      9.3834e0    -1.8998e1     -5.3817e0
   6  50     -4.8750e0      9.5084e0    -1.8832e1     -5.3400e0
   6  51     -4.7500e0      9.6334e0    -1.8665e1     -5.2984e0
   6  52     -4.6250e0      9.7584e0    -1.8498e1     -5.2567e0
   6  53     -4.5000e0      9.8834e0    -1.8332e1     -5.2151e0
   6  54     -4.3750e0      1.0008e1    -1.8165e1     -5.1735e0
   6  55     -4.2500e0      1.0133e1    -1.7999e1     -5.1320e0
   6  56     -4.1250e0      1.0258e1    -1.7832e1     -5.0904e0
   6  57     -4.0000e0      1.0383e1    -1.7665e1     -5.0489e0
   6  58     -3.8750e0      1.0508e1    -1.7499e1     -5.0074e0
   6  59     -3.7500e0      1.0633e1    -1.7332e1     -4.9658e0
   6  60     -3.6250e0      1.0758e1    -1.7166e1     -4.9243e0
   6  61     -3.5000e0      1.0883e1    -1.6999e1     -4.8829e0
   6  62     -3.3750e0      1.1008e1    -1.6833e1     -4.8415e0
   6  63     -3.2500e0      1.1133e1    -1.6667e1     -4.8001e0
   6  64     -3.1250e0      1.1258e1    -1.6500e1     -4.7587e0
   6  65     -3.0000e0      1.1383e1    -1.6334e1     -4.7173e0
   6  66     -2.8750e0      1.1508e1    -1.6167e1     -4.6759e0
   6  67     -2.7500e0      1.1633e1    -1.6001e1     -4.6345e0
   6  68     -2.6250e0      1.1758e1    -1.5835e1     -4.5930e0
   6  69     -2.5000e0      1.1883e1    -1.5668e1     -4.5517e0
   6  70     -2.3750e0      1.2008e1    -1.5502e1     -4.5103e0
   6  71     -2.2500e0      1.2133e1    -1.5336e1     -4.4689e0
   6  72     -2.1250e0      1.2258e1    -1.5169e1     -4.4276e0
   6  73     -2.0000e0      1.2383e1    -1.5003e1     -4.3862e0
   6  74     -1.8750e0      1.2508e1    -1.4836e1     -4.3449e0
   6  75     -1.7500e0      1.2633e1    -1.4670e1     -4.3036e0
   6  76     -1.6250e0      1.2758e1    -1.4504e1     -4.2623e0
   6  77     -1.5000e0      1.2883e1    -1.4338e1     -4.2212e0
   6  78     -1.3750e0      1.3008e1    -1.4172e1     -4.1801e0
   6  79     -1.2500e0      1.3133e1    -1.4006e1     -4.1392e0
   6  80     -1.1250e0      1.3258e1    -1.3840e1     -4.0983e0
   6  81     -1.0000e0      1.3383e1    -1.3674e1     -4.0575e0
   6  82    -8.7501e-1      1.3508e1    -1.3508e1     -4.0169e0
   6  83    -7.5001e-1      1.3633e1    -1.3343e1     -3.9764e0
   6  84    -6.2501e-1      1.3758e1    -1.3178e1     -3.9362e0
   6  85    -5.0001e-1      1.3883e1    -1.3013e1     -3.8962e0
   6  86    -3.7501e-1      1.4008e1    -1.2848e1     -3.8565e0
   6  87    -2.5001e-1      1.4133e1    -1.2684e1     -3.8172e0
   6  88    -1.2501e-1      1.4258e1    -1.2520e1     -3.7782e0
   6  89    -1.3724e-5      1.4383e1    -1.2356e1     -3.7397e0
   6  90     1.2499e-1      1.4508e1    -1.2193e1     -3.7018e0
   6  91     2.4999e-1      1.4633e1    -1.2031e1     -3.6644e0
   6  92     3.7499e-1      1.4758e1    -1.1869e1     -3.6278e0
   6  93     4.9999e-1      1.4883e1    -1.1709e1     -3.5920e0
   6  94     6.2499e-1      1.5008e1    -1.1549e1     -3.5572e0
   6  95     7.4999e-1      1.5133e1    -1.1390e1     -3.5235e0
   6  96     8.7499e-1      1.5258e1    -1.1233e1     -3.4911e0
   6  97     9.9999e-1      1.5383e1    -1.1077e1     -3.4601e0
   6  98      1.1250e0      1.5508e1    -1.0922e1     -3.4308e0
   6  99      1.2500e0      1.5633e1    -1.0770e1     -3.4032e0
   6 100      1.3750e0      1.5758e1    -1.0619e1     -3.3777e0
   6 101      1.5000e0      1.5883e1    -1.0471e1     -3.3545e0
   6 102      1.6250e0      1.6008e1    -1.0326e1     -3.3342e0
   6 103      1.7500e0      1.6133e1    -1.0184e1     -3.3170e0
   6 104      1.8750e0      1.6258e1    -1.0045e1     -3.3036e0
   6 105      2.0000e0      1.6383e1    -9.9108e0     -3.2942e0
   6 106      2.1250e0      1.6508e1    -9.7811e0     -3.2895e0
   6 107      2.2500e0      1.6633e1    -9.6564e0     -3.2898e0
   6 108      2.3750e0      1.6758e1    -9.5370e0     -3.2954e0
   6 109      2.5000e0      1.6883e1    -9.4235e0     -3.3069e0
   6 110      2.6250e0      1.7008e1    -9.3164e0     -3.3248e0
   6 111      2.7500e0      1.7133e1    -9.2160e0     -3.3494e0
   6 112      2.8750e0      1.7258e1    -9.1229e0     -3.3814e0
   6 113      3.0000e0      1.7383e1    -9.0376e0     -3.4210e0
   6 114      3.1250e0      1.7508e1    -8.9605e0     -3.4689e0
   6 115      3.2500e0      1.7633e1    -8.8919e0     -3.5253e0
   6 116      3.3750e0      1.7758e1    -8.8324e0     -3.5908e0
   6 117      3.5000e0      1.7883e1    -8.7824e0     -3.6658e0
   6 118      3.6250e0      1.8008e1    -8.7423e0     -3.7507e0
   6 119      3.7500e0      1.8133e1    -8.7124e0     -3.8458e0
   6 120      3.8750e0      1.8258e1    -8.6932e0     -3.9517e0
   6 121      4.0000e0      1.8383e1    -8.6852e0     -4.0686e0
   6 122      4.1250e0      1.8508e1    -8.6887e0     -4.1971e0
   6 123      4.2500e0      1.8633e1    -8.7044e0     -4.3378e0
   6 124      4.3750e0      1.8758e1    -8.7322e0     -4.4906e0
   6 125      4.5000e0      1.8883e1    -8.7714e0     -4.6548e0
   6 126      4.6250e0      1.9008e1    -8.8202e0     -4.8287e0
   6 127      4.7500e0      1.9133e1    -8.8763e0     -5.0097e0
   6 128      4.8750e0      1.9258e1    -8.9367e0     -5.1951e0
   6 129      5.0000e0      1.9383e1    -8.9994e0     -5.3828e0
   6 130      5.1250e0      1.9508e1    -9.0630e0     -5.5714e0
   6 131      5.2500e0      1.9633e1    -9.1266e0     -5.7600e0
   6 132      5.3750e0      1.9758e1    -9.1895e0     -5.9479e0
   6 133      5.5000e0      1.9883e1    -9.2506e0     -6.1340e0
   6 134      5.6250e0      2.0008e1    -9.3084e0     -6.3168e0
   6 135      5.7500e0      2.0133e1    -9.3612e0     -6.4946e0
   6 136      5.8750e0      2.0258e1    -9.4075e0     -6.6659e0
   6 137      6.0000e0      2.0383e1    -9.4466e0     -6.8300e0
   6 138      6.1250e0      2.0508e1    -9.4784e0     -6.9868e0
   6 139      6.2500e0      2.0633e1    -9.5040e0     -7.1374e0
   6 140      6.3750e0      2.0758e1    -9.5249e0     -7.2833e0
   6 141      6.5000e0      2.0883e1    -9.5424e0     -7.4258e0
   6 142      6.6250e0      2.1008e1    -9.5580e0     -7.5664e0
   6 143      6.7500e0      2.1133e1    -9.5722e0     -7.7056e0
   6 144      6.8750e0      2.1258e1    -9.5858e0     -7.8442e0
   6 145      7.0000e0      2.1383e1    -9.5990e0     -7.9825e0
   6 146      7.1250e0      2.1508e1    -9.6122e0     -8.1206e0
   6 147      7.2500e0      2.1633e1    -9.6255e0     -8.2589e0
   6 148      7.3750e0      2.1758e1    -9.6389e0     -8.3973e0
   6 149      7.5000e0      2.1883e1    -9.6524e0     -8.5358e0
   6 150      7.6250e0      2.2008e1    -9.6663e0     -8.6747e0
   6 151      7.7500e0      2.2133e1    -9.6807e0     -8.8141e0
   6 152      7.8750e0      2.2258e1    -9.6957e0     -8.9542e0
   6 153      8.0000e0      2.2383e1    -9.7115e0     -9.0949e0
   6 154      8.1250e0      2.2508e1    -9.7277e0     -9.2361e0
   6 155      8.2500e0      2.2633e1    -9.7439e0     -9.3773e0
   6 156      8.3750e0      2.2758e1    -9.7596e0     -9.5180e0
   6 157      8.5000e0      2.2883e1    -9.7748e0     -9.6582e0
   6 158      8.6250e0      2.3008e1    -9.7898e0     -9.7982e0
   6 159      8.7500e0      2.3133e1    -9.8045e0     -9.9379e0
   6 160      8.8750e0      2.3258e1    -9.8190e0     -1.0077e1
   6 161      9.0000e0      2.3383e1    -9.8334e0     -1.0217e1
   6 162      9.1250e0      2.3508e1    -9.8476e0     -1.0356e1
   6 163      9.2500e0      2.3633e1    -9.8617e0     -1.0495e1
   6 164      9.3750e0      2.3758e1    -9.8758e0     -1.0634e1
   6 165      9.5000e0      2.3883e1    -9.8900e0     -1.0773e1
   6 166      9.6250e0      2.4008e1    -9.9047e0     -1.0913e1
   6 167      9.7500e0      2.4133e1    -9.9201e0     -1.1053e1
   6 168      9.8750e0      2.4258e1    -9.9362e0     -1.1195e1
   6 169      1.0000e1      2.4383e1    -9.9530e0     -1.1336e1
   6 170      1.0125e1      2.4508e1    -9.9700e0     -1.1478e1
   6 171      1.0250e1      2.4633e1    -9.9867e0     -1.1620e1
   6 172      1.0375e1      2.4758e1    -1.0003e1     -1.1761e1
   6 173      1.0500e1      2.4883e1    -1.0018e1     -1.1901e1
   6 174      1.0625e1      2.5008e1    -1.0033e1     -1.2041e1
   6 175      1.0750e1      2.5133e1    -1.0047e1     -1.2180e1
   6 176      1.0875e1      2.5258e1    -1.0062e1     -1.2320e1
   6 177      1.1000e1      2.5383e1    -1.0076e1     -1.2459e1
   6 178      1.1125e1      2.5508e1    -1.0090e1     -1.2599e1
   6 179      1.1250e1      2.5633e1    -1.0105e1     -1.2738e1
   6 180      1.1375e1      2.5758e1    -1.0120e1     -1.2878e1
   6 181      1.1500e1      2.5883e1    -1.0135e1     -1.3018e1
   6 182      1.1625e1      2.6008e1    -1.0150e1     -1.3159e1
   6 183      1.1750e1      2.6133e1    -1.0167e1     -1.3300e1
   6 184      1.1875e1      2.6258e1    -1.0184e1     -1.3442e1
   6 185      1.2000e1      2.6383e1    -1.0201e1     -1.3584e1
   6 186      1.2125e1      2.6508e1    -1.0219e1     -1.3727e1
   6 187      1.2250e1      2.6633e1    -1.0236e1     -1.3870e1
   6 188      1.2375e1      2.6758e1    -1.0253e1     -1.4012e1
   6 189      1.2500e1      2.6883e1    -1.0270e1     -1.4153e1
   6 190      1.2625e1      2.7008e1    -1.0286e1     -1.4295e1
   6 191      1.2750e1      2.7133e1    -1.0303e1     -1.4436e1
   6 192      1.2875e1      2.7258e1    -1.0320e1     -1.4579e1
   6 193      1.3000e1      2.7383e1    -1.0338e1     -1.4722e1
   6 194      1.3125e1      2.7508e1    -1.0356e1     -1.4865e1
   6 195      1.3250e1      2.7633e1    -1.0374e1     -1.5008e1
   6 196      1.3375e1      2.7758e1    -1.0392e1     -1.5151e1
   6 197      1.3500e1      2.7883e1    -1.0410e1     -1.5293e1
   6 198      1.3625e1      2.8008e1    -1.0429e1     -1.5437e1
   6 199      1.3750e1      2.8133e1    -1.0450e1     -1.5583e1
   6 200      1.3875e1      2.8258e1    -1.0474e1     -1.5732e1
   6 201      1.4000e1      2.8383e1    -1.0501e1     -1.5884e1
   6 202      1.4125e1      2.8508e1    -1.0531e1     -1.6039e1
   6 203      1.4250e1      2.8633e1    -1.0563e1     -1.6197e1
   6 204      1.4375e1      2.8758e1    -1.0597e1     -1.6356e1
   6 205      1.4500e1      2.8883e1    -1.0633e1     -1.6516e1
   6 206      1.4625e1      2.9008e1    -1.0670e1     -1.6679e1
   6 207      1.4750e1      2.9133e1    -1.0710e1     -1.6844e1
   6 208      1.4875e1      2.9258e1    -1.0753e1     -1.7011e1
   6 209      1.5000e1      2.9383e1    -1.0798e1     -1.7181e1
            log10(eV)     log10(Hz)    log10(nuFnu)  log10(Jy)

i_tm =   7;  t_obs =      4.061e1
   7   1     -1.1000e1      3.3834e0    -2.6967e1     -7.3508e0
   7   2     -1.0875e1      3.5084e0    -2.6801e1     -7.3091e0
   7   3     -1.0750e1      3.6334e0    -2.6634e1     -7.2674e0
   7   4     -1.0625e1      3.7584e0    -2.6467e1     -7.2258e0
   7   5     -1.0500e1      3.8834e0    -2.6301e1     -7.1841e0
   7   6     -1.0375e1      4.0084e0    -2.6134e1     -7.1424e0
   7   7     -1.0250e1      4.1334e0    -2.5967e1     -7.1008e0
   7   8     -1.0125e1      4.2584e0    -2.5801e1     -7.0591e0
   7   9     -1.0000e1      4.3834e0    -2.5634e1     -7.0174e0
   7  10     -9.8750e0      4.5084e0    -2.5467e1     -6.9758e0
   7  11     -9.7500e0      4.6334e0    -2.5301e1     -6.9341e0
   7  12     -9.6250e0      4.7584e0    -2.5134e1     -6.8924e0
   7  13     -9.5000e0      4.8834e0    -2.4967e1     -6.8508e0
   7  14     -9.3750e0      5.0084e0    -2.4801e1     -6.8091e0
   7  15     -9.2500e0      5.1334e0    -2.4634e1     -6.7674e0
   7  16     -9.1250e0      5.2584e0    -2.4467e1     -6.7258e0
   7  17     -9.0000e0      5.3834e0    -2.4301e1     -6.6841e0
   7  18     -8.8750e0      5.5084e0    -2.4134e1     -6.6424e0
   7  19     -8.7500e0      5.6334e0    -2.3967e1     -6.6008e0
   7  20     -8.6250e0      5.7584e0    -2.3801e1     -6.5591e0
   7  21     -8.5000e0      5.8834e0    -2.3634e1     -6.5174e0
   7  22     -8.3750e0      6.0084e0    -2.3467e1     -6.4758e0
   7  23     -8.2500e0      6.1334e0    -2.3301e1     -6.4341e0
   7  24     -8.1250e0      6.2584e0    -2.3134e1     -6.3924e0
   7  25     -8.0000e0      6.3834e0    -2.2967e1     -6.3508e0
   7  26     -7.8750e0      6.5084e0    -2.2801e1     -6.3091e0
   7  27     -7.7500e0      6.6334e0    -2.2634e1     -6.2674e0
   7  28     -7.6250e0      6.7584e0    -2.2467e1     -6.2258e0
   7  29     -7.5000e0      6.8834e0    -2.2301e1     -6.1841e0
   7  30     -7.3750e0      7.0084e0    -2.2134e1     -6.1424e0
   7  31     -7.2500e0      7.1334e0    -2.1967e1     -6.1008e0
   7  32     -7.1250e0      7.2584e0    -2.1801e1     -6.0591e0
   7  33     -7.0000e0      7.3834e0    -2.1634e1     -6.0174e0
   7  34     -6.8750e0      7.5084e0    -2.1467e1     -5.9758e0
   7  35     -6.7500e0      7.6334e0    -2.1301e1     -5.9341e0
   7  36     -6.6250e0      7.7584e0    -2.1134e1     -5.8925e0
   7  37     -6.5000e0      7.8834e0    -2.0967e1     -5.8508e0
   7  38     -6.3750e0      8.0084e0    -2.0801e1     -5.8091e0
   7  39     -6.2500e0      8.1334e0    -2.0634e1     -5.7675e0
   7  40     -6.1250e0      8.2584e0    -2.0467e1     -5.7258e0
   7  41     -6.0000e0      8.3834e0    -2.0301e1     -5.6841e0
   7  42     -5.8750e0      8.5084e0    -2.0134e1     -5.6425e0
   7  43     -5.7500e0      8.6334e0    -1.9967e1     -5.6008e0
   7  44     -5.6250e0      8.7584e0    -1.9801e1     -5.5592e0
   7  45     -5.5000e0      8.8834e0    -1.9634e1     -5.5175e0
   7  46     -5.3750e0      9.0084e0    -1.9467e1     -5.4758e0
   7  47     -5.2500e0      9.1334e0    -1.9301e1     -5.4342e0
   7  48     -5.1250e0      9.2584e0    -1.9134e1     -5.3926e0
   7  49     -5.0000e0      9.3834e0    -1.8968e1     -5.3510e0
   7  50     -4.8750e0      9.5084e0    -1.8801e1     -5.3093e0
   7  51     -4.7500e0      9.6334e0    -1.8634e1     -5.2677e0
   7  52     -4.6250e0      9.7584e0    -1.8468e1     -5.2261e0
   7  53     -4.5000e0      9.8834e0    -1.8301e1     -5.1845e0
   7  54     -4.3750e0      1.0008e1    -1.8134e1     -5.1429e0
   7  55     -4.2500e0      1.0133e1    -1.7968e1     -5.1013e0
   7  56     -4.1250e0      1.0258e1    -1.7801e1     -5.0598e0
   7  57     -4.0000e0      1.0383e1    -1.7635e1     -5.0183e0
   7  58     -3.8750e0      1.0508e1    -1.7468e1     -4.9767e0
   7  59     -3.7500e0      1.0633e1    -1.7302e1     -4.9353e0
   7  60     -3.6250e0      1.0758e1    -1.7135e1     -4.8938e0
   7  61     -3.5000e0      1.0883e1    -1.6969e1     -4.8523e0
   7  62     -3.3750e0      1.1008e1    -1.6803e1     -4.8110e0
   7  63     -3.2500e0      1.1133e1    -1.6636e1     -4.7695e0
   7  64     -3.1250e0      1.1258e1    -1.6470e1     -4.7282e0
   7  65     -3.0000e0      1.1383e1    -1.6303e1     -4.6868e0
   7  66     -2.8750e0      1.1508e1    -1.6137e1     -4.6453e0
   7  67     -2.7500e0      1.1633e1    -1.5971e1     -4.6039e0
   7  68     -2.6250e0      1.1758e1    -1.5804e1     -4.5625e0
   7  69     -2.5000e0      1.1883e1    -1.5638e1     -4.5211e0
   7  70     -2.3750e0      1.2008e1    -1.5471e1     -4.4798e0
   7  71     -2.2500e0      1.2133e1    -1.5305e1     -4.4383e0
   7  72     -2.1250e0      1.2258e1    -1.5139e1     -4.3970e0
   7  73     -2.0000e0      1.2383e1    -1.4972e1     -4.3557e0
   7  74     -1.8750e0      1.2508e1    -1.4806e1     -4.3143e0
   7  75     -1.7500e0      1.2633e1    -1.4640e1     -4.2730e0
   7  76     -1.6250e0      1.2758e1    -1.4473e1     -4.2319e0
   7  77     -1.5000e0      1.2883e1    -1.4307e1     -4.1907e0
   7  78     -1.3750e0      1.3008e1    -1.4141e1     -4.1497e0
   7  79     -1.2500e0      1.3133e1    -1.3975e1     -4.1088e0
   7  80     -1.1250e0      1.3258e1    -1.3810e1     -4.0680e0
   7  81     -1.0000e0      1.3383e1    -1.3644e1     -4.0273e0
   7  82    -8.7501e-1      1.3508e1    -1.3478e1     -3.9867e0
   7  83    -7.5001e-1      1.3633e1    -1.3313e1     -3.9464e0
   7  84    -6.2501e-1      1.3758e1    -1.3148e1     -3.9063e0
   7  85    -5.0001e-1      1.3883e1    -1.2983e1     -3.8664e0
   7  86    -3.7501e-1      1.4008e1    -1.2818e1     -3.8269e0
   7  87    -2.5001e-1      1.4133e1    -1.2654e1     -3.7877e0
   7  88    -1.2501e-1      1.4258e1    -1.2491e1     -3.7491e0
   7  89    -1.3724e-5      1.4383e1    -1.2327e1     -3.7108e0
   7  90     1.2499e-1      1.4508e1    -1.2165e1     -3.6732e0
   7  91     2.4999e-1      1.4633e1    -1.2003e1     -3.6362e0
   7  92     3.7499e-1      1.4758e1    -1.1842e1     -3.6001e0
   7  93     4.9999e-1      1.4883e1    -1.1681e1     -3.5648e0
   7  94     6.2499e-1      1.5008e1    -1.1522e1     -3.5306e0
   7  95     7.4999e-1      1.5133e1    -1.1364e1     -3.4977e0
   7  96     8.7499e-1      1.5258e1    -1.1208e1     -3.4661e0
   7  97     9.9999e-1      1.5383e1    -1.1053e1     -3.4361e0
   7  98      1.1250e0      1.5508e1    -1.0900e1     -3.4079e0
   7  99      1.2500e0      1.5633e1    -1.0748e1     -3.3817e0
   7 100      1.3750e0      1.5758e1    -1.0599e1     -3.3578e0
   7 101      1.5000e0      1.5883e1    -1.0453e1     -3.3365e0
   7 102      1.6250e0      1.6008e1    -1.0310e1     -3.3184e0
   7 103      1.7500e0      1.6133e1    -1.0170e1     -3.3038e0
   7 104      1.8750e0      1.6258e1    -1.0035e1     -3.2933e0
   7 105      2.0000e0      1.6383e1    -9.9039e0     -3.2873e0
   7 106      2.1250e0      1.6508e1    -9.7779e0     -3.2863e0
   7 107      2.2500e0      1.6633e1    -9.6573e0     -3.2908e0
   7 108      2.3750e0      1.6758e1    -9.5427e0     -3.3011e0
   7 109      2.5000e0      1.6883e1    -9.4344e0     -3.3178e0
   7 110      2.6250e0      1.7008e1    -9.3329e0     -3.3413e0
   7 111      2.7500e0      1.7133e1    -9.2388e0     -3.3722e0
   7 112      2.8750e0      1.7258e1    -9.1526e0     -3.4110e0
   7 113      3.0000e0      1.7383e1    -9.0746e0     -3.4581e0
   7 114      3.1250e0      1.7508e1    -9.0054e0     -3.5138e0
   7 115      3.2500e0      1.7633e1    -8.9454e0     -3.5788e0
   7 116      3.3750e0      1.7758e1    -8.8951e0     -3.6535e0
   7 117      3.5000e0      1.7883e1    -8.8548e0     -3.7382e0
   7 118      3.6250e0      1.8008e1    -8.8249e0     -3.8333e0
   7 119      3.7500e0      1.8133e1    -8.8057e0     -3.9391e0
   7 120      3.8750e0      1.8258e1    -8.7977e0     -4.0561e0
   7 121      4.0000e0      1.8383e1    -8.8013e0     -4.1847e0
   7 122      4.1250e0      1.8508e1    -8.8167e0     -4.3251e0
   7 123      4.2500e0      1.8633e1    -8.8442e0     -4.4776e0
   7 124      4.3750e0      1.8758e1    -8.8829e0     -4.6413e0
   7 125      4.5000e0      1.8883e1    -8.9315e0     -4.8149e0
   7 126      4.6250e0      1.9008e1    -8.9877e0     -4.9962e0
   7 127      4.7500e0      1.9133e1    -9.0489e0     -5.1823e0
   7 128      4.8750e0      1.9258e1    -9.1121e0     -5.3705e0
   7 129      5.0000e0      1.9383e1    -9.1759e0     -5.5593e0
   7 130      5.1250e0      1.9508e1    -9.2395e0     -5.7480e0
   7 131      5.2500e0      1.9633e1    -9.3022e0     -5.9356e0
   7 132      5.3750e0      1.9758e1    -9.3629e0     -6.1213e0
   7 133      5.5000e0      1.9883e1    -9.4202e0     -6.3036e0
   7 134      5.6250e0      2.0008e1    -9.4723e0     -6.4807e0
   7 135      5.7500e0      2.0133e1    -9.5178e0     -6.6512e0
   7 136      5.8750e0      2.0258e1    -9.5560e0     -6.8144e0
   7 137      6.0000e0      2.0383e1    -9.5871e0     -6.9705e0
   7 138      6.1250e0      2.0508e1    -9.6120e0     -7.1205e0
   7 139      6.2500e0      2.0633e1    -9.6325e0     -7.2659e0
   7 140      6.3750e0      2.0758e1    -9.6498e0     -7.4082e0
   7 141      6.5000e0      2.0883e1    -9.6652e0     -7.5487e0
   7 142      6.6250e0      2.1008e1    -9.6793e0     -7.6877e0
   7 143      6.7500e0      2.1133e1    -9.6926e0     -7.8260e0
   7 144      6.8750e0      2.1258e1    -9.7055e0     -7.9639e0
   7 145      7.0000e0      2.1383e1    -9.7182e0     -8.1016e0
   7 146      7.1250e0      2.1508e1    -9.7311e0     -8.2395e0
   7 147      7.2500e0      2.1633e1    -9.7441e0     -8.3776e0
   7 148      7.3750e0      2.1758e1    -9.7575e0     -8.5159e0
   7 149      7.5000e0      2.1883e1    -9.7709e0     -8.6543e0
   7 150      7.6250e0      2.2008e1    -9.7847e0     -8.7931e0
   7 151      7.7500e0      2.2133e1    -9.7991e0     -8.9325e0
   7 152      7.8750e0      2.2258e1    -9.8141e0     -9.0725e0
   7 153      8.0000e0      2.2383e1    -9.8298e0     -9.2132e0
   7 154      8.1250e0      2.2508e1    -9.8456e0     -9.3540e0
   7 155      8.2500e0      2.2633e1    -9.8613e0     -9.4947e0
   7 156      8.3750e0      2.2758e1    -9.8764e0     -9.6348e0
   7 157      8.5000e0      2.2883e1    -9.8913e0     -9.7747e0
   7 158      8.6250e0      2.3008e1    -9.9059e0     -9.9143e0
   7 159      8.7500e0      2.3133e1    -9.9204e0     -1.0054e1
   7 160      8.8750e0      2.3258e1    -9.9348e0     -1.0193e1
   7 161      9.0000e0      2.3383e1    -9.9489e0     -1.0332e1
   7 162      9.1250e0      2.3508e1    -9.9631e0     -1.0472e1
   7 163      9.2500e0      2.3633e1    -9.9773e0     -1.0611e1
   7 164      9.3750e0      2.3758e1    -9.9916e0     -1.0750e1
   7 165      9.5000e0      2.3883e1    -1.0006e1     -1.0890e1
   7 166      9.6250e0      2.4008e1    -1.0021e1     -1.1029e1
   7 167      9.7500e0      2.4133e1    -1.0037e1     -1.1170e1
   7 168      9.8750e0      2.4258e1    -1.0053e1     -1.1312e1
   7 169      1.0000e1      2.4383e1    -1.0070e1     -1.1454e1
   7 170      1.0125e1      2.4508e1    -1.0087e1     -1.1595e1
   7 171      1.0250e1      2.4633e1    -1.0104e1     -1.1737e1
   7 172      1.0375e1      2.4758e1    -1.0119e1     -1.1878e1
   7 173      1.0500e1      2.4883e1    -1.0134e1     -1.2018e1
   7 174      1.0625e1      2.5008e1    -1.0149e1     -1.2157e1
   7 175      1.0750e1      2.5133e1    -1.0163e1     -1.2297e1
   7 176      1.0875e1      2.5258e1    -1.0178e1     -1.2436e1
   7 177      1.1000e1      2.5383e1    -1.0192e1     -1.2575e1
   7 178      1.1125e1      2.5508e1    -1.0206e1     -1.2715e1
   7 179      1.1250e1      2.5633e1    -1.0221e1     -1.2854e1
   7 180      1.1375e1      2.5758e1    -1.0236e1     -1.2994e1
   7 181      1.1500e1      2.5883e1    -1.0251e1     -1.3134e1
   7 182      1.1625e1      2.6008e1    -1.0267e1     -1.3275e1
   7 183      1.1750e1      2.6133e1    -1.0283e1     -1.3416e1
   7 184      1.1875e1      2.6258e1    -1.0300e1     -1.3558e1
   7 185      1.2000e1      2.6383e1    -1.0317e1     -1.3700e1
   7 186      1.2125e1      2.6508e1    -1.0334e1     -1.3843e1
   7 187      1.2250e1      2.6633e1    -1.0352e1     -1.3985e1
   7 188      1.2375e1      2.6758e1    -1.0368e1     -1.4127e1
   7 189      1.2500e1      2.6883e1    -1.0385e1     -1.4268e1
   7 190      1.2625e1      2.7008e1    -1.0401e1     -1.4410e1
   7 191      1.2750e1      2.7133e1    -1.0419e1     -1.4552e1
   7 192      1.2875e1      2.7258e1    -1.0436e1     -1.4695e1
   7 193      1.3000e1      2.7383e1    -1.0455e1     -1.4838e1
   7 194      1.3125e1      2.7508e1    -1.0473e1     -1.4982e1
   7 195      1.3250e1      2.7633e1    -1.0492e1     -1.5125e1
   7 196      1.3375e1      2.7758e1    -1.0510e1     -1.5269e1
   7 197      1.3500e1      2.7883e1    -1.0529e1     -1.5412e1
   7 198      1.3625e1      2.8008e1    -1.0549e1     -1.5557e1
   7 199      1.3750e1      2.8133e1    -1.0571e1     -1.5704e1
   7 200      1.3875e1      2.8258e1    -1.0596e1     -1.5854e1
   7 201      1.4000e1      2.8383e1    -1.0624e1     -1.6007e1
   7 202      1.4125e1      2.8508e1    -1.0654e1     -1.6163e1
   7 203      1.4250e1      2.8633e1    -1.0687e1     -1.6320e1
   7 204      1.4375e1      2.8758e1    -1.0721e1     -1.6479e1
   7 205      1.4500e1      2.8883e1    -1.0757e1     -1.6640e1
   7 206      1.4625e1      2.9008e1    -1.0795e1     -1.6803e1
   7 207      1.4750e1      2.9133e1    -1.0835e1     -1.6968e1
   7 208      1.4875e1      2.9258e1    -1.0878e1     -1.7136e1
   7 209      1.5000e1      2.9383e1    -1.0924e1     -1.7307e1
            log10(eV)     log10(Hz)    log10(nuFnu)  log10(Jy)

i_tm =   8;  t_obs =      5.130e1
   8   1     -1.1000e1      3.3834e0    -2.6936e1     -7.3192e0
   8   2     -1.0875e1      3.5084e0    -2.6769e1     -7.2776e0
   8   3     -1.0750e1      3.6334e0    -2.6602e1     -7.2359e0
   8   4     -1.0625e1      3.7584e0    -2.6436e1     -7.1942e0
   8   5     -1.0500e1      3.8834e0    -2.6269e1     -7.1526e0
   8   6     -1.0375e1      4.0084e0    -2.6102e1     -7.1109e0
   8   7     -1.0250e1      4.1334e0    -2.5936e1     -7.0692e0
   8   8     -1.0125e1      4.2584e0    -2.5769e1     -7.0276e0
   8   9     -1.0000e1      4.3834e0    -2.5602e1     -6.9859e0
   8  10     -9.8750e0      4.5084e0    -2.5436e1     -6.9442e0
   8  11     -9.7500e0      4.6334e0    -2.5269e1     -6.9026e0
   8  12     -9.6250e0      4.7584e0    -2.5102e1     -6.8609e0
   8  13     -9.5000e0      4.8834e0    -2.4936e1     -6.8192e0
   8  14     -9.3750e0      5.0084e0    -2.4769e1     -6.7776e0
   8  15     -9.2500e0      5.1334e0    -2.4602e1     -6.7359e0
   8  16     -9.1250e0      5.2584e0    -2.4436e1     -6.6942e0
   8  17     -9.0000e0      5.3834e0    -2.4269e1     -6.6526e0
   8  18     -8.8750e0      5.5084e0    -2.4102e1     -6.6109e0
   8  19     -8.7500e0      5.6334e0    -2.3936e1     -6.5692e0
   8  20     -8.6250e0      5.7584e0    -2.3769e1     -6.5276e0
   8  21     -8.5000e0      5.8834e0    -2.3602e1     -6.4859e0
   8  22     -8.3750e0      6.0084e0    -2.3436e1     -6.4442e0
   8  23     -8.2500e0      6.1334e0    -2.3269e1     -6.4026e0
   8  24     -8.1250e0      6.2584e0    -2.3102e1     -6.3609e0
   8  25     -8.0000e0      6.3834e0    -2.2936e1     -6.3192e0
   8  26     -7.8750e0      6.5084e0    -2.2769e1     -6.2776e0
   8  27     -7.7500e0      6.6334e0    -2.2602e1     -6.2359e0
   8  28     -7.6250e0      6.7584e0    -2.2436e1     -6.1942e0
   8  29     -7.5000e0      6.8834e0    -2.2269e1     -6.1526e0
   8  30     -7.3750e0      7.0084e0    -2.2102e1     -6.1109e0
   8  31     -7.2500e0      7.1334e0    -2.1936e1     -6.0692e0
   8  32     -7.1250e0      7.2584e0    -2.1769e1     -6.0276e0
   8  33     -7.0000e0      7.3834e0    -2.1603e1     -5.9859e0
   8  34     -6.8750e0      7.5084e0    -2.1436e1     -5.9442e0
   8  35     -6.7500e0      7.6334e0    -2.1269e1     -5.9026e0
   8  36     -6.6250e0      7.7584e0    -2.1103e1     -5.8609e0
   8  37     -6.5000e0      7.8834e0    -2.0936e1     -5.8192e0
   8  38     -6.3750e0      8.0084e0    -2.0769e1     -5.7776e0
   8  39     -6.2500e0      8.1334e0    -2.0603e1     -5.7359e0
   8  40     -6.1250e0      8.2584e0    -2.0436e1     -5.6943e0
   8  41     -6.0000e0      8.3834e0    -2.0269e1     -5.6526e0
   8  42     -5.8750e0      8.5084e0    -2.0103e1     -5.6109e0
   8  43     -5.7500e0      8.6334e0    -1.9936e1     -5.5693e0
   8  44     -5.6250e0      8.7584e0    -1.9769e1     -5.5276e0
   8  45     -5.5000e0      8.8834e0    -1.9603e1     -5.4860e0
   8  46     -5.3750e0      9.0084e0    -1.9436e1     -5.4443e0
   8  47     -5.2500e0      9.1334e0    -1.9269e1     -5.4027e0
   8  48     -5.1250e0      9.2584e0    -1.9103e1     -5.3611e0
   8  49     -5.0000e0      9.3834e0    -1.8936e1     -5.3194e0
   8  50     -4.8750e0      9.5084e0    -1.8769e1     -5.2778e0
   8  51     -4.7500e0      9.6334e0    -1.8603e1     -5.2362e0
   8  52     -4.6250e0      9.7584e0    -1.8436e1     -5.1945e0
   8  53     -4.5000e0      9.8834e0    -1.8270e1     -5.1529e0
   8  54     -4.3750e0      1.0008e1    -1.8103e1     -5.1114e0
   8  55     -4.2500e0      1.0133e1    -1.7936e1     -5.0698e0
   8  56     -4.1250e0      1.0258e1    -1.7770e1     -5.0284e0
   8  57     -4.0000e0      1.0383e1    -1.7603e1     -4.9868e0
   8  58     -3.8750e0      1.0508e1    -1.7437e1     -4.9453e0
   8  59     -3.7500e0      1.0633e1    -1.7270e1     -4.9038e0
   8  60     -3.6250e0      1.0758e1    -1.7104e1     -4.8623e0
   8  61     -3.5000e0      1.0883e1    -1.6938e1     -4.8210e0
   8  62     -3.3750e0      1.1008e1    -1.6771e1     -4.7796e0
   8  63     -3.2500e0      1.1133e1    -1.6605e1     -4.7382e0
   8  64     -3.1250e0      1.1258e1    -1.6438e1     -4.6969e0
   8  65     -3.0000e0      1.1383e1    -1.6272e1     -4.6554e0
   8  66     -2.8750e0      1.1508e1    -1.6106e1     -4.6140e0
   8  67     -2.7500e0      1.1633e1    -1.5939e1     -4.5725e0
   8  68     -2.6250e0      1.1758e1    -1.5773e1     -4.5311e0
   8  69     -2.5000e0      1.1883e1    -1.5606e1     -4.4897e0
   8  70     -2.3750e0      1.2008e1    -1.5440e1     -4.4484e0
   8  71     -2.2500e0      1.2133e1    -1.5274e1     -4.4070e0
   8  72     -2.1250e0      1.2258e1    -1.5107e1     -4.3657e0
   8  73     -2.0000e0      1.2383e1    -1.4941e1     -4.3243e0
   8  74     -1.8750e0      1.2508e1    -1.4775e1     -4.2830e0
   8  75     -1.7500e0      1.2633e1    -1.4608e1     -4.2417e0
   8  76     -1.6250e0      1.2758e1    -1.4442e1     -4.2005e0
   8  77     -1.5000e0      1.2883e1    -1.4276e1     -4.1595e0
   8  78     -1.3750e0      1.3008e1    -1.4110e1     -4.1185e0
   8  79     -1.2500e0      1.3133e1    -1.3944e1     -4.0776e0
   8  80     -1.1250e0      1.3258e1    -1.3779e1     -4.0369e0
   8  81     -1.0000e0      1.3383e1    -1.3613e1     -3.9962e0
   8  82    -8.7501e-1      1.3508e1    -1.3447e1     -3.9558e0
   8  83    -7.5001e-1      1.3633e1    -1.3282e1     -3.9155e0
   8  84    -6.2501e-1      1.3758e1    -1.3117e1     -3.8755e0
   8  85    -5.0001e-1      1.3883e1    -1.2952e1     -3.8359e0
   8  86    -3.7501e-1      1.4008e1    -1.2788e1     -3.7966e0
   8  87    -2.5001e-1      1.4133e1    -1.2624e1     -3.7576e0
   8  88    -1.2501e-1      1.4258e1    -1.2461e1     -3.7192e0
   8  89    -1.3724e-5      1.4383e1    -1.2298e1     -3.6813e0
   8  90     1.2499e-1      1.4508e1    -1.2136e1     -3.6440e0
   8  91     2.4999e-1      1.4633e1    -1.1974e1     -3.6075e0
   8  92     3.7499e-1      1.4758e1    -1.1813e1     -3.5719e0
   8  93     4.9999e-1      1.4883e1    -1.1654e1     -3.5373e0
   8  94     6.2499e-1      1.5008e1    -1.1495e1     -3.5039e0
   8  95     7.4999e-1      1.5133e1    -1.1338e1     -3.4718e0
   8  96     8.7499e-1      1.5258e1    -1.1183e1     -3.4412e0
   8  97     9.9999e-1      1.5383e1    -1.1029e1     -3.4124e0
   8  98      1.1250e0      1.5508e1    -1.0877e1     -3.3855e0
   8  99      1.2500e0      1.5633e1    -1.0727e1     -3.3609e0
   8 100      1.3750e0      1.5758e1    -1.0580e1     -3.3388e0
   8 101      1.5000e0      1.5883e1    -1.0436e1     -3.3198e0
   8 102      1.6250e0      1.6008e1    -1.0296e1     -3.3043e0
   8 103      1.7500e0      1.6133e1    -1.0159e1     -3.2927e0
   8 104      1.8750e0      1.6258e1    -1.0027e1     -3.2856e0
   8 105      2.0000e0      1.6383e1    -9.9001e0     -3.2835e0
   8 106      2.1250e0      1.6508e1    -9.7784e0     -3.2868e0
   8 107      2.2500e0      1.6633e1    -9.6626e0     -3.2960e0
   8 108      2.3750e0      1.6758e1    -9.5532e0     -3.3116e0
   8 109      2.5000e0      1.6883e1    -9.4506e0     -3.3340e0
   8 110      2.6250e0      1.7008e1    -9.3556e0     -3.3640e0
   8 111      2.7500e0      1.7133e1    -9.2684e0     -3.4018e0
   8 112      2.8750e0      1.7258e1    -9.1897e0     -3.4481e0
   8 113      3.0000e0      1.7383e1    -9.1198e0     -3.5032e0
   8 114      3.1250e0      1.7508e1    -9.0593e0     -3.5677e0
   8 115      3.2500e0      1.7633e1    -9.0085e0     -3.6419e0
   8 116      3.3750e0      1.7758e1    -8.9680e0     -3.7264e0
   8 117      3.5000e0      1.7883e1    -8.9380e0     -3.8214e0
   8 118      3.6250e0      1.8008e1    -8.9189e0     -3.9273e0
   8 119      3.7500e0      1.8133e1    -8.9110e0     -4.0444e0
   8 120      3.8750e0      1.8258e1    -8.9146e0     -4.1730e0
   8 121      4.0000e0      1.8383e1    -8.9299e0     -4.3133e0
   8 122      4.1250e0      1.8508e1    -8.9570e0     -4.4654e0
   8 123      4.2500e0      1.8633e1    -8.9955e0     -4.6289e0
   8 124      4.3750e0      1.8758e1    -9.0439e0     -4.8023e0
   8 125      4.5000e0      1.8883e1    -9.1002e0     -4.9836e0
   8 126      4.6250e0      1.9008e1    -9.1616e0     -5.1701e0
   8 127      4.7500e0      1.9133e1    -9.2256e0     -5.3590e0
   8 128      4.8750e0      1.9258e1    -9.2903e0     -5.5487e0
   8 129      5.0000e0      1.9383e1    -9.3546e0     -5.7380e0
   8 130      5.1250e0      1.9508e1    -9.4175e0     -5.9259e0
   8 131      5.2500e0      1.9633e1    -9.4779e0     -6.1113e0
   8 132      5.3750e0      1.9758e1    -9.5341e0     -6.2925e0
   8 133      5.5000e0      1.9883e1    -9.5845e0     -6.4679e0
   8 134      5.6250e0      2.0008e1    -9.6277e0     -6.6361e0
   8 135      5.7500e0      2.0133e1    -9.6636e0     -6.7970e0
   8 136      5.8750e0      2.0258e1    -9.6927e0     -6.9511e0
   8 137      6.0000e0      2.0383e1    -9.7163e0     -7.0997e0
   8 138      6.1250e0      2.0508e1    -9.7360e0     -7.2444e0
   8 139      6.2500e0      2.0633e1    -9.7532e0     -7.3866e0
   8 140      6.3750e0      2.0758e1    -9.7689e0     -7.5273e0
   8 141      6.5000e0      2.0883e1    -9.7835e0     -7.6669e0
   8 142      6.6250e0      2.1008e1    -9.7975e0     -7.8059e0
   8 143      6.7500e0      2.1133e1    -9.8111e0     -7.9445e0
   8 144      6.8750e0      2.1258e1    -9.8244e0     -8.0828e0
   8 145      7.0000e0      2.1383e1    -9.8377e0     -8.2211e0
   8 146      7.1250e0      2.1508e1    -9.8510e0     -8.3594e0
   8 147      7.2500e0      2.1633e1    -9.8643e0     -8.4977e0
   8 148      7.3750e0      2.1758e1    -9.8776e0     -8.6360e0
   8 149      7.5000e0      2.1883e1    -9.8910e0     -8.7744e0
   8 150      7.6250e0      2.2008e1    -9.9049e0     -8.9133e0
   8 151      7.7500e0      2.2133e1    -9.9194e0     -9.0528e0
   8 152      7.8750e0      2.2258e1    -9.9345e0     -9.1929e0
   8 153      8.0000e0      2.2383e1    -9.9499e0     -9.3333e0
   8 154      8.1250e0      2.2508e1    -9.9654e0     -9.4739e0
   8 155      8.2500e0      2.2633e1    -9.9807e0     -9.6141e0
   8 156      8.3750e0      2.2758e1    -9.9955e0     -9.7539e0
   8 157      8.5000e0      2.2883e1    -1.0010e1     -9.8933e0
   8 158      8.6250e0      2.3008e1    -1.0024e1     -1.0033e1
   8 159      8.7500e0      2.3133e1    -1.0038e1     -1.0172e1
   8 160      8.8750e0      2.3258e1    -1.0052e1     -1.0311e1
   8 161      9.0000e0      2.3383e1    -1.0066e1     -1.0449e1
   8 162      9.1250e0      2.3508e1    -1.0080e1     -1.0588e1
   8 163      9.2500e0      2.3633e1    -1.0093e1     -1.0727e1
   8 164      9.3750e0      2.3758e1    -1.0107e1     -1.0866e1
   8 165      9.5000e0      2.3883e1    -1.0121e1     -1.1004e1
   8 166      9.6250e0      2.4008e1    -1.0135e1     -1.1144e1
   8 167      9.7500e0      2.4133e1    -1.0150e1     -1.1284e1
   8 168      9.8750e0      2.4258e1    -1.0166e1     -1.1424e1
   8 169      1.0000e1      2.4383e1    -1.0182e1     -1.1565e1
   8 170      1.0125e1      2.4508e1    -1.0198e1     -1.1706e1
   8 171      1.0250e1      2.4633e1    -1.0213e1     -1.1847e1
   8 172      1.0375e1      2.4758e1    -1.0228e1     -1.1986e1
   8 173      1.0500e1      2.4883e1    -1.0243e1     -1.2126e1
   8 174      1.0625e1      2.5008e1    -1.0257e1     -1.2266e1
   8 175      1.0750e1      2.5133e1    -1.0272e1     -1.2405e1
   8 176      1.0875e1      2.5258e1    -1.0286e1     -1.2544e1
   8 177      1.1000e1      2.5383e1    -1.0300e1     -1.2684e1
   8 178      1.1125e1      2.5508e1    -1.0315e1     -1.2823e1
   8 179      1.1250e1      2.5633e1    -1.0330e1     -1.2963e1
   8 180      1.1375e1      2.5758e1    -1.0345e1     -1.3103e1
   8 181      1.1500e1      2.5883e1    -1.0360e1     -1.3243e1
   8 182      1.1625e1      2.6008e1    -1.0375e1     -1.3384e1
   8 183      1.1750e1      2.6133e1    -1.0392e1     -1.3525e1
   8 184      1.1875e1      2.6258e1    -1.0409e1     -1.3667e1
   8 185      1.2000e1      2.6383e1    -1.0426e1     -1.3809e1
   8 186      1.2125e1      2.6508e1    -1.0443e1     -1.3951e1
   8 187      1.2250e1      2.6633e1    -1.0460e1     -1.4093e1
   8 188      1.2375e1      2.6758e1    -1.0477e1     -1.4235e1
   8 189      1.2500e1      2.6883e1    -1.0493e1     -1.4377e1
   8 190      1.2625e1      2.7008e1    -1.0510e1     -1.4519e1
   8 191      1.2750e1      2.7133e1    -1.0528e1     -1.4661e1
   8 192      1.2875e1      2.7258e1    -1.0546e1     -1.4804e1
   8 193      1.3000e1      2.7383e1    -1.0564e1     -1.4948e1
   8 194      1.3125e1      2.7508e1    -1.0582e1     -1.5091e1
   8 195      1.3250e1      2.7633e1    -1.0601e1     -1.5234e1
   8 196      1.3375e1      2.7758e1    -1.0619e1     -1.5377e1
   8 197      1.3500e1      2.7883e1    -1.0637e1     -1.5521e1
   8 198      1.3625e1      2.8008e1    -1.0658e1     -1.5666e1
   8 199      1.3750e1      2.8133e1    -1.0681e1     -1.5814e1
   8 200      1.3875e1      2.8258e1    -1.0707e1     -1.5965e1
   8 201      1.4000e1      2.8383e1    -1.0736e1     -1.6119e1
   8 202      1.4125e1      2.8508e1    -1.0768e1     -1.6276e1
   8 203      1.4250e1      2.8633e1    -1.0802e1     -1.6435e1
   8 204      1.4375e1      2.8758e1    -1.0838e1     -1.6596e1
   8 205      1.4500e1      2.8883e1    -1.0876e1     -1.6759e1
   8 206      1.4625e1      2.9008e1    -1.0917e1     -1.6925e1
   8 207      1.4750e1      2.9133e1    -1.0961e1     -1.7094e1
   8 208      1.4875e1      2.9258e1    -1.1008e1     -1.7266e1
   8 209      1.5000e1      2.9383e1    -1.1059e1     -1.7443e1
            log10(eV)     log10(Hz)    log10(nuFnu)  log10(Jy)

i_tm =   9;  t_obs =      6.480e1
   9   1     -1.1000e1      3.3834e0    -2.6903e1     -7.2868e0
   9   2     -1.0875e1      3.5084e0    -2.6737e1     -7.2452e0
   9   3     -1.0750e1      3.6334e0    -2.6570e1     -7.2035e0
   9   4     -1.0625e1      3.7584e0    -2.6403e1     -7.1618e0
   9   5     -1.0500e1      3.8834e0    -2.6237e1     -7.1202e0
   9   6     -1.0375e1      4.0084e0    -2.6070e1     -7.0785e0
   9   7     -1.0250e1      4.1334e0    -2.5903e1     -7.0368e0
   9   8     -1.0125e1      4.2584e0    -2.5737e1     -6.9952e0
   9   9     -1.0000e1      4.3834e0    -2.5570e1     -6.9535e0
   9  10     -9.8750e0      4.5084e0    -2.5403e1     -6.9118e0
   9  11     -9.7500e0      4.6334e0    -2.5237e1     -6.8702e0
   9  12     -9.6250e0      4.7584e0    -2.5070e1     -6.8285e0
   9  13     -9.5000e0      4.8834e0    -2.4903e1     -6.7868e0
   9  14     -9.3750e0      5.0084e0    -2.4737e1     -6.7452e0
   9  15     -9.2500e0      5.1334e0    -2.4570e1     -6.7035e0
   9  16     -9.1250e0      5.2584e0    -2.4403e1     -6.6618e0
   9  17     -9.0000e0      5.3834e0    -2.4237e1     -6.6202e0
   9  18     -8.8750e0      5.5084e0    -2.4070e1     -6.5785e0
   9  19     -8.7500e0      5.6334e0    -2.3903e1     -6.5368e0
   9  20     -8.6250e0      5.7584e0    -2.3737e1     -6.4952e0
   9  21     -8.5000e0      5.8834e0    -2.3570e1     -6.4535e0
   9  22     -8.3750e0      6.0084e0    -2.3403e1     -6.4118e0
   9  23     -8.2500e0      6.1334e0    -2.3237e1     -6.3702e0
   9  24     -8.1250e0      6.2584e0    -2.3070e1     -6.3285e0
   9  25     -8.0000e0      6.3834e0    -2.2903e1     -6.2868e0
   9  26     -7.8750e0      6.5084e0    -2.2737e1     -6.2452e0
   9  27     -7.7500e0      6.6334e0    -2.2570e1     -6.2035e0
   9  28     -7.6250e0      6.7584e0    -2.2403e1     -6.1618e0
   9  29     -7.5000e0      6.8834e0    -2.2237e1     -6.1202e0
   9  30     -7.3750e0      7.0084e0    -2.2070e1     -6.0785e0
   9  31     -7.2500e0      7.1334e0    -2.1903e1     -6.0368e0
   9  32     -7.1250e0      7.2584e0    -2.1737e1     -5.9952e0
   9  33     -7.0000e0      7.3834e0    -2.1570e1     -5.9535e0
   9  34     -6.8750e0      7.5084e0    -2.1403e1     -5.9118e0
   9  35     -6.7500e0      7.6334e0    -2.1237e1     -5.8702e0
   9  36     -6.6250e0      7.7584e0    -2.1070e1     -5.8285e0
   9  37     -6.5000e0      7.8834e0    -2.0903e1     -5.7869e0
   9  38     -6.3750e0      8.0084e0    -2.0737e1     -5.7452e0
   9  39     -6.2500e0      8.1334e0    -2.0570e1     -5.7035e0
   9  40     -6.1250e0      8.2584e0    -2.0403e1     -5.6619e0
   9  41     -6.0000e0      8.3834e0    -2.0237e1     -5.6202e0
   9  42     -5.8750e0      8.5084e0    -2.0070e1     -5.5785e0
   9  43     -5.7500e0      8.6334e0    -1.9903e1     -5.5369e0
   9  44     -5.6250e0      8.7584e0    -1.9737e1     -5.4952e0
   9  45     -5.5000e0      8.8834e0    -1.9570e1     -5.4536e0
   9  46     -5.3750e0      9.0084e0    -1.9404e1     -5.4119e0
   9  47     -5.2500e0      9.1334e0    -1.9237e1     -5.3703e0
   9  48     -5.1250e0      9.2584e0    -1.9070e1     -5.3287e0
   9  49     -5.0000e0      9.3834e0    -1.8904e1     -5.2870e0
   9  50     -4.8750e0      9.5084e0    -1.8737e1     -5.2454e0
   9  51     -4.7500e0      9.6334e0    -1.8570e1     -5.2038e0
   9  52     -4.6250e0      9.7584e0    -1.8404e1     -5.1622e0
   9  53     -4.5000e0      9.8834e0    -1.8237e1     -5.1206e0
   9  54     -4.3750e0      1.0008e1    -1.8071e1     -5.0790e0
   9  55     -4.2500e0      1.0133e1    -1.7904e1     -5.0375e0
   9  56     -4.1250e0      1.0258e1    -1.7738e1     -4.9960e0
   9  57     -4.0000e0      1.0383e1    -1.7571e1     -4.9545e0
   9  58     -3.8750e0      1.0508e1    -1.7405e1     -4.9130e0
   9  59     -3.7500e0      1.0633e1    -1.7238e1     -4.8716e0
   9  60     -3.6250e0      1.0758e1    -1.7072e1     -4.8301e0
   9  61     -3.5000e0      1.0883e1    -1.6905e1     -4.7888e0
   9  62     -3.3750e0      1.1008e1    -1.6739e1     -4.7474e0
   9  63     -3.2500e0      1.1133e1    -1.6573e1     -4.7060e0
   9  64     -3.1250e0      1.1258e1    -1.6406e1     -4.6646e0
   9  65     -3.0000e0      1.1383e1    -1.6240e1     -4.6232e0
   9  66     -2.8750e0      1.1508e1    -1.6073e1     -4.5817e0
   9  67     -2.7500e0      1.1633e1    -1.5907e1     -4.5403e0
   9  68     -2.6250e0      1.1758e1    -1.5740e1     -4.4989e0
   9  69     -2.5000e0      1.1883e1    -1.5574e1     -4.4575e0
   9  70     -2.3750e0      1.2008e1    -1.5408e1     -4.4161e0
   9  71     -2.2500e0      1.2133e1    -1.5241e1     -4.3748e0
   9  72     -2.1250e0      1.2258e1    -1.5075e1     -4.3334e0
   9  73     -2.0000e0      1.2383e1    -1.4909e1     -4.2920e0
   9  74     -1.8750e0      1.2508e1    -1.4742e1     -4.2508e0
   9  75     -1.7500e0      1.2633e1    -1.4576e1     -4.2095e0
   9  76     -1.6250e0      1.2758e1    -1.4410e1     -4.1684e0
   9  77     -1.5000e0      1.2883e1    -1.4244e1     -4.1274e0
   9  78     -1.3750e0      1.3008e1    -1.4078e1     -4.0864e0
   9  79     -1.2500e0      1.3133e1    -1.3912e1     -4.0457e0
   9  80     -1.1250e0      1.3258e1    -1.3747e1     -4.0049e0
   9  81     -1.0000e0      1.3383e1    -1.3581e1     -3.9644e0
   9  82    -8.7501e-1      1.3508e1    -1.3416e1     -3.9241e0
   9  83    -7.5001e-1      1.3633e1    -1.3251e1     -3.8839e0
   9  84    -6.2501e-1      1.3758e1    -1.3086e1     -3.8441e0
   9  85    -5.0001e-1      1.3883e1    -1.2921e1     -3.8046e0
   9  86    -3.7501e-1      1.4008e1    -1.2757e1     -3.7655e0
   9  87    -2.5001e-1      1.4133e1    -1.2594e1     -3.7269e0
   9  88    -1.2501e-1      1.4258e1    -1.2430e1     -3.6887e0
   9  89    -1.3724e-5      1.4383e1    -1.2268e1     -3.6512e0
   9  90     1.2499e-1      1.4508e1    -1.2106e1     -3.6144e0
   9  91     2.4999e-1      1.4633e1    -1.1945e1     -3.5784e0
   9  92     3.7499e-1      1.4758e1    -1.1785e1     -3.5434e0
   9  93     4.9999e-1      1.4883e1    -1.1626e1     -3.5095e0
   9  94     6.2499e-1      1.5008e1    -1.1469e1     -3.4770e0
   9  95     7.4999e-1      1.5133e1    -1.1313e1     -3.4459e0
   9  96     8.7499e-1      1.5258e1    -1.1158e1     -3.4165e0
   9  97     9.9999e-1      1.5383e1    -1.1006e1     -3.3891e0
   9  98      1.1250e0      1.5508e1    -1.0855e1     -3.3638e0
   9  99      1.2500e0      1.5633e1    -1.0708e1     -3.3411e0
   9 100      1.3750e0      1.5758e1    -1.0563e1     -3.3212e0
   9 101      1.5000e0      1.5883e1    -1.0421e1     -3.3048e0
   9 102      1.6250e0      1.6008e1    -1.0284e1     -3.2923e0
   9 103      1.7500e0      1.6133e1    -1.0151e1     -3.2842e0
   9 104      1.8750e0      1.6258e1    -1.0023e1     -3.2810e0
   9 105      2.0000e0      1.6383e1    -9.8998e0     -3.2832e0
   9 106      2.1250e0      1.6508e1    -9.7830e0     -3.2914e0
   9 107      2.2500e0      1.6633e1    -9.6726e0     -3.3060e0
   9 108      2.3750e0      1.6758e1    -9.5691e0     -3.3275e0
   9 109      2.5000e0      1.6883e1    -9.4731e0     -3.3565e0
   9 110      2.6250e0      1.7008e1    -9.3852e0     -3.3936e0
   9 111      2.7500e0      1.7133e1    -9.3057e0     -3.4391e0
   9 112      2.8750e0      1.7258e1    -9.2353e0     -3.4937e0
   9 113      3.0000e0      1.7383e1    -9.1742e0     -3.5577e0
   9 114      3.1250e0      1.7508e1    -9.1231e0     -3.6315e0
   9 115      3.2500e0      1.7633e1    -9.0823e0     -3.7157e0
   9 116      3.3750e0      1.7758e1    -9.0522e0     -3.8106e0
   9 117      3.5000e0      1.7883e1    -9.0332e0     -3.9166e0
   9 118      3.6250e0      1.8008e1    -9.0254e0     -4.0338e0
   9 119      3.7500e0      1.8133e1    -9.0291e0     -4.1625e0
   9 120      3.8750e0      1.8258e1    -9.0446e0     -4.3030e0
   9 121      4.0000e0      1.8383e1    -9.0718e0     -4.4552e0
   9 122      4.1250e0      1.8508e1    -9.1104e0     -4.6188e0
   9 123      4.2500e0      1.8633e1    -9.1592e0     -4.7926e0
   9 124      4.3750e0      1.8758e1    -9.2162e0     -4.9746e0
   9 125      4.5000e0      1.8883e1    -9.2788e0     -5.1622e0
   9 126      4.6250e0      1.9008e1    -9.3444e0     -5.3528e0
   9 127      4.7500e0      1.9133e1    -9.4108e0     -5.5442e0
   9 128      4.8750e0      1.9258e1    -9.4765e0     -5.7349e0
   9 129      5.0000e0      1.9383e1    -9.5405e0     -5.9239e0
   9 130      5.1250e0      1.9508e1    -9.6013e0     -6.1097e0
   9 131      5.2500e0      1.9633e1    -9.6572e0     -6.2906e0
   9 132      5.3750e0      1.9758e1    -9.7063e0     -6.4647e0
   9 133      5.5000e0      1.9883e1    -9.7479e0     -6.6313e0
   9 134      5.6250e0      2.0008e1    -9.7818e0     -6.7902e0
   9 135      5.7500e0      2.0133e1    -9.8090e0     -6.9424e0
   9 136      5.8750e0      2.0258e1    -9.8311e0     -7.0895e0
   9 137      6.0000e0      2.0383e1    -9.8496e0     -7.2330e0
   9 138      6.1250e0      2.0508e1    -9.8658e0     -7.3742e0
   9 139      6.2500e0      2.0633e1    -9.8808e0     -7.5142e0
   9 140      6.3750e0      2.0758e1    -9.8950e0     -7.6534e0
   9 141      6.5000e0      2.0883e1    -9.9087e0     -7.7921e0
   9 142      6.6250e0      2.1008e1    -9.9220e0     -7.9304e0
   9 143      6.7500e0      2.1133e1    -9.9351e0     -8.0685e0
   9 144      6.8750e0      2.1258e1    -9.9481e0     -8.2065e0
   9 145      7.0000e0      2.1383e1    -9.9611e0     -8.3445e0
   9 146      7.1250e0      2.1508e1    -9.9742e0     -8.4826e0
   9 147      7.2500e0      2.1633e1    -9.9875e0     -8.6209e0
   9 148      7.3750e0      2.1758e1    -1.0001e1     -8.7592e0
   9 149      7.5000e0      2.1883e1    -1.0014e1     -8.8979e0
   9 150      7.6250e0      2.2008e1    -1.0029e1     -9.0370e0
   9 151      7.7500e0      2.2133e1    -1.0043e1     -9.1768e0
   9 152      7.8750e0      2.2258e1    -1.0059e1     -9.3172e0
   9 153      8.0000e0      2.2383e1    -1.0074e1     -9.4578e0
   9 154      8.1250e0      2.2508e1    -1.0090e1     -9.5982e0
   9 155      8.2500e0      2.2633e1    -1.0105e1     -9.7381e0
   9 156      8.3750e0      2.2758e1    -1.0119e1     -9.8778e0
   9 157      8.5000e0      2.2883e1    -1.0134e1     -1.0017e1
   9 158      8.6250e0      2.3008e1    -1.0148e1     -1.0157e1
   9 159      8.7500e0      2.3133e1    -1.0162e1     -1.0296e1
   9 160      8.8750e0      2.3258e1    -1.0176e1     -1.0435e1
   9 161      9.0000e0      2.3383e1    -1.0190e1     -1.0574e1
   9 162      9.1250e0      2.3508e1    -1.0204e1     -1.0712e1
   9 163      9.2500e0      2.3633e1    -1.0217e1     -1.0851e1
   9 164      9.3750e0      2.3758e1    -1.0231e1     -1.0990e1
   9 165      9.5000e0      2.3883e1    -1.0245e1     -1.1129e1
   9 166      9.6250e0      2.4008e1    -1.0260e1     -1.1268e1
   9 167      9.7500e0      2.4133e1    -1.0275e1     -1.1409e1
   9 168      9.8750e0      2.4258e1    -1.0291e1     -1.1550e1
   9 169      1.0000e1      2.4383e1    -1.0307e1     -1.1691e1
   9 170      1.0125e1      2.4508e1    -1.0323e1     -1.1832e1
   9 171      1.0250e1      2.4633e1    -1.0338e1     -1.1972e1
   9 172      1.0375e1      2.4758e1    -1.0353e1     -1.2112e1
   9 173      1.0500e1      2.4883e1    -1.0368e1     -1.2251e1
   9 174      1.0625e1      2.5008e1    -1.0382e1     -1.2391e1
   9 175      1.0750e1      2.5133e1    -1.0397e1     -1.2530e1
   9 176      1.0875e1      2.5258e1    -1.0411e1     -1.2670e1
   9 177      1.1000e1      2.5383e1    -1.0426e1     -1.2809e1
   9 178      1.1125e1      2.5508e1    -1.0441e1     -1.2949e1
   9 179      1.1250e1      2.5633e1    -1.0455e1     -1.3089e1
   9 180      1.1375e1      2.5758e1    -1.0470e1     -1.3229e1
   9 181      1.1500e1      2.5883e1    -1.0486e1     -1.3369e1
   9 182      1.1625e1      2.6008e1    -1.0502e1     -1.3510e1
   9 183      1.1750e1      2.6133e1    -1.0519e1     -1.3652e1
   9 184      1.1875e1      2.6258e1    -1.0536e1     -1.3794e1
   9 185      1.2000e1      2.6383e1    -1.0553e1     -1.3937e1
   9 186      1.2125e1      2.6508e1    -1.0570e1     -1.4079e1
   9 187      1.2250e1      2.6633e1    -1.0587e1     -1.4220e1
   9 188      1.2375e1      2.6758e1    -1.0604e1     -1.4362e1
   9 189      1.2500e1      2.6883e1    -1.0620e1     -1.4504e1
   9 190      1.2625e1      2.7008e1    -1.0637e1     -1.4646e1
   9 191      1.2750e1      2.7133e1    -1.0655e1     -1.4788e1
   9 192      1.2875e1      2.7258e1    -1.0673e1     -1.4931e1
   9 193      1.3000e1      2.7383e1    -1.0691e1     -1.5074e1
   9 194      1.3125e1      2.7508e1    -1.0709e1     -1.5217e1
   9 195      1.3250e1      2.7633e1    -1.0726e1     -1.5360e1
   9 196      1.3375e1      2.7758e1    -1.0744e1     -1.5503e1
   9 197      1.3500e1      2.7883e1    -1.0763e1     -1.5647e1
   9 198      1.3625e1      2.8008e1    -1.0785e1     -1.5793e1
   9 199      1.3750e1      2.8133e1    -1.0809e1     -1.5942e1
   9 200      1.3875e1      2.8258e1    -1.0836e1     -1.6094e1
   9 201      1.4000e1      2.8383e1    -1.0866e1     -1.6249e1
   9 202      1.4125e1      2.8508e1    -1.0898e1     -1.6406e1
   9 203      1.4250e1      2.8633e1    -1.0932e1     -1.6566e1
   9 204      1.4375e1      2.8758e1    -1.0969e1     -1.6727e1
   9 205      1.4500e1      2.8883e1    -1.1008e1     -1.6891e1
   9 206      1.4625e1      2.9008e1    -1.1049e1     -1.7058e1
   9 207      1.4750e1      2.9133e1    -1.1094e1     -1.7227e1
   9 208      1.4875e1      2.9258e1    -1.1142e1     -1.7401e1
   9 209      1.5000e1      2.9383e1    -1.1195e1     -1.7578e1
            log10(eV)     log10(Hz)    log10(nuFnu)  log10(Jy)

i_tm =  10;  t_obs =      8.185e1
  10   1     -1.1000e1      3.3834e0    -2.6870e1     -7.2536e0
  10   2     -1.0875e1      3.5084e0    -2.6704e1     -7.2119e0
  10   3     -1.0750e1      3.6334e0    -2.6537e1     -7.1703e0
  10   4     -1.0625e1      3.7584e0    -2.6370e1     -7.1286e0
  10   5     -1.0500e1      3.8834e0    -2.6204e1     -7.0869e0
  10   6     -1.0375e1      4.0084e0    -2.6037e1     -7.0453e0
  10   7     -1.0250e1      4.1334e0    -2.5870e1     -7.0036e0
  10   8     -1.0125e1      4.2584e0    -2.5704e1     -6.9619e0
  10   9     -1.0000e1      4.3834e0    -2.5537e1     -6.9203e0
  10  10     -9.8750e0      4.5084e0    -2.5370e1     -6.8786e0
  10  11     -9.7500e0      4.6334e0    -2.5204e1     -6.8369e0
  10  12     -9.6250e0      4.7584e0    -2.5037e1     -6.7953e0
  10  13     -9.5000e0      4.8834e0    -2.4870e1     -6.7536e0
  10  14     -9.3750e0      5.0084e0    -2.4704e1     -6.7119e0
  10  15     -9.2500e0      5.1334e0    -2.4537e1     -6.6703e0
  10  16     -9.1250e0      5.2584e0    -2.4370e1     -6.6286e0
  10  17     -9.0000e0      5.3834e0    -2.4204e1     -6.5869e0
  10  18     -8.8750e0      5.5084e0    -2.4037e1     -6.5453e0
  10  19     -8.7500e0      5.6334e0    -2.3870e1     -6.5036e0
  10  20     -8.6250e0      5.7584e0    -2.3704e1     -6.4619e0
  10  21     -8.5000e0      5.8834e0    -2.3537e1     -6.4203e0
  10  22     -8.3750e0      6.0084e0    -2.3370e1     -6.3786e0
  10  23     -8.2500e0      6.1334e0    -2.3204e1     -6.3369e0
  10  24     -8.1250e0      6.2584e0    -2.3037e1     -6.2953e0
  10  25     -8.0000e0      6.3834e0    -2.2870e1     -6.2536e0
  10  26     -7.8750e0      6.5084e0    -2.2704e1     -6.2119e0
  10  27     -7.7500e0      6.6334e0    -2.2537e1     -6.1703e0
  10  28     -7.6250e0      6.7584e0    -2.2370e1     -6.1286e0
  10  29     -7.5000e0      6.8834e0    -2.2204e1     -6.0869e0
  10  30     -7.3750e0      7.0084e0    -2.2037e1     -6.0453e0
  10  31     -7.2500e0      7.1334e0    -2.1870e1     -6.0036e0
  10  32     -7.1250e0      7.2584e0    -2.1704e1     -5.9619e0
  10  33     -7.0000e0      7.3834e0    -2.1537e1     -5.9203e0
  10  34     -6.8750e0      7.5084e0    -2.1370e1     -5.8786e0
  10  35     -6.7500e0      7.6334e0    -2.1204e1     -5.8369e0
  10  36     -6.6250e0      7.7584e0    -2.1037e1     -5.7953e0
  10  37     -6.5000e0      7.8834e0    -2.0870e1     -5.7536e0
  10  38     -6.3750e0      8.0084e0    -2.0704e1     -5.7120e0
  10  39     -6.2500e0      8.1334e0    -2.0537e1     -5.6703e0
  10  40     -6.1250e0      8.2584e0    -2.0370e1     -5.6286e0
  10  41     -6.0000e0      8.3834e0    -2.0204e1     -5.5870e0
  10  42     -5.8750e0      8.5084e0    -2.0037e1     -5.5453e0
  10  43     -5.7500e0      8.6334e0    -1.9870e1     -5.5037e0
  10  44     -5.6250e0      8.7584e0    -1.9704e1     -5.4620e0
  10  45     -5.5000e0      8.8834e0    -1.9537e1     -5.4203e0
  10  46     -5.3750e0      9.0084e0    -1.9370e1     -5.3787e0
  10  47     -5.2500e0      9.1334e0    -1.9204e1     -5.3371e0
  10  48     -5.1250e0      9.2584e0    -1.9037e1     -5.2955e0
  10  49     -5.0000e0      9.3834e0    -1.8870e1     -5.2538e0
  10  50     -4.8750e0      9.5084e0    -1.8704e1     -5.2122e0
  10  51     -4.7500e0      9.6334e0    -1.8537e1     -5.1706e0
  10  52     -4.6250e0      9.7584e0    -1.8371e1     -5.1290e0
  10  53     -4.5000e0      9.8834e0    -1.8204e1     -5.0874e0
  10  54     -4.3750e0      1.0008e1    -1.8037e1     -5.0459e0
  10  55     -4.2500e0      1.0133e1    -1.7871e1     -5.0044e0
  10  56     -4.1250e0      1.0258e1    -1.7704e1     -4.9629e0
  10  57     -4.0000e0      1.0383e1    -1.7538e1     -4.9214e0
  10  58     -3.8750e0      1.0508e1    -1.7372e1     -4.8799e0
  10  59     -3.7500e0      1.0633e1    -1.7205e1     -4.8385e0
  10  60     -3.6250e0      1.0758e1    -1.7039e1     -4.7971e0
  10  61     -3.5000e0      1.0883e1    -1.6872e1     -4.7557e0
  10  62     -3.3750e0      1.1008e1    -1.6706e1     -4.7143e0
  10  63     -3.2500e0      1.1133e1    -1.6540e1     -4.6730e0
  10  64     -3.1250e0      1.1258e1    -1.6373e1     -4.6315e0
  10  65     -3.0000e0      1.1383e1    -1.6207e1     -4.5901e0
  10  66     -2.8750e0      1.1508e1    -1.6040e1     -4.5487e0
  10  67     -2.7500e0      1.1633e1    -1.5874e1     -4.5072e0
  10  68     -2.6250e0      1.1758e1    -1.5707e1     -4.4658e0
  10  69     -2.5000e0      1.1883e1    -1.5541e1     -4.4244e0
  10  70     -2.3750e0      1.2008e1    -1.5375e1     -4.3830e0
  10  71     -2.2500e0      1.2133e1    -1.5208e1     -4.3417e0
  10  72     -2.1250e0      1.2258e1    -1.5042e1     -4.3003e0
  10  73     -2.0000e0      1.2383e1    -1.4876e1     -4.2590e0
  10  74     -1.8750e0      1.2508e1    -1.4709e1     -4.2177e0
  10  75     -1.7500e0      1.2633e1    -1.4543e1     -4.1765e0
  10  76     -1.6250e0      1.2758e1    -1.4377e1     -4.1355e0
  10  77     -1.5000e0      1.2883e1    -1.4211e1     -4.0944e0
  10  78     -1.3750e0      1.3008e1    -1.4045e1     -4.0536e0
  10  79     -1.2500e0      1.3133e1    -1.3879e1     -4.0128e0
  10  80     -1.1250e0      1.3258e1    -1.3714e1     -3.9722e0
  10  81     -1.0000e0      1.3383e1    -1.3548e1     -3.9318e0
  10  82    -8.7501e-1      1.3508e1    -1.3383e1     -3.8915e0
  10  83    -7.5001e-1      1.3633e1    -1.3218e1     -3.8516e0
  10  84    -6.2501e-1      1.3758e1    -1.3054e1     -3.8120e0
  10  85    -5.0001e-1      1.3883e1    -1.2889e1     -3.7727e0
  10  86    -3.7501e-1      1.4008e1    -1.2725e1     -3.7339e0
  10  87    -2.5001e-1      1.4133e1    -1.2562e1     -3.6956e0
  10  88    -1.2501e-1      1.4258e1    -1.2399e1     -3.6578e0
  10  89    -1.3724e-5      1.4383e1    -1.2237e1     -3.6207e0
  10  90     1.2499e-1      1.4508e1    -1.2076e1     -3.5844e0
  10  91     2.4999e-1      1.4633e1    -1.1916e1     -3.5491e0
  10  92     3.7499e-1      1.4758e1    -1.1756e1     -3.5148e0
  10  93     4.9999e-1      1.4883e1    -1.1598e1     -3.4818e0
  10  94     6.2499e-1      1.5008e1    -1.1442e1     -3.4503e0
  10  95     7.4999e-1      1.5133e1    -1.1287e1     -3.4204e0
  10  96     8.7499e-1      1.5258e1    -1.1134e1     -3.3924e0
  10  97     9.9999e-1      1.5383e1    -1.0983e1     -3.3666e0
  10  98      1.1250e0      1.5508e1    -1.0835e1     -3.3432e0
  10  99      1.2500e0      1.5633e1    -1.0689e1     -3.3228e0
  10 100      1.3750e0      1.5758e1    -1.0547e1     -3.3056e0
  10 101      1.5000e0      1.5883e1    -1.0409e1     -3.2922e0
  10 102      1.6250e0      1.6008e1    -1.0275e1     -3.2831e0
  10 103      1.7500e0      1.6133e1    -1.0146e1     -3.2790e0
  10 104      1.8750e0      1.6258e1    -1.0022e1     -3.2803e0
  10 105      2.0000e0      1.6383e1    -9.9040e0     -3.2875e0
  10 106      2.1250e0      1.6508e1    -9.7927e0     -3.3011e0
  10 107      2.2500e0      1.6633e1    -9.6884e0     -3.3218e0
  10 108      2.3750e0      1.6758e1    -9.5915e0     -3.3499e0
  10 109      2.5000e0      1.6883e1    -9.5028e0     -3.3862e0
  10 110      2.6250e0      1.7008e1    -9.4226e0     -3.4311e0
  10 111      2.7500e0      1.7133e1    -9.3516e0     -3.4850e0
  10 112      2.8750e0      1.7258e1    -9.2902e0     -3.5486e0
  10 113      3.0000e0      1.7383e1    -9.2388e0     -3.6222e0
  10 114      3.1250e0      1.7508e1    -9.1978e0     -3.7062e0
  10 115      3.2500e0      1.7633e1    -9.1676e0     -3.8010e0
  10 116      3.3750e0      1.7758e1    -9.1485e0     -3.9069e0
  10 117      3.5000e0      1.7883e1    -9.1408e0     -4.0242e0
  10 118      3.6250e0      1.8008e1    -9.1445e0     -4.1529e0
  10 119      3.7500e0      1.8133e1    -9.1599e0     -4.2933e0
  10 120      3.8750e0      1.8258e1    -9.1867e0     -4.4451e0
  10 121      4.0000e0      1.8383e1    -9.2246e0     -4.6080e0
  10 122      4.1250e0      1.8508e1    -9.2724e0     -4.7808e0
  10 123      4.2500e0      1.8633e1    -9.3283e0     -4.9617e0
  10 124      4.3750e0      1.8758e1    -9.3898e0     -5.1482e0
  10 125      4.5000e0      1.8883e1    -9.4545e0     -5.3379e0
  10 126      4.6250e0      1.9008e1    -9.5198e0     -5.5282e0
  10 127      4.7500e0      1.9133e1    -9.5845e0     -5.7179e0
  10 128      4.8750e0      1.9258e1    -9.6474e0     -5.9058e0
  10 129      5.0000e0      1.9383e1    -9.7070e0     -6.0904e0
  10 130      5.1250e0      1.9508e1    -9.7616e0     -6.2700e0
  10 131      5.2500e0      1.9633e1    -9.8094e0     -6.4428e0
  10 132      5.3750e0      1.9758e1    -9.8496e0     -6.6080e0
  10 133      5.5000e0      1.9883e1    -9.8823e0     -6.7657e0
  10 134      5.6250e0      2.0008e1    -9.9084e0     -6.9169e0
  10 135      5.7500e0      2.0133e1    -9.9297e0     -7.0631e0
  10 136      5.8750e0      2.0258e1    -9.9476e0     -7.2060e0
  10 137      6.0000e0      2.0383e1    -9.9633e0     -7.3467e0
  10 138      6.1250e0      2.0508e1    -9.9779e0     -7.4863e0
  10 139      6.2500e0      2.0633e1    -9.9918e0     -7.6252e0
  10 140      6.3750e0      2.0758e1    -1.0005e1     -7.7637e0
  10 141      6.5000e0      2.0883e1    -1.0018e1     -7.9017e0
  10 142      6.6250e0      2.1008e1    -1.0031e1     -8.0396e0
  10 143      6.7500e0      2.1133e1    -1.0044e1     -8.1775e0
  10 144      6.8750e0      2.1258e1    -1.0057e1     -8.3154e0
  10 145      7.0000e0      2.1383e1    -1.0070e1     -8.4535e0
  10 146      7.1250e0      2.1508e1    -1.0083e1     -8.5919e0
  10 147      7.2500e0      2.1633e1    -1.0097e1     -8.7303e0
  10 148      7.3750e0      2.1758e1    -1.0110e1     -8.8688e0
  10 149      7.5000e0      2.1883e1    -1.0124e1     -9.0077e0
  10 150      7.6250e0      2.2008e1    -1.0139e1     -9.1470e0
  10 151      7.7500e0      2.2133e1    -1.0154e1     -9.2870e0
  10 152      7.8750e0      2.2258e1    -1.0169e1     -9.4274e0
  10 153      8.0000e0      2.2383e1    -1.0184e1     -9.5679e0
  10 154      8.1250e0      2.2508e1    -1.0200e1     -9.7082e0
  10 155      8.2500e0      2.2633e1    -1.0214e1     -9.8479e0
  10 156      8.3750e0      2.2758e1    -1.0229e1     -9.9873e0
  10 157      8.5000e0      2.2883e1    -1.0243e1     -1.0127e1
  10 158      8.6250e0      2.3008e1    -1.0257e1     -1.0266e1
  10 159      8.7500e0      2.3133e1    -1.0271e1     -1.0405e1
  10 160      8.8750e0      2.3258e1    -1.0285e1     -1.0544e1
  10 161      9.0000e0      2.3383e1    -1.0299e1     -1.0682e1
  10 162      9.1250e0      2.3508e1    -1.0313e1     -1.0821e1
  10 163      9.2500e0      2.3633e1    -1.0327e1     -1.0960e1
  10 164      9.3750e0      2.3758e1    -1.0341e1     -1.1099e1
  10 165      9.5000e0      2.3883e1    -1.0355e1     -1.1238e1
  10 166      9.6250e0      2.4008e1    -1.0370e1     -1.1378e1
  10 167      9.7500e0      2.4133e1    -1.0386e1     -1.1519e1
  10 168      9.8750e0      2.4258e1    -1.0401e1     -1.1660e1
  10 169      1.0000e1      2.4383e1    -1.0417e1     -1.1801e1
  10 170      1.0125e1      2.4508e1    -1.0433e1     -1.1941e1
  10 171      1.0250e1      2.4633e1    -1.0448e1     -1.2081e1
  10 172      1.0375e1      2.4758e1    -1.0462e1     -1.2221e1
  10 173      1.0500e1      2.4883e1    -1.0477e1     -1.2360e1
  10 174      1.0625e1      2.5008e1    -1.0491e1     -1.2499e1
  10 175      1.0750e1      2.5133e1    -1.0505e1     -1.2639e1
  10 176      1.0875e1      2.5258e1    -1.0520e1     -1.2778e1
  10 177      1.1000e1      2.5383e1    -1.0534e1     -1.2918e1
  10 178      1.1125e1      2.5508e1    -1.0549e1     -1.3058e1
  10 179      1.1250e1      2.5633e1    -1.0564e1     -1.3198e1
  10 180      1.1375e1      2.5758e1    -1.0579e1     -1.3338e1
  10 181      1.1500e1      2.5883e1    -1.0595e1     -1.3478e1
  10 182      1.1625e1      2.6008e1    -1.0611e1     -1.3619e1
  10 183      1.1750e1      2.6133e1    -1.0628e1     -1.3761e1
  10 184      1.1875e1      2.6258e1    -1.0645e1     -1.3903e1
  10 185      1.2000e1      2.6383e1    -1.0662e1     -1.4045e1
  10 186      1.2125e1      2.6508e1    -1.0679e1     -1.4187e1
  10 187      1.2250e1      2.6633e1    -1.0695e1     -1.4329e1
  10 188      1.2375e1      2.6758e1    -1.0712e1     -1.4470e1
  10 189      1.2500e1      2.6883e1    -1.0729e1     -1.4612e1
  10 190      1.2625e1      2.7008e1    -1.0746e1     -1.4755e1
  10 191      1.2750e1      2.7133e1    -1.0764e1     -1.4898e1
  10 192      1.2875e1      2.7258e1    -1.0783e1     -1.5041e1
  10 193      1.3000e1      2.7383e1    -1.0801e1     -1.5185e1
  10 194      1.3125e1      2.7508e1    -1.0820e1     -1.5328e1
  10 195      1.3250e1      2.7633e1    -1.0838e1     -1.5471e1
  10 196      1.3375e1      2.7758e1    -1.0857e1     -1.5615e1
  10 197      1.3500e1      2.7883e1    -1.0877e1     -1.5760e1
  10 198      1.3625e1      2.8008e1    -1.0899e1     -1.5907e1
  10 199      1.3750e1      2.8133e1    -1.0924e1     -1.6057e1
  10 200      1.3875e1      2.8258e1    -1.0952e1     -1.6210e1
  10 201      1.4000e1      2.8383e1    -1.0982e1     -1.6366e1
  10 202      1.4125e1      2.8508e1    -1.1015e1     -1.6523e1
  10 203      1.4250e1      2.8633e1    -1.1050e1     -1.6683e1
  10 204      1.4375e1      2.8758e1    -1.1087e1     -1.6845e1
  10 205      1.4500e1      2.8883e1    -1.1127e1     -1.7010e1
  10 206      1.4625e1      2.9008e1    -1.1170e1     -1.7178e1
  10 207      1.4750e1      2.9133e1    -1.1216e1     -1.7350e1
  10 208      1.4875e1      2.9258e1    -1.1267e1     -1.7525e1
  10 209      1.5000e1      2.9383e1    -1.1323e1     -1.7707e1
            log10(eV)     log10(Hz)    log10(nuFnu)  log10(Jy)

i_tm =  11;  t_obs =      1.034e2
  11   1     -1.1000e1      3.3834e0    -2.6836e1     -7.2195e0
  11   2     -1.0875e1      3.5084e0    -2.6669e1     -7.1778e0
  11   3     -1.0750e1      3.6334e0    -2.6503e1     -7.1362e0
  11   4     -1.0625e1      3.7584e0    -2.6336e1     -7.0945e0
  11   5     -1.0500e1      3.8834e0    -2.6169e1     -7.0528e0
  11   6     -1.0375e1      4.0084e0    -2.6003e1     -7.0112e0
  11   7     -1.0250e1      4.1334e0    -2.5836e1     -6.9695e0
  11   8     -1.0125e1      4.2584e0    -2.5669e1     -6.9278e0
  11   9     -1.0000e1      4.3834e0    -2.5503e1     -6.8862e0
  11  10     -9.8750e0      4.5084e0    -2.5336e1     -6.8445e0
  11  11     -9.7500e0      4.6334e0    -2.5169e1     -6.8028e0
  11  12     -9.6250e0      4.7584e0    -2.5003e1     -6.7612e0
  11  13     -9.5000e0      4.8834e0    -2.4836e1     -6.7195e0
  11  14     -9.3750e0      5.0084e0    -2.4669e1     -6.6778e0
  11  15     -9.2500e0      5.1334e0    -2.4503e1     -6.6362e0
  11  16     -9.1250e0      5.2584e0    -2.4336e1     -6.5945e0
  11  17     -9.0000e0      5.3834e0    -2.4169e1     -6.5528e0
  11  18     -8.8750e0      5.5084e0    -2.4003e1     -6.5112e0
  11  19     -8.7500e0      5.6334e0    -2.3836e1     -6.4695e0
  11  20     -8.6250e0      5.7584e0    -2.3669e1     -6.4278e0
  11  21     -8.5000e0      5.8834e0    -2.3503e1     -6.3862e0
  11  22     -8.3750e0      6.0084e0    -2.3336e1     -6.3445e0
  11  23     -8.2500e0      6.1334e0    -2.3169e1     -6.3028e0
  11  24     -8.1250e0      6.2584e0    -2.3003e1     -6.2612e0
  11  25     -8.0000e0      6.3834e0    -2.2836e1     -6.2195e0
  11  26     -7.8750e0      6.5084e0    -2.2669e1     -6.1778e0
  11  27     -7.7500e0      6.6334e0    -2.2503e1     -6.1362e0
  11  28     -7.6250e0      6.7584e0    -2.2336e1     -6.0945e0
  11  29     -7.5000e0      6.8834e0    -2.2169e1     -6.0529e0
  11  30     -7.3750e0      7.0084e0    -2.2003e1     -6.0112e0
  11  31     -7.2500e0      7.1334e0    -2.1836e1     -5.9695e0
  11  32     -7.1250e0      7.2584e0    -2.1669e1     -5.9279e0
  11  33     -7.0000e0      7.3834e0    -2.1503e1     -5.8862e0
  11  34     -6.8750e0      7.5084e0    -2.1336e1     -5.8445e0
  11  35     -6.7500e0      7.6334e0    -2.1169e1     -5.8029e0
  11  36     -6.6250e0      7.7584e0    -2.1003e1     -5.7612e0
  11  37     -6.5000e0      7.8834e0    -2.0836e1     -5.7195e0
  11  38     -6.3750e0      8.0084e0    -2.0669e1     -5.6779e0
  11  39     -6.2500e0      8.1334e0    -2.0503e1     -5.6362e0
  11  40     -6.1250e0      8.2584e0    -2.0336e1     -5.5945e0
  11  41     -6.0000e0      8.3834e0    -2.0169e1     -5.5529e0
  11  42     -5.8750e0      8.5084e0    -2.0003e1     -5.5112e0
  11  43     -5.7500e0      8.6334e0    -1.9836e1     -5.4696e0
  11  44     -5.6250e0      8.7584e0    -1.9670e1     -5.4279e0
  11  45     -5.5000e0      8.8834e0    -1.9503e1     -5.3863e0
  11  46     -5.3750e0      9.0084e0    -1.9336e1     -5.3446e0
  11  47     -5.2500e0      9.1334e0    -1.9170e1     -5.3030e0
  11  48     -5.1250e0      9.2584e0    -1.9003e1     -5.2614e0
  11  49     -5.0000e0      9.3834e0    -1.8836e1     -5.2198e0
  11  50     -4.8750e0      9.5084e0    -1.8670e1     -5.1781e0
  11  51     -4.7500e0      9.6334e0    -1.8503e1     -5.1365e0
  11  52     -4.6250e0      9.7584e0    -1.8337e1     -5.0950e0
  11  53     -4.5000e0      9.8834e0    -1.8170e1     -5.0534e0
  11  54     -4.3750e0      1.0008e1    -1.8004e1     -5.0119e0
  11  55     -4.2500e0      1.0133e1    -1.7837e1     -4.9704e0
  11  56     -4.1250e0      1.0258e1    -1.7671e1     -4.9289e0
  11  57     -4.0000e0      1.0383e1    -1.7504e1     -4.8875e0
  11  58     -3.8750e0      1.0508e1    -1.7338e1     -4.8460e0
  11  59     -3.7500e0      1.0633e1    -1.7171e1     -4.8046e0
  11  60     -3.6250e0      1.0758e1    -1.7005e1     -4.7632e0
  11  61     -3.5000e0      1.0883e1    -1.6838e1     -4.7219e0
  11  62     -3.3750e0      1.1008e1    -1.6672e1     -4.6805e0
  11  63     -3.2500e0      1.1133e1    -1.6506e1     -4.6390e0
  11  64     -3.1250e0      1.1258e1    -1.6339e1     -4.5976e0
  11  65     -3.0000e0      1.1383e1    -1.6173e1     -4.5562e0
  11  66     -2.8750e0      1.1508e1    -1.6006e1     -4.5147e0
  11  67     -2.7500e0      1.1633e1    -1.5840e1     -4.4733e0
  11  68     -2.6250e0      1.1758e1    -1.5673e1     -4.4319e0
  11  69     -2.5000e0      1.1883e1    -1.5507e1     -4.3905e0
  11  70     -2.3750e0      1.2008e1    -1.5341e1     -4.3491e0
  11  71     -2.2500e0      1.2133e1    -1.5174e1     -4.3077e0
  11  72     -2.1250e0      1.2258e1    -1.5008e1     -4.2664e0
  11  73     -2.0000e0      1.2383e1    -1.4842e1     -4.2251e0
  11  74     -1.8750e0      1.2508e1    -1.4675e1     -4.1838e0
  11  75     -1.7500e0      1.2633e1    -1.4509e1     -4.1427e0
  11  76     -1.6250e0      1.2758e1    -1.4343e1     -4.1017e0
  11  77     -1.5000e0      1.2883e1    -1.4177e1     -4.0608e0
  11  78     -1.3750e0      1.3008e1    -1.4012e1     -4.0200e0
  11  79     -1.2500e0      1.3133e1    -1.3846e1     -3.9793e0
  11  80     -1.1250e0      1.3258e1    -1.3680e1     -3.9388e0
  11  81     -1.0000e0      1.3383e1    -1.3515e1     -3.8985e0
  11  82    -8.7501e-1      1.3508e1    -1.3350e1     -3.8584e0
  11  83    -7.5001e-1      1.3633e1    -1.3185e1     -3.8187e0
  11  84    -6.2501e-1      1.3758e1    -1.3021e1     -3.7792e0
  11  85    -5.0001e-1      1.3883e1    -1.2857e1     -3.7403e0
  11  86    -3.7501e-1      1.4008e1    -1.2693e1     -3.7017e0
  11  87    -2.5001e-1      1.4133e1    -1.2530e1     -3.6637e0
  11  88    -1.2501e-1      1.4258e1    -1.2368e1     -3.6264e0
  11  89    -1.3724e-5      1.4383e1    -1.2206e1     -3.5899e0
  11  90     1.2499e-1      1.4508e1    -1.2046e1     -3.5542e0
  11  91     2.4999e-1      1.4633e1    -1.1886e1     -3.5196e0
  11  92     3.7499e-1      1.4758e1    -1.1728e1     -3.4862e0
  11  93     4.9999e-1      1.4883e1    -1.1571e1     -3.4543e0
  11  94     6.2499e-1      1.5008e1    -1.1415e1     -3.4239e0
  11  95     7.4999e-1      1.5133e1    -1.1262e1     -3.3955e0
  11  96     8.7499e-1      1.5258e1    -1.1111e1     -3.3691e0
  11  97     9.9999e-1      1.5383e1    -1.0962e1     -3.3453e0
  11  98      1.1250e0      1.5508e1    -1.0816e1     -3.3242e0
  11  99      1.2500e0      1.5633e1    -1.0673e1     -3.3063e0
  11 100      1.3750e0      1.5758e1    -1.0534e1     -3.2922e0
  11 101      1.5000e0      1.5883e1    -1.0399e1     -3.2823e0
  11 102      1.6250e0      1.6008e1    -1.0269e1     -3.2773e0
  11 103      1.7500e0      1.6133e1    -1.0144e1     -3.2777e0
  11 104      1.8750e0      1.6258e1    -1.0026e1     -3.2840e0
  11 105      2.0000e0      1.6383e1    -9.9134e0     -3.2968e0
  11 106      2.1250e0      1.6508e1    -9.8082e0     -3.3166e0
  11 107      2.2500e0      1.6633e1    -9.7106e0     -3.3440e0
  11 108      2.3750e0      1.6758e1    -9.6211e0     -3.3796e0
  11 109      2.5000e0      1.6883e1    -9.5404e0     -3.4238e0
  11 110      2.6250e0      1.7008e1    -9.4688e0     -3.4773e0
  11 111      2.7500e0      1.7133e1    -9.4070e0     -3.5404e0
  11 112      2.8750e0      1.7258e1    -9.3552e0     -3.6137e0
  11 113      3.0000e0      1.7383e1    -9.3141e0     -3.6975e0
  11 114      3.1250e0      1.7508e1    -9.2838e0     -3.7922e0
  11 115      3.2500e0      1.7633e1    -9.2648e0     -3.8982e0
  11 116      3.3750e0      1.7758e1    -9.2571e0     -4.0155e0
  11 117      3.5000e0      1.7883e1    -9.2610e0     -4.1444e0
  11 118      3.6250e0      1.8008e1    -9.2765e0     -4.2849e0
  11 119      3.7500e0      1.8133e1    -9.3033e0     -4.4367e0
  11 120      3.8750e0      1.8258e1    -9.3411e0     -4.5995e0
  11 121      4.0000e0      1.8383e1    -9.3888e0     -4.7722e0
  11 122      4.1250e0      1.8508e1    -9.4446e0     -4.9530e0
  11 123      4.2500e0      1.8633e1    -9.5063e0     -5.1397e0
  11 124      4.3750e0      1.8758e1    -9.5714e0     -5.3298e0
  11 125      4.5000e0      1.8883e1    -9.6376e0     -5.5210e0
  11 126      4.6250e0      1.9008e1    -9.7032e0     -5.7116e0
  11 127      4.7500e0      1.9133e1    -9.7667e0     -5.9001e0
  11 128      4.8750e0      1.9258e1    -9.8263e0     -6.0847e0
  11 129      5.0000e0      1.9383e1    -9.8801e0     -6.2635e0
  11 130      5.1250e0      1.9508e1    -9.9263e0     -6.4347e0
  11 131      5.2500e0      1.9633e1    -9.9643e0     -6.5977e0
  11 132      5.3750e0      1.9758e1    -9.9947e0     -6.7531e0
  11 133      5.5000e0      1.9883e1    -1.0019e1     -6.9023e0
  11 134      5.6250e0      2.0008e1    -1.0039e1     -7.0472e0
  11 135      5.7500e0      2.0133e1    -1.0056e1     -7.1892e0
  11 136      5.8750e0      2.0258e1    -1.0071e1     -7.3296e0
  11 137      6.0000e0      2.0383e1    -1.0086e1     -7.4692e0
  11 138      6.1250e0      2.0508e1    -1.0100e1     -7.6082e0
  11 139      6.2500e0      2.0633e1    -1.0114e1     -7.7470e0
  11 140      6.3750e0      2.0758e1    -1.0127e1     -7.8854e0
  11 141      6.5000e0      2.0883e1    -1.0140e1     -8.0235e0
  11 142      6.6250e0      2.1008e1    -1.0153e1     -8.1615e0
  11 143      6.7500e0      2.1133e1    -1.0166e1     -8.2993e0
  11 144      6.8750e0      2.1258e1    -1.0179e1     -8.4372e0
  11 145      7.0000e0      2.1383e1    -1.0192e1     -8.5752e0
  11 146      7.1250e0      2.1508e1    -1.0205e1     -8.7133e0
  11 147      7.2500e0      2.1633e1    -1.0218e1     -8.8516e0
  11 148      7.3750e0      2.1758e1    -1.0232e1     -8.9901e0
  11 149      7.5000e0      2.1883e1    -1.0246e1     -9.1292e0
  11 150      7.6250e0      2.2008e1    -1.0261e1     -9.2689e0
  11 151      7.7500e0      2.2133e1    -1.0276e1     -9.4092e0
  11 152      7.8750e0      2.2258e1    -1.0291e1     -9.5498e0
  11 153      8.0000e0      2.2383e1    -1.0307e1     -9.6904e0
  11 154      8.1250e0      2.2508e1    -1.0322e1     -9.8305e0
  11 155      8.2500e0      2.2633e1    -1.0337e1     -9.9701e0
  11 156      8.3750e0      2.2758e1    -1.0351e1     -1.0110e1
  11 157      8.5000e0      2.2883e1    -1.0365e1     -1.0249e1
  11 158      8.6250e0      2.3008e1    -1.0380e1     -1.0388e1
  11 159      8.7500e0      2.3133e1    -1.0394e1     -1.0527e1
  11 160      8.8750e0      2.3258e1    -1.0407e1     -1.0666e1
  11 161      9.0000e0      2.3383e1    -1.0421e1     -1.0804e1
  11 162      9.1250e0      2.3508e1    -1.0434e1     -1.0943e1
  11 163      9.2500e0      2.3633e1    -1.0448e1     -1.1082e1
  11 164      9.3750e0      2.3758e1    -1.0462e1     -1.1221e1
  11 165      9.5000e0      2.3883e1    -1.0477e1     -1.1360e1
  11 166      9.6250e0      2.4008e1    -1.0492e1     -1.1501e1
  11 167      9.7500e0      2.4133e1    -1.0508e1     -1.1641e1
  11 168      9.8750e0      2.4258e1    -1.0524e1     -1.1782e1
  11 169      1.0000e1      2.4383e1    -1.0540e1     -1.1923e1
  11 170      1.0125e1      2.4508e1    -1.0555e1     -1.2064e1
  11 171      1.0250e1      2.4633e1    -1.0570e1     -1.2203e1
  11 172      1.0375e1      2.4758e1    -1.0585e1     -1.2343e1
  11 173      1.0500e1      2.4883e1    -1.0599e1     -1.2482e1
  11 174      1.0625e1      2.5008e1    -1.0614e1     -1.2622e1
  11 175      1.0750e1      2.5133e1    -1.0628e1     -1.2761e1
  11 176      1.0875e1      2.5258e1    -1.0643e1     -1.2901e1
  11 177      1.1000e1      2.5383e1    -1.0657e1     -1.3041e1
  11 178      1.1125e1      2.5508e1    -1.0672e1     -1.3180e1
  11 179      1.1250e1      2.5633e1    -1.0687e1     -1.3320e1
  11 180      1.1375e1      2.5758e1    -1.0703e1     -1.3461e1
  11 181      1.1500e1      2.5883e1    -1.0719e1     -1.3602e1
  11 182      1.1625e1      2.6008e1    -1.0735e1     -1.3744e1
  11 183      1.1750e1      2.6133e1    -1.0753e1     -1.3886e1
  11 184      1.1875e1      2.6258e1    -1.0770e1     -1.4029e1
  11 185      1.2000e1      2.6383e1    -1.0788e1     -1.4171e1
  11 186      1.2125e1      2.6508e1    -1.0804e1     -1.4313e1
  11 187      1.2250e1      2.6633e1    -1.0821e1     -1.4454e1
  11 188      1.2375e1      2.6758e1    -1.0838e1     -1.4596e1
  11 189      1.2500e1      2.6883e1    -1.0855e1     -1.4738e1
  11 190      1.2625e1      2.7008e1    -1.0872e1     -1.4881e1
  11 191      1.2750e1      2.7133e1    -1.0890e1     -1.5023e1
  11 192      1.2875e1      2.7258e1    -1.0908e1     -1.5166e1
  11 193      1.3000e1      2.7383e1    -1.0926e1     -1.5309e1
  11 194      1.3125e1      2.7508e1    -1.0944e1     -1.5452e1
  11 195      1.3250e1      2.7633e1    -1.0962e1     -1.5595e1
  11 196      1.3375e1      2.7758e1    -1.0981e1     -1.5739e1
  11 197      1.3500e1      2.7883e1    -1.1002e1     -1.5885e1
  11 198      1.3625e1      2.8008e1    -1.1025e1     -1.6034e1
  11 199      1.3750e1      2.8133e1    -1.1052e1     -1.6185e1
  11 200      1.3875e1      2.8258e1    -1.1082e1     -1.6340e1
  11 201      1.4000e1      2.8383e1    -1.1114e1     -1.6497e1
  11 202      1.4125e1      2.8508e1    -1.1148e1     -1.6656e1
  11 203      1.4250e1      2.8633e1    -1.1183e1     -1.6817e1
  11 204      1.4375e1      2.8758e1    -1.1221e1     -1.6980e1
  11 205      1.4500e1      2.8883e1    -1.1262e1     -1.7145e1
  11 206      1.4625e1      2.9008e1    -1.1305e1     -1.7314e1
  11 207      1.4750e1      2.9133e1    -1.1352e1     -1.7485e1
  11 208      1.4875e1      2.9258e1    -1.1402e1     -1.7661e1
  11 209      1.5000e1      2.9383e1    -1.1459e1     -1.7842e1
            log10(eV)     log10(Hz)    log10(nuFnu)  log10(Jy)

i_tm =  12;  t_obs =      1.306e2
  12   1     -1.1000e1      3.3834e0    -2.6801e1     -7.1845e0
  12   2     -1.0875e1      3.5084e0    -2.6634e1     -7.1429e0
  12   3     -1.0750e1      3.6334e0    -2.6468e1     -7.1012e0
  12   4     -1.0625e1      3.7584e0    -2.6301e1     -7.0595e0
  12   5     -1.0500e1      3.8834e0    -2.6134e1     -7.0179e0
  12   6     -1.0375e1      4.0084e0    -2.5968e1     -6.9762e0
  12   7     -1.0250e1      4.1334e0    -2.5801e1     -6.9345e0
  12   8     -1.0125e1      4.2584e0    -2.5634e1     -6.8929e0
  12   9     -1.0000e1      4.3834e0    -2.5468e1     -6.8512e0
  12  10     -9.8750e0      4.5084e0    -2.5301e1     -6.8095e0
  12  11     -9.7500e0      4.6334e0    -2.5134e1     -6.7679e0
  12  12     -9.6250e0      4.7584e0    -2.4968e1     -6.7262e0
  12  13     -9.5000e0      4.8834e0    -2.4801e1     -6.6845e0
  12  14     -9.3750e0      5.0084e0    -2.4634e1     -6.6429e0
  12  15     -9.2500e0      5.1334e0    -2.4468e1     -6.6012e0
  12  16     -9.1250e0      5.2584e0    -2.4301e1     -6.5595e0
  12  17     -9.0000e0      5.3834e0    -2.4134e1     -6.5179e0
  12  18     -8.8750e0      5.5084e0    -2.3968e1     -6.4762e0
  12  19     -8.7500e0      5.6334e0    -2.3801e1     -6.4345e0
  12  20     -8.6250e0      5.7584e0    -2.3634e1     -6.3929e0
  12  21     -8.5000e0      5.8834e0    -2.3468e1     -6.3512e0
  12  22     -8.3750e0      6.0084e0    -2.3301e1     -6.3095e0
  12  23     -8.2500e0      6.1334e0    -2.3134e1     -6.2679e0
  12  24     -8.1250e0      6.2584e0    -2.2968e1     -6.2262e0
  12  25     -8.0000e0      6.3834e0    -2.2801e1     -6.1845e0
  12  26     -7.8750e0      6.5084e0    -2.2634e1     -6.1429e0
  12  27     -7.7500e0      6.6334e0    -2.2468e1     -6.1012e0
  12  28     -7.6250e0      6.7584e0    -2.2301e1     -6.0595e0
  12  29     -7.5000e0      6.8834e0    -2.2134e1     -6.0179e0
  12  30     -7.3750e0      7.0084e0    -2.1968e1     -5.9762e0
  12  31     -7.2500e0      7.1334e0    -2.1801e1     -5.9345e0
  12  32     -7.1250e0      7.2584e0    -2.1634e1     -5.8929e0
  12  33     -7.0000e0      7.3834e0    -2.1468e1     -5.8512e0
  12  34     -6.8750e0      7.5084e0    -2.1301e1     -5.8095e0
  12  35     -6.7500e0      7.6334e0    -2.1134e1     -5.7679e0
  12  36     -6.6250e0      7.7584e0    -2.0968e1     -5.7262e0
  12  37     -6.5000e0      7.8834e0    -2.0801e1     -5.6845e0
  12  38     -6.3750e0      8.0084e0    -2.0634e1     -5.6429e0
  12  39     -6.2500e0      8.1334e0    -2.0468e1     -5.6012e0
  12  40     -6.1250e0      8.2584e0    -2.0301e1     -5.5596e0
  12  41     -6.0000e0      8.3834e0    -2.0134e1     -5.5179e0
  12  42     -5.8750e0      8.5084e0    -1.9968e1     -5.4762e0
  12  43     -5.7500e0      8.6334e0    -1.9801e1     -5.4346e0
  12  44     -5.6250e0      8.7584e0    -1.9635e1     -5.3929e0
  12  45     -5.5000e0      8.8834e0    -1.9468e1     -5.3513e0
  12  46     -5.3750e0      9.0084e0    -1.9301e1     -5.3097e0
  12  47     -5.2500e0      9.1334e0    -1.9135e1     -5.2681e0
  12  48     -5.1250e0      9.2584e0    -1.8968e1     -5.2264e0
  12  49     -5.0000e0      9.3834e0    -1.8801e1     -5.1848e0
  12  50     -4.8750e0      9.5084e0    -1.8635e1     -5.1432e0
  12  51     -4.7500e0      9.6334e0    -1.8468e1     -5.1016e0
  12  52     -4.6250e0      9.7584e0    -1.8302e1     -5.0601e0
  12  53     -4.5000e0      9.8834e0    -1.8135e1     -5.0185e0
  12  54     -4.3750e0      1.0008e1    -1.7969e1     -4.9770e0
  12  55     -4.2500e0      1.0133e1    -1.7802e1     -4.9356e0
  12  56     -4.1250e0      1.0258e1    -1.7636e1     -4.8941e0
  12  57     -4.0000e0      1.0383e1    -1.7469e1     -4.8526e0
  12  58     -3.8750e0      1.0508e1    -1.7303e1     -4.8112e0
  12  59     -3.7500e0      1.0633e1    -1.7136e1     -4.7698e0
  12  60     -3.6250e0      1.0758e1    -1.6970e1     -4.7285e0
  12  61     -3.5000e0      1.0883e1    -1.6804e1     -4.6871e0
  12  62     -3.3750e0      1.1008e1    -1.6637e1     -4.6457e0
  12  63     -3.2500e0      1.1133e1    -1.6471e1     -4.6042e0
  12  64     -3.1250e0      1.1258e1    -1.6304e1     -4.5628e0
  12  65     -3.0000e0      1.1383e1    -1.6138e1     -4.5213e0
  12  66     -2.8750e0      1.1508e1    -1.5971e1     -4.4799e0
  12  67     -2.7500e0      1.1633e1    -1.5805e1     -4.4384e0
  12  68     -2.6250e0      1.1758e1    -1.5639e1     -4.3970e0
  12  69     -2.5000e0      1.1883e1    -1.5472e1     -4.3556e0
  12  70     -2.3750e0      1.2008e1    -1.5306e1     -4.3143e0
  12  71     -2.2500e0      1.2133e1    -1.5139e1     -4.2729e0
  12  72     -2.1250e0      1.2258e1    -1.4973e1     -4.2316e0
  12  73     -2.0000e0      1.2383e1    -1.4807e1     -4.1903e0
  12  74     -1.8750e0      1.2508e1    -1.4641e1     -4.1492e0
  12  75     -1.7500e0      1.2633e1    -1.4475e1     -4.1081e0
  12  76     -1.6250e0      1.2758e1    -1.4309e1     -4.0671e0
  12  77     -1.5000e0      1.2883e1    -1.4143e1     -4.0263e0
  12  78     -1.3750e0      1.3008e1    -1.3977e1     -3.9855e0
  12  79     -1.2500e0      1.3133e1    -1.3812e1     -3.9450e0
  12  80     -1.1250e0      1.3258e1    -1.3646e1     -3.9046e0
  12  81     -1.0000e0      1.3383e1    -1.3481e1     -3.8644e0
  12  82    -8.7501e-1      1.3508e1    -1.3316e1     -3.8246e0
  12  83    -7.5001e-1      1.3633e1    -1.3152e1     -3.7850e0
  12  84    -6.2501e-1      1.3758e1    -1.2987e1     -3.7459e0
  12  85    -5.0001e-1      1.3883e1    -1.2824e1     -3.7072e0
  12  86    -3.7501e-1      1.4008e1    -1.2661e1     -3.6691e0
  12  87    -2.5001e-1      1.4133e1    -1.2498e1     -3.6315e0
  12  88    -1.2501e-1      1.4258e1    -1.2336e1     -3.5947e0
  12  89    -1.3724e-5      1.4383e1    -1.2175e1     -3.5588e0
  12  90     1.2499e-1      1.4508e1    -1.2015e1     -3.5239e0
  12  91     2.4999e-1      1.4633e1    -1.1857e1     -3.4901e0
  12  92     3.7499e-1      1.4758e1    -1.1699e1     -3.4578e0
  12  93     4.9999e-1      1.4883e1    -1.1544e1     -3.4271e0
  12  94     6.2499e-1      1.5008e1    -1.1390e1     -3.3982e0
  12  95     7.4999e-1      1.5133e1    -1.1238e1     -3.3714e0
  12  96     8.7499e-1      1.5258e1    -1.1089e1     -3.3471e0
  12  97     9.9999e-1      1.5383e1    -1.0942e1     -3.3255e0
  12  98      1.1250e0      1.5508e1    -1.0799e1     -3.3071e0
  12  99      1.2500e0      1.5633e1    -1.0659e1     -3.2923e0
  12 100      1.3750e0      1.5758e1    -1.0523e1     -3.2817e0
  12 101      1.5000e0      1.5883e1    -1.0393e1     -3.2759e0
  12 102      1.6250e0      1.6008e1    -1.0267e1     -3.2755e0
  12 103      1.7500e0      1.6133e1    -1.0148e1     -3.2810e0
  12 104      1.8750e0      1.6258e1    -1.0035e1     -3.2930e0
  12 105      2.0000e0      1.6383e1    -9.9287e0     -3.3121e0
  12 106      2.1250e0      1.6508e1    -9.8304e0     -3.3388e0
  12 107      2.2500e0      1.6633e1    -9.7404e0     -3.3738e0
  12 108      2.3750e0      1.6758e1    -9.6590e0     -3.4174e0
  12 109      2.5000e0      1.6883e1    -9.5870e0     -3.4704e0
  12 110      2.6250e0      1.7008e1    -9.5248e0     -3.5332e0
  12 111      2.7500e0      1.7133e1    -9.4728e0     -3.6062e0
  12 112      2.8750e0      1.7258e1    -9.4315e0     -3.6899e0
  12 113      3.0000e0      1.7383e1    -9.4012e0     -3.7846e0
  12 114      3.1250e0      1.7508e1    -9.3822e0     -3.8906e0
  12 115      3.2500e0      1.7633e1    -9.3747e0     -4.0081e0
  12 116      3.3750e0      1.7758e1    -9.3787e0     -4.1371e0
  12 117      3.5000e0      1.7883e1    -9.3942e0     -4.2776e0
  12 118      3.6250e0      1.8008e1    -9.4211e0     -4.4295e0
  12 119      3.7500e0      1.8133e1    -9.4586e0     -4.5920e0
  12 120      3.8750e0      1.8258e1    -9.5059e0     -4.7643e0
  12 121      4.0000e0      1.8383e1    -9.5611e0     -4.9445e0
  12 122      4.1250e0      1.8508e1    -9.6221e0     -5.1305e0
  12 123      4.2500e0      1.8633e1    -9.6864e0     -5.3198e0
  12 124      4.3750e0      1.8758e1    -9.7515e0     -5.5099e0
  12 125      4.5000e0      1.8883e1    -9.8156e0     -5.6990e0
  12 126      4.6250e0      1.9008e1    -9.8775e0     -5.8859e0
  12 127      4.7500e0      1.9133e1    -9.9357e0     -6.0691e0
  12 128      4.8750e0      1.9258e1    -9.9883e0     -6.2467e0
  12 129      5.0000e0      1.9383e1    -1.0033e1     -6.4169e0
  12 130      5.1250e0      1.9508e1    -1.0071e1     -6.5790e0
  12 131      5.2500e0      1.9633e1    -1.0100e1     -6.7335e0
  12 132      5.3750e0      1.9758e1    -1.0124e1     -6.8820e0
  12 133      5.5000e0      1.9883e1    -1.0143e1     -7.0262e0
  12 134      5.6250e0      2.0008e1    -1.0159e1     -7.1677e0
  12 135      5.7500e0      2.0133e1    -1.0174e1     -7.3078e0
  12 136      5.8750e0      2.0258e1    -1.0189e1     -7.4471e0
  12 137      6.0000e0      2.0383e1    -1.0203e1     -7.5860e0
  12 138      6.1250e0      2.0508e1    -1.0216e1     -7.7246e0
  12 139      6.2500e0      2.0633e1    -1.0230e1     -7.8631e0
  12 140      6.3750e0      2.0758e1    -1.0243e1     -8.0012e0
  12 141      6.5000e0      2.0883e1    -1.0256e1     -8.1390e0
  12 142      6.6250e0      2.1008e1    -1.0268e1     -8.2766e0
  12 143      6.7500e0      2.1133e1    -1.0281e1     -8.4141e0
  12 144      6.8750e0      2.1258e1    -1.0294e1     -8.5519e0
  12 145      7.0000e0      2.1383e1    -1.0307e1     -8.6899e0
  12 146      7.1250e0      2.1508e1    -1.0320e1     -8.8282e0
  12 147      7.2500e0      2.1633e1    -1.0333e1     -8.9666e0
  12 148      7.3750e0      2.1758e1    -1.0347e1     -9.1052e0
  12 149      7.5000e0      2.1883e1    -1.0361e1     -9.2445e0
  12 150      7.6250e0      2.2008e1    -1.0376e1     -9.3845e0
  12 151      7.7500e0      2.2133e1    -1.0392e1     -9.5250e0
  12 152      7.8750e0      2.2258e1    -1.0407e1     -9.6655e0
  12 153      8.0000e0      2.2383e1    -1.0423e1     -9.8059e0
  12 154      8.1250e0      2.2508e1    -1.0437e1     -9.9458e0
  12 155      8.2500e0      2.2633e1    -1.0452e1     -1.0085e1
  12 156      8.3750e0      2.2758e1    -1.0466e1     -1.0225e1
  12 157      8.5000e0      2.2883e1    -1.0480e1     -1.0364e1
  12 158      8.6250e0      2.3008e1    -1.0495e1     -1.0503e1
  12 159      8.7500e0      2.3133e1    -1.0508e1     -1.0642e1
  12 160      8.8750e0      2.3258e1    -1.0522e1     -1.0780e1
  12 161      9.0000e0      2.3383e1    -1.0536e1     -1.0919e1
  12 162      9.1250e0      2.3508e1    -1.0549e1     -1.1058e1
  12 163      9.2500e0      2.3633e1    -1.0563e1     -1.1197e1
  12 164      9.3750e0      2.3758e1    -1.0577e1     -1.1336e1
  12 165      9.5000e0      2.3883e1    -1.0592e1     -1.1476e1
  12 166      9.6250e0      2.4008e1    -1.0608e1     -1.1616e1
  12 167      9.7500e0      2.4133e1    -1.0624e1     -1.1757e1
  12 168      9.8750e0      2.4258e1    -1.0640e1     -1.1898e1
  12 169      1.0000e1      2.4383e1    -1.0656e1     -1.2039e1
  12 170      1.0125e1      2.4508e1    -1.0671e1     -1.2179e1
  12 171      1.0250e1      2.4633e1    -1.0686e1     -1.2319e1
  12 172      1.0375e1      2.4758e1    -1.0700e1     -1.2458e1
  12 173      1.0500e1      2.4883e1    -1.0714e1     -1.2598e1
  12 174      1.0625e1      2.5008e1    -1.0729e1     -1.2737e1
  12 175      1.0750e1      2.5133e1    -1.0743e1     -1.2876e1
  12 176      1.0875e1      2.5258e1    -1.0758e1     -1.3016e1
  12 177      1.1000e1      2.5383e1    -1.0772e1     -1.3156e1
  12 178      1.1125e1      2.5508e1    -1.0787e1     -1.3295e1
  12 179      1.1250e1      2.5633e1    -1.0802e1     -1.3436e1
  12 180      1.1375e1      2.5758e1    -1.0818e1     -1.3576e1
  12 181      1.1500e1      2.5883e1    -1.0834e1     -1.3717e1
  12 182      1.1625e1      2.6008e1    -1.0850e1     -1.3859e1
  12 183      1.1750e1      2.6133e1    -1.0868e1     -1.4001e1
  12 184      1.1875e1      2.6258e1    -1.0885e1     -1.4143e1
  12 185      1.2000e1      2.6383e1    -1.0902e1     -1.4285e1
  12 186      1.2125e1      2.6508e1    -1.0918e1     -1.4427e1
  12 187      1.2250e1      2.6633e1    -1.0935e1     -1.4568e1
  12 188      1.2375e1      2.6758e1    -1.0952e1     -1.4710e1
  12 189      1.2500e1      2.6883e1    -1.0969e1     -1.4852e1
  12 190      1.2625e1      2.7008e1    -1.0987e1     -1.4995e1
  12 191      1.2750e1      2.7133e1    -1.1005e1     -1.5139e1
  12 192      1.2875e1      2.7258e1    -1.1024e1     -1.5282e1
  12 193      1.3000e1      2.7383e1    -1.1042e1     -1.5425e1
  12 194      1.3125e1      2.7508e1    -1.1061e1     -1.5569e1
  12 195      1.3250e1      2.7633e1    -1.1079e1     -1.5713e1
  12 196      1.3375e1      2.7758e1    -1.1099e1     -1.5857e1
  12 197      1.3500e1      2.7883e1    -1.1121e1     -1.6004e1
  12 198      1.3625e1      2.8008e1    -1.1146e1     -1.6154e1
  12 199      1.3750e1      2.8133e1    -1.1173e1     -1.6307e1
  12 200      1.3875e1      2.8258e1    -1.1203e1     -1.6462e1
  12 201      1.4000e1      2.8383e1    -1.1236e1     -1.6619e1
  12 202      1.4125e1      2.8508e1    -1.1270e1     -1.6778e1
  12 203      1.4250e1      2.8633e1    -1.1306e1     -1.6939e1
  12 204      1.4375e1      2.8758e1    -1.1344e1     -1.7103e1
  12 205      1.4500e1      2.8883e1    -1.1385e1     -1.7269e1
  12 206      1.4625e1      2.9008e1    -1.1430e1     -1.7438e1
  12 207      1.4750e1      2.9133e1    -1.1478e1     -1.7611e1
  12 208      1.4875e1      2.9258e1    -1.1531e1     -1.7790e1
  12 209      1.5000e1      2.9383e1    -1.1592e1     -1.7976e1
            log10(eV)     log10(Hz)    log10(nuFnu)  log10(Jy)

i_tm =  13;  t_obs =      1.649e2
  13   1     -1.1000e1      3.3834e0    -2.6765e1     -7.1487e0
  13   2     -1.0875e1      3.5084e0    -2.6599e1     -7.1070e0
  13   3     -1.0750e1      3.6334e0    -2.6432e1     -7.0654e0
  13   4     -1.0625e1      3.7584e0    -2.6265e1     -7.0237e0
  13   5     -1.0500e1      3.8834e0    -2.6099e1     -6.9820e0
  13   6     -1.0375e1      4.0084e0    -2.5932e1     -6.9404e0
  13   7     -1.0250e1      4.1334e0    -2.5765e1     -6.8987e0
  13   8     -1.0125e1      4.2584e0    -2.5599e1     -6.8570e0
  13   9     -1.0000e1      4.3834e0    -2.5432e1     -6.8154e0
  13  10     -9.8750e0      4.5084e0    -2.5265e1     -6.7737e0
  13  11     -9.7500e0      4.6334e0    -2.5099e1     -6.7320e0
  13  12     -9.6250e0      4.7584e0    -2.4932e1     -6.6904e0
  13  13     -9.5000e0      4.8834e0    -2.4765e1     -6.6487e0
  13  14     -9.3750e0      5.0084e0    -2.4599e1     -6.6070e0
  13  15     -9.2500e0      5.1334e0    -2.4432e1     -6.5654e0
  13  16     -9.1250e0      5.2584e0    -2.4265e1     -6.5237e0
  13  17     -9.0000e0      5.3834e0    -2.4099e1     -6.4820e0
  13  18     -8.8750e0      5.5084e0    -2.3932e1     -6.4404e0
  13  19     -8.7500e0      5.6334e0    -2.3765e1     -6.3987e0
  13  20     -8.6250e0      5.7584e0    -2.3599e1     -6.3570e0
  13  21     -8.5000e0      5.8834e0    -2.3432e1     -6.3154e0
  13  22     -8.3750e0      6.0084e0    -2.3265e1     -6.2737e0
  13  23     -8.2500e0      6.1334e0    -2.3099e1     -6.2320e0
  13  24     -8.1250e0      6.2584e0    -2.2932e1     -6.1904e0
  13  25     -8.0000e0      6.3834e0    -2.2765e1     -6.1487e0
  13  26     -7.8750e0      6.5084e0    -2.2599e1     -6.1070e0
  13  27     -7.7500e0      6.6334e0    -2.2432e1     -6.0654e0
  13  28     -7.6250e0      6.7584e0    -2.2265e1     -6.0237e0
  13  29     -7.5000e0      6.8834e0    -2.2099e1     -5.9820e0
  13  30     -7.3750e0      7.0084e0    -2.1932e1     -5.9404e0
  13  31     -7.2500e0      7.1334e0    -2.1765e1     -5.8987e0
  13  32     -7.1250e0      7.2584e0    -2.1599e1     -5.8570e0
  13  33     -7.0000e0      7.3834e0    -2.1432e1     -5.8154e0
  13  34     -6.8750e0      7.5084e0    -2.1265e1     -5.7737e0
  13  35     -6.7500e0      7.6334e0    -2.1099e1     -5.7320e0
  13  36     -6.6250e0      7.7584e0    -2.0932e1     -5.6904e0
  13  37     -6.5000e0      7.8834e0    -2.0765e1     -5.6487e0
  13  38     -6.3750e0      8.0084e0    -2.0599e1     -5.6070e0
  13  39     -6.2500e0      8.1334e0    -2.0432e1     -5.5654e0
  13  40     -6.1250e0      8.2584e0    -2.0265e1     -5.5237e0
  13  41     -6.0000e0      8.3834e0    -2.0099e1     -5.4821e0
  13  42     -5.8750e0      8.5084e0    -1.9932e1     -5.4404e0
  13  43     -5.7500e0      8.6334e0    -1.9765e1     -5.3988e0
  13  44     -5.6250e0      8.7584e0    -1.9599e1     -5.3571e0
  13  45     -5.5000e0      8.8834e0    -1.9432e1     -5.3155e0
  13  46     -5.3750e0      9.0084e0    -1.9265e1     -5.2739e0
  13  47     -5.2500e0      9.1334e0    -1.9099e1     -5.2322e0
  13  48     -5.1250e0      9.2584e0    -1.8932e1     -5.1906e0
  13  49     -5.0000e0      9.3834e0    -1.8766e1     -5.1490e0
  13  50     -4.8750e0      9.5084e0    -1.8599e1     -5.1074e0
  13  51     -4.7500e0      9.6334e0    -1.8432e1     -5.0658e0
  13  52     -4.6250e0      9.7584e0    -1.8266e1     -5.0243e0
  13  53     -4.5000e0      9.8834e0    -1.8099e1     -4.9828e0
  13  54     -4.3750e0      1.0008e1    -1.7933e1     -4.9414e0
  13  55     -4.2500e0      1.0133e1    -1.7766e1     -4.8999e0
  13  56     -4.1250e0      1.0258e1    -1.7600e1     -4.8584e0
  13  57     -4.0000e0      1.0383e1    -1.7434e1     -4.8170e0
  13  58     -3.8750e0      1.0508e1    -1.7267e1     -4.7756e0
  13  59     -3.7500e0      1.0633e1    -1.7101e1     -4.7342e0
  13  60     -3.6250e0      1.0758e1    -1.6934e1     -4.6928e0
  13  61     -3.5000e0      1.0883e1    -1.6768e1     -4.6514e0
  13  62     -3.3750e0      1.1008e1    -1.6602e1     -4.6100e0
  13  63     -3.2500e0      1.1133e1    -1.6435e1     -4.5686e0
  13  64     -3.1250e0      1.1258e1    -1.6269e1     -4.5271e0
  13  65     -3.0000e0      1.1383e1    -1.6102e1     -4.4856e0
  13  66     -2.8750e0      1.1508e1    -1.5936e1     -4.4442e0
  13  67     -2.7500e0      1.1633e1    -1.5769e1     -4.4028e0
  13  68     -2.6250e0      1.1758e1    -1.5603e1     -4.3614e0
  13  69     -2.5000e0      1.1883e1    -1.5437e1     -4.3200e0
  13  70     -2.3750e0      1.2008e1    -1.5270e1     -4.2786e0
  13  71     -2.2500e0      1.2133e1    -1.5104e1     -4.2373e0
  13  72     -2.1250e0      1.2258e1    -1.4938e1     -4.1960e0
  13  73     -2.0000e0      1.2383e1    -1.4771e1     -4.1547e0
  13  74     -1.8750e0      1.2508e1    -1.4605e1     -4.1136e0
  13  75     -1.7500e0      1.2633e1    -1.4439e1     -4.0726e0
  13  76     -1.6250e0      1.2758e1    -1.4273e1     -4.0318e0
  13  77     -1.5000e0      1.2883e1    -1.4108e1     -3.9910e0
  13  78     -1.3750e0      1.3008e1    -1.3942e1     -3.9504e0
  13  79     -1.2500e0      1.3133e1    -1.3777e1     -3.9099e0
  13  80     -1.1250e0      1.3258e1    -1.3611e1     -3.8697e0
  13  81     -1.0000e0      1.3383e1    -1.3446e1     -3.8297e0
  13  82    -8.7501e-1      1.3508e1    -1.3282e1     -3.7901e0
  13  83    -7.5001e-1      1.3633e1    -1.3117e1     -3.7508e0
  13  84    -6.2501e-1      1.3758e1    -1.2954e1     -3.7120e0
  13  85    -5.0001e-1      1.3883e1    -1.2790e1     -3.6737e0
  13  86    -3.7501e-1      1.4008e1    -1.2628e1     -3.6360e0
  13  87    -2.5001e-1      1.4133e1    -1.2466e1     -3.5990e0
  13  88    -1.2501e-1      1.4258e1    -1.2304e1     -3.5628e0
  13  89    -1.3724e-5      1.4383e1    -1.2144e1     -3.5277e0
  13  90     1.2499e-1      1.4508e1    -1.1985e1     -3.4936e0
  13  91     2.4999e-1      1.4633e1    -1.1828e1     -3.4610e0
  13  92     3.7499e-1      1.4758e1    -1.1672e1     -3.4299e0
  13  93     4.9999e-1      1.4883e1    -1.1517e1     -3.4006e0
  13  94     6.2499e-1      1.5008e1    -1.1365e1     -3.3735e0
  13  95     7.4999e-1      1.5133e1    -1.1215e1     -3.3487e0
  13  96     8.7499e-1      1.5258e1    -1.1068e1     -3.3267e0
  13  97     9.9999e-1      1.5383e1    -1.0924e1     -3.3078e0
  13  98      1.1250e0      1.5508e1    -1.0784e1     -3.2925e0
  13  99      1.2500e0      1.5633e1    -1.0648e1     -3.2813e0
  13 100      1.3750e0      1.5758e1    -1.0516e1     -3.2749e0
  13 101      1.5000e0      1.5883e1    -1.0390e1     -3.2737e0
  13 102      1.6250e0      1.6008e1    -1.0270e1     -3.2785e0
  13 103      1.7500e0      1.6133e1    -1.0156e1     -3.2899e0
  13 104      1.8750e0      1.6258e1    -1.0050e1     -3.3083e0
  13 105      2.0000e0      1.6383e1    -9.9510e0     -3.3344e0
  13 106      2.1250e0      1.6508e1    -9.8603e0     -3.3688e0
  13 107      2.2500e0      1.6633e1    -9.7785e0     -3.4119e0
  13 108      2.3750e0      1.6758e1    -9.7061e0     -3.4645e0
  13 109      2.5000e0      1.6883e1    -9.6435e0     -3.5269e0
  13 110      2.6250e0      1.7008e1    -9.5913e0     -3.5997e0
  13 111      2.7500e0      1.7133e1    -9.5498e0     -3.6832e0
  13 112      2.8750e0      1.7258e1    -9.5194e0     -3.7778e0
  13 113      3.0000e0      1.7383e1    -9.5004e0     -3.8838e0
  13 114      3.1250e0      1.7508e1    -9.4929e0     -4.0013e0
  13 115      3.2500e0      1.7633e1    -9.4971e0     -4.1305e0
  13 116      3.3750e0      1.7758e1    -9.5127e0     -4.2711e0
  13 117      3.5000e0      1.7883e1    -9.5394e0     -4.4228e0
  13 118      3.6250e0      1.8008e1    -9.5766e0     -4.5850e0
  13 119      3.7500e0      1.8133e1    -9.6234e0     -4.7568e0
  13 120      3.8750e0      1.8258e1    -9.6780e0     -4.9364e0
  13 121      4.0000e0      1.8383e1    -9.7382e0     -5.1216e0
  13 122      4.1250e0      1.8508e1    -9.8017e0     -5.3102e0
  13 123      4.2500e0      1.8633e1    -9.8663e0     -5.4997e0
  13 124      4.3750e0      1.8758e1    -9.9302e0     -5.6886e0
  13 125      4.5000e0      1.8883e1    -9.9919e0     -5.8753e0
  13 126      4.6250e0      1.9008e1    -1.0050e1     -6.0581e0
  13 127      4.7500e0      1.9133e1    -1.0102e1     -6.2350e0
  13 128      4.8750e0      1.9258e1    -1.0146e1     -6.4043e0
  13 129      5.0000e0      1.9383e1    -1.0182e1     -6.5653e0
  13 130      5.1250e0      1.9508e1    -1.0210e1     -6.7187e0
  13 131      5.2500e0      1.9633e1    -1.0233e1     -6.8662e0
  13 132      5.3750e0      1.9758e1    -1.0251e1     -7.0099e0
  13 133      5.5000e0      1.9883e1    -1.0268e1     -7.1513e0
  13 134      5.6250e0      2.0008e1    -1.0283e1     -7.2915e0
  13 135      5.7500e0      2.0133e1    -1.0298e1     -7.4311e0
  13 136      5.8750e0      2.0258e1    -1.0312e1     -7.5705e0
  13 137      6.0000e0      2.0383e1    -1.0326e1     -7.7097e0
  13 138      6.1250e0      2.0508e1    -1.0340e1     -7.8488e0
  13 139      6.2500e0      2.0633e1    -1.0354e1     -7.9877e0
  13 140      6.3750e0      2.0758e1    -1.0368e1     -8.1262e0
  13 141      6.5000e0      2.0883e1    -1.0381e1     -8.2645e0
  13 142      6.6250e0      2.1008e1    -1.0394e1     -8.4026e0
  13 143      6.7500e0      2.1133e1    -1.0407e1     -8.5407e0
  13 144      6.8750e0      2.1258e1    -1.0421e1     -8.6790e0
  13 145      7.0000e0      2.1383e1    -1.0434e1     -8.8174e0
  13 146      7.1250e0      2.1508e1    -1.0447e1     -8.9557e0
  13 147      7.2500e0      2.1633e1    -1.0461e1     -9.0941e0
  13 148      7.3750e0      2.1758e1    -1.0475e1     -9.2330e0
  13 149      7.5000e0      2.1883e1    -1.0489e1     -9.3725e0
  13 150      7.6250e0      2.2008e1    -1.0504e1     -9.5125e0
  13 151      7.7500e0      2.2133e1    -1.0520e1     -9.6529e0
  13 152      7.8750e0      2.2258e1    -1.0535e1     -9.7935e0
  13 153      8.0000e0      2.2383e1    -1.0550e1     -9.9338e0
  13 154      8.1250e0      2.2508e1    -1.0565e1     -1.0074e1
  13 155      8.2500e0      2.2633e1    -1.0580e1     -1.0213e1
  13 156      8.3750e0      2.2758e1    -1.0594e1     -1.0352e1
  13 157      8.5000e0      2.2883e1    -1.0608e1     -1.0492e1
  13 158      8.6250e0      2.3008e1    -1.0622e1     -1.0630e1
  13 159      8.7500e0      2.3133e1    -1.0636e1     -1.0769e1
  13 160      8.8750e0      2.3258e1    -1.0650e1     -1.0908e1
  13 161      9.0000e0      2.3383e1    -1.0663e1     -1.1047e1
  13 162      9.1250e0      2.3508e1    -1.0677e1     -1.1186e1
  13 163      9.2500e0      2.3633e1    -1.0691e1     -1.1324e1
  13 164      9.3750e0      2.3758e1    -1.0705e1     -1.1464e1
  13 165      9.5000e0      2.3883e1    -1.0721e1     -1.1604e1
  13 166      9.6250e0      2.4008e1    -1.0736e1     -1.1745e1
  13 167      9.7500e0      2.4133e1    -1.0752e1     -1.1885e1
  13 168      9.8750e0      2.4258e1    -1.0768e1     -1.2026e1
  13 169      1.0000e1      2.4383e1    -1.0783e1     -1.2167e1
  13 170      1.0125e1      2.4508e1    -1.0798e1     -1.2307e1
  13 171      1.0250e1      2.4633e1    -1.0813e1     -1.2446e1
  13 172      1.0375e1      2.4758e1    -1.0827e1     -1.2586e1
  13 173      1.0500e1      2.4883e1    -1.0842e1     -1.2725e1
  13 174      1.0625e1      2.5008e1    -1.0856e1     -1.2864e1
  13 175      1.0750e1      2.5133e1    -1.0871e1     -1.3004e1
  13 176      1.0875e1      2.5258e1    -1.0885e1     -1.3144e1
  13 177      1.1000e1      2.5383e1    -1.0900e1     -1.3283e1
  13 178      1.1125e1      2.5508e1    -1.0915e1     -1.3423e1
  13 179      1.1250e1      2.5633e1    -1.0930e1     -1.3563e1
  13 180      1.1375e1      2.5758e1    -1.0946e1     -1.3704e1
  13 181      1.1500e1      2.5883e1    -1.0962e1     -1.3846e1
  13 182      1.1625e1      2.6008e1    -1.0979e1     -1.3988e1
  13 183      1.1750e1      2.6133e1    -1.0996e1     -1.4130e1
  13 184      1.1875e1      2.6258e1    -1.1014e1     -1.4272e1
  13 185      1.2000e1      2.6383e1    -1.1031e1     -1.4414e1
  13 186      1.2125e1      2.6508e1    -1.1048e1     -1.4556e1
  13 187      1.2250e1      2.6633e1    -1.1064e1     -1.4698e1
  13 188      1.2375e1      2.6758e1    -1.1081e1     -1.4840e1
  13 189      1.2500e1      2.6883e1    -1.1099e1     -1.4983e1
  13 190      1.2625e1      2.7008e1    -1.1117e1     -1.5126e1
  13 191      1.2750e1      2.7133e1    -1.1136e1     -1.5269e1
  13 192      1.2875e1      2.7258e1    -1.1154e1     -1.5412e1
  13 193      1.3000e1      2.7383e1    -1.1172e1     -1.5556e1
  13 194      1.3125e1      2.7508e1    -1.1190e1     -1.5699e1
  13 195      1.3250e1      2.7633e1    -1.1209e1     -1.5842e1
  13 196      1.3375e1      2.7758e1    -1.1229e1     -1.5988e1
  13 197      1.3500e1      2.7883e1    -1.1252e1     -1.6135e1
  13 198      1.3625e1      2.8008e1    -1.1277e1     -1.6286e1
  13 199      1.3750e1      2.8133e1    -1.1306e1     -1.6439e1
  13 200      1.3875e1      2.8258e1    -1.1337e1     -1.6595e1
  13 201      1.4000e1      2.8383e1    -1.1370e1     -1.6754e1
  13 202      1.4125e1      2.8508e1    -1.1406e1     -1.6914e1
  13 203      1.4250e1      2.8633e1    -1.1444e1     -1.7077e1
  13 204      1.4375e1      2.8758e1    -1.1484e1     -1.7243e1
  13 205      1.4500e1      2.8883e1    -1.1528e1     -1.7412e1
  13 206      1.4625e1      2.9008e1    -1.1575e1     -1.7584e1
  13 207      1.4750e1      2.9133e1    -1.1627e1     -1.7760e1
  13 208      1.4875e1      2.9258e1    -1.1684e1     -1.7942e1
  13 209      1.5000e1      2.9383e1    -1.1748e1     -1.8132e1
            log10(eV)     log10(Hz)    log10(nuFnu)  log10(Jy)

i_tm =  14;  t_obs =      2.083e2
  14   1     -1.1000e1      3.3834e0    -2.6729e1     -7.1120e0
  14   2     -1.0875e1      3.5084e0    -2.6562e1     -7.0703e0
  14   3     -1.0750e1      3.6334e0    -2.6395e1     -7.0286e0
  14   4     -1.0625e1      3.7584e0    -2.6229e1     -6.9870e0
  14   5     -1.0500e1      3.8834e0    -2.6062e1     -6.9453e0
  14   6     -1.0375e1      4.0084e0    -2.5895e1     -6.9036e0
  14   7     -1.0250e1      4.1334e0    -2.5729e1     -6.8620e0
  14   8     -1.0125e1      4.2584e0    -2.5562e1     -6.8203e0
  14   9     -1.0000e1      4.3834e0    -2.5395e1     -6.7786e0
  14  10     -9.8750e0      4.5084e0    -2.5229e1     -6.7370e0
  14  11     -9.7500e0      4.6334e0    -2.5062e1     -6.6953e0
  14  12     -9.6250e0      4.7584e0    -2.4895e1     -6.6536e0
  14  13     -9.5000e0      4.8834e0    -2.4729e1     -6.6120e0
  14  14     -9.3750e0      5.0084e0    -2.4562e1     -6.5703e0
  14  15     -9.2500e0      5.1334e0    -2.4395e1     -6.5286e0
  14  16     -9.1250e0      5.2584e0    -2.4229e1     -6.4870e0
  14  17     -9.0000e0      5.3834e0    -2.4062e1     -6.4453e0
  14  18     -8.8750e0      5.5084e0    -2.3895e1     -6.4036e0
  14  19     -8.7500e0      5.6334e0    -2.3729e1     -6.3620e0
  14  20     -8.6250e0      5.7584e0    -2.3562e1     -6.3203e0
  14  21     -8.5000e0      5.8834e0    -2.3395e1     -6.2786e0
  14  22     -8.3750e0      6.0084e0    -2.3229e1     -6.2370e0
  14  23     -8.2500e0      6.1334e0    -2.3062e1     -6.1953e0
  14  24     -8.1250e0      6.2584e0    -2.2895e1     -6.1536e0
  14  25     -8.0000e0      6.3834e0    -2.2729e1     -6.1120e0
  14  26     -7.8750e0      6.5084e0    -2.2562e1     -6.0703e0
  14  27     -7.7500e0      6.6334e0    -2.2395e1     -6.0286e0
  14  28     -7.6250e0      6.7584e0    -2.2229e1     -5.9870e0
  14  29     -7.5000e0      6.8834e0    -2.2062e1     -5.9453e0
  14  30     -7.3750e0      7.0084e0    -2.1895e1     -5.9036e0
  14  31     -7.2500e0      7.1334e0    -2.1729e1     -5.8620e0
  14  32     -7.1250e0      7.2584e0    -2.1562e1     -5.8203e0
  14  33     -7.0000e0      7.3834e0    -2.1395e1     -5.7786e0
  14  34     -6.8750e0      7.5084e0    -2.1229e1     -5.7370e0
  14  35     -6.7500e0      7.6334e0    -2.1062e1     -5.6953e0
  14  36     -6.6250e0      7.7584e0    -2.0895e1     -5.6536e0
  14  37     -6.5000e0      7.8834e0    -2.0729e1     -5.6120e0
  14  38     -6.3750e0      8.0084e0    -2.0562e1     -5.5703e0
  14  39     -6.2500e0      8.1334e0    -2.0395e1     -5.5287e0
  14  40     -6.1250e0      8.2584e0    -2.0229e1     -5.4870e0
  14  41     -6.0000e0      8.3834e0    -2.0062e1     -5.4453e0
  14  42     -5.8750e0      8.5084e0    -1.9895e1     -5.4037e0
  14  43     -5.7500e0      8.6334e0    -1.9729e1     -5.3620e0
  14  44     -5.6250e0      8.7584e0    -1.9562e1     -5.3204e0
  14  45     -5.5000e0      8.8834e0    -1.9395e1     -5.2788e0
  14  46     -5.3750e0      9.0084e0    -1.9229e1     -5.2372e0
  14  47     -5.2500e0      9.1334e0    -1.9062e1     -5.1955e0
  14  48     -5.1250e0      9.2584e0    -1.8896e1     -5.1539e0
  14  49     -5.0000e0      9.3834e0    -1.8729e1     -5.1123e0
  14  50     -4.8750e0      9.5084e0    -1.8562e1     -5.0708e0
  14  51     -4.7500e0      9.6334e0    -1.8396e1     -5.0292e0
  14  52     -4.6250e0      9.7584e0    -1.8229e1     -4.9877e0
  14  53     -4.5000e0      9.8834e0    -1.8063e1     -4.9462e0
  14  54     -4.3750e0      1.0008e1    -1.7896e1     -4.9048e0
  14  55     -4.2500e0      1.0133e1    -1.7730e1     -4.8633e0
  14  56     -4.1250e0      1.0258e1    -1.7563e1     -4.8219e0
  14  57     -4.0000e0      1.0383e1    -1.7397e1     -4.7805e0
  14  58     -3.8750e0      1.0508e1    -1.7231e1     -4.7391e0
  14  59     -3.7500e0      1.0633e1    -1.7064e1     -4.6977e0
  14  60     -3.6250e0      1.0758e1    -1.6898e1     -4.6563e0
  14  61     -3.5000e0      1.0883e1    -1.6731e1     -4.6149e0
  14  62     -3.3750e0      1.1008e1    -1.6565e1     -4.5735e0
  14  63     -3.2500e0      1.1133e1    -1.6399e1     -4.5320e0
  14  64     -3.1250e0      1.1258e1    -1.6232e1     -4.4905e0
  14  65     -3.0000e0      1.1383e1    -1.6066e1     -4.4491e0
  14  66     -2.8750e0      1.1508e1    -1.5899e1     -4.4076e0
  14  67     -2.7500e0      1.1633e1    -1.5733e1     -4.3662e0
  14  68     -2.6250e0      1.1758e1    -1.5566e1     -4.3248e0
  14  69     -2.5000e0      1.1883e1    -1.5400e1     -4.2834e0
  14  70     -2.3750e0      1.2008e1    -1.5234e1     -4.2421e0
  14  71     -2.2500e0      1.2133e1    -1.5067e1     -4.2008e0
  14  72     -2.1250e0      1.2258e1    -1.4901e1     -4.1595e0
  14  73     -2.0000e0      1.2383e1    -1.4735e1     -4.1184e0
  14  74     -1.8750e0      1.2508e1    -1.4569e1     -4.0773e0
  14  75     -1.7500e0      1.2633e1    -1.4403e1     -4.0364e0
  14  76     -1.6250e0      1.2758e1    -1.4237e1     -3.9956e0
  14  77     -1.5000e0      1.2883e1    -1.4072e1     -3.9549e0
  14  78     -1.3750e0      1.3008e1    -1.3906e1     -3.9144e0
  14  79     -1.2500e0      1.3133e1    -1.3741e1     -3.8741e0
  14  80     -1.1250e0      1.3258e1    -1.3576e1     -3.8341e0
  14  81     -1.0000e0      1.3383e1    -1.3411e1     -3.7944e0
  14  82    -8.7501e-1      1.3508e1    -1.3247e1     -3.7550e0
  14  83    -7.5001e-1      1.3633e1    -1.3083e1     -3.7161e0
  14  84    -6.2501e-1      1.3758e1    -1.2919e1     -3.6776e0
  14  85    -5.0001e-1      1.3883e1    -1.2756e1     -3.6398e0
  14  86    -3.7501e-1      1.4008e1    -1.2594e1     -3.6026e0
  14  87    -2.5001e-1      1.4133e1    -1.2433e1     -3.5663e0
  14  88    -1.2501e-1      1.4258e1    -1.2272e1     -3.5309e0
  14  89    -1.3724e-5      1.4383e1    -1.2113e1     -3.4966e0
  14  90     1.2499e-1      1.4508e1    -1.1955e1     -3.4637e0
  14  91     2.4999e-1      1.4633e1    -1.1799e1     -3.4323e0
  14  92     3.7499e-1      1.4758e1    -1.1644e1     -3.4027e0
  14  93     4.9999e-1      1.4883e1    -1.1492e1     -3.3752e0
  14  94     6.2499e-1      1.5008e1    -1.1342e1     -3.3501e0
  14  95     7.4999e-1      1.5133e1    -1.1194e1     -3.3276e0
  14  96     8.7499e-1      1.5258e1    -1.1050e1     -3.3083e0
  14  97     9.9999e-1      1.5383e1    -1.0909e1     -3.2926e0
  14  98      1.1250e0      1.5508e1    -1.0773e1     -3.2810e0
  14  99      1.2500e0      1.5633e1    -1.0641e1     -3.2740e0
  14 100      1.3750e0      1.5758e1    -1.0514e1     -3.2723e0
  14 101      1.5000e0      1.5883e1    -1.0393e1     -3.2765e0
  14 102      1.6250e0      1.6008e1    -1.0279e1     -3.2872e0
  14 103      1.7500e0      1.6133e1    -1.0172e1     -3.3051e0
  14 104      1.8750e0      1.6258e1    -1.0072e1     -3.3306e0
  14 105      2.0000e0      1.6383e1    -9.9811e0     -3.3645e0
  14 106      2.1250e0      1.6508e1    -9.8988e0     -3.4073e0
  14 107      2.2500e0      1.6633e1    -9.8260e0     -3.4595e0
  14 108      2.3750e0      1.6758e1    -9.7632e0     -3.5216e0
  14 109      2.5000e0      1.6883e1    -9.7108e0     -3.5943e0
  14 110      2.6250e0      1.7008e1    -9.6693e0     -3.6777e0
  14 111      2.7500e0      1.7133e1    -9.6389e0     -3.7723e0
  14 112      2.8750e0      1.7258e1    -9.6200e0     -3.8784e0
  14 113      3.0000e0      1.7383e1    -9.6127e0     -3.9961e0
  14 114      3.1250e0      1.7508e1    -9.6170e0     -4.1254e0
  14 115      3.2500e0      1.7633e1    -9.6328e0     -4.2662e0
  14 116      3.3750e0      1.7758e1    -9.6598e0     -4.4182e0
  14 117      3.5000e0      1.7883e1    -9.6973e0     -4.5807e0
  14 118      3.6250e0      1.8008e1    -9.7442e0     -4.7526e0
  14 119      3.7500e0      1.8133e1    -9.7992e0     -4.9326e0
  14 120      3.8750e0      1.8258e1    -9.8599e0     -5.1183e0
  14 121      4.0000e0      1.8383e1    -9.9239e0     -5.3073e0
  14 122      4.1250e0      1.8508e1    -9.9889e0     -5.4973e0
  14 123      4.2500e0      1.8633e1    -1.0053e1     -5.6863e0
  14 124      4.3750e0      1.8758e1    -1.0114e1     -5.8726e0
  14 125      4.5000e0      1.8883e1    -1.0171e1     -6.0546e0
  14 126      4.6250e0      1.9008e1    -1.0222e1     -6.2303e0
  14 127      4.7500e0      1.9133e1    -1.0265e1     -6.3983e0
  14 128      4.8750e0      1.9258e1    -1.0299e1     -6.5576e0
  14 129      5.0000e0      1.9383e1    -1.0326e1     -6.7093e0
  14 130      5.1250e0      1.9508e1    -1.0347e1     -6.8551e0
  14 131      5.2500e0      1.9633e1    -1.0364e1     -6.9971e0
  14 132      5.3750e0      1.9758e1    -1.0379e1     -7.1370e0
  14 133      5.5000e0      1.9883e1    -1.0393e1     -7.2759e0
  14 134      5.6250e0      2.0008e1    -1.0406e1     -7.4145e0
  14 135      5.7500e0      2.0133e1    -1.0420e1     -7.5530e0
  14 136      5.8750e0      2.0258e1    -1.0433e1     -7.6916e0
  14 137      6.0000e0      2.0383e1    -1.0447e1     -7.8300e0
  14 138      6.1250e0      2.0508e1    -1.0460e1     -7.9684e0
  14 139      6.2500e0      2.0633e1    -1.0473e1     -8.1065e0
  14 140      6.3750e0      2.0758e1    -1.0486e1     -8.2444e0
  14 141      6.5000e0      2.0883e1    -1.0499e1     -8.3823e0
  14 142      6.6250e0      2.1008e1    -1.0512e1     -8.5200e0
  14 143      6.7500e0      2.1133e1    -1.0524e1     -8.6578e0
  14 144      6.8750e0      2.1258e1    -1.0537e1     -8.7958e0
  14 145      7.0000e0      2.1383e1    -1.0550e1     -8.9339e0
  14 146      7.1250e0      2.1508e1    -1.0564e1     -9.0721e0
  14 147      7.2500e0      2.1633e1    -1.0577e1     -9.2106e0
  14 148      7.3750e0      2.1758e1    -1.0591e1     -9.3497e0
  14 149      7.5000e0      2.1883e1    -1.0606e1     -9.4895e0
  14 150      7.6250e0      2.2008e1    -1.0621e1     -9.6299e0
  14 151      7.7500e0      2.2133e1    -1.0637e1     -9.7704e0
  14 152      7.8750e0      2.2258e1    -1.0652e1     -9.9108e0
  14 153      8.0000e0      2.2383e1    -1.0667e1     -1.0051e1
  14 154      8.1250e0      2.2508e1    -1.0682e1     -1.0190e1
  14 155      8.2500e0      2.2633e1    -1.0696e1     -1.0330e1
  14 156      8.3750e0      2.2758e1    -1.0711e1     -1.0469e1
  14 157      8.5000e0      2.2883e1    -1.0725e1     -1.0608e1
  14 158      8.6250e0      2.3008e1    -1.0739e1     -1.0747e1
  14 159      8.7500e0      2.3133e1    -1.0753e1     -1.0886e1
  14 160      8.8750e0      2.3258e1    -1.0766e1     -1.1025e1
  14 161      9.0000e0      2.3383e1    -1.0780e1     -1.1163e1
  14 162      9.1250e0      2.3508e1    -1.0794e1     -1.1302e1
  14 163      9.2500e0      2.3633e1    -1.0808e1     -1.1441e1
  14 164      9.3750e0      2.3758e1    -1.0823e1     -1.1581e1
  14 165      9.5000e0      2.3883e1    -1.0838e1     -1.1721e1
  14 166      9.6250e0      2.4008e1    -1.0854e1     -1.1862e1
  14 167      9.7500e0      2.4133e1    -1.0870e1     -1.2003e1
  14 168      9.8750e0      2.4258e1    -1.0886e1     -1.2144e1
  14 169      1.0000e1      2.4383e1    -1.0901e1     -1.2284e1
  14 170      1.0125e1      2.4508e1    -1.0916e1     -1.2424e1
  14 171      1.0250e1      2.4633e1    -1.0930e1     -1.2564e1
  14 172      1.0375e1      2.4758e1    -1.0945e1     -1.2703e1
  14 173      1.0500e1      2.4883e1    -1.0959e1     -1.2843e1
  14 174      1.0625e1      2.5008e1    -1.0974e1     -1.2982e1
  14 175      1.0750e1      2.5133e1    -1.0989e1     -1.3122e1
  14 176      1.0875e1      2.5258e1    -1.1003e1     -1.3262e1
  14 177      1.1000e1      2.5383e1    -1.1018e1     -1.3402e1
  14 178      1.1125e1      2.5508e1    -1.1033e1     -1.3542e1
  14 179      1.1250e1      2.5633e1    -1.1049e1     -1.3682e1
  14 180      1.1375e1      2.5758e1    -1.1065e1     -1.3823e1
  14 181      1.1500e1      2.5883e1    -1.1082e1     -1.3965e1
  14 182      1.1625e1      2.6008e1    -1.1099e1     -1.4107e1
  14 183      1.1750e1      2.6133e1    -1.1116e1     -1.4250e1
  14 184      1.1875e1      2.6258e1    -1.1133e1     -1.4392e1
  14 185      1.2000e1      2.6383e1    -1.1150e1     -1.4533e1
  14 186      1.2125e1      2.6508e1    -1.1166e1     -1.4675e1
  14 187      1.2250e1      2.6633e1    -1.1183e1     -1.4817e1
  14 188      1.2375e1      2.6758e1    -1.1200e1     -1.4959e1
  14 189      1.2500e1      2.6883e1    -1.1218e1     -1.5102e1
  14 190      1.2625e1      2.7008e1    -1.1236e1     -1.5245e1
  14 191      1.2750e1      2.7133e1    -1.1254e1     -1.5388e1
  14 192      1.2875e1      2.7258e1    -1.1272e1     -1.5531e1
  14 193      1.3000e1      2.7383e1    -1.1290e1     -1.5673e1
  14 194      1.3125e1      2.7508e1    -1.1308e1     -1.5816e1
  14 195      1.3250e1      2.7633e1    -1.1327e1     -1.5961e1
  14 196      1.3375e1      2.7758e1    -1.1348e1     -1.6107e1
  14 197      1.3500e1      2.7883e1    -1.1373e1     -1.6256e1
  14 198      1.3625e1      2.8008e1    -1.1400e1     -1.6408e1
  14 199      1.3750e1      2.8133e1    -1.1430e1     -1.6564e1
  14 200      1.3875e1      2.8258e1    -1.1463e1     -1.6721e1
  14 201      1.4000e1      2.8383e1    -1.1498e1     -1.6881e1
  14 202      1.4125e1      2.8508e1    -1.1535e1     -1.7043e1
  14 203      1.4250e1      2.8633e1    -1.1575e1     -1.7208e1
  14 204      1.4375e1      2.8758e1    -1.1617e1     -1.7376e1
  14 205      1.4500e1      2.8883e1    -1.1664e1     -1.7547e1
  14 206      1.4625e1      2.9008e1    -1.1714e1     -1.7722e1
  14 207      1.4750e1      2.9133e1    -1.1769e1     -1.7903e1
  14 208      1.4875e1      2.9258e1    -1.1831e1     -1.8089e1
  14 209      1.5000e1      2.9383e1    -1.1901e1     -1.8284e1
            log10(eV)     log10(Hz)    log10(nuFnu)  log10(Jy)

i_tm =  15;  t_obs =      2.632e2
  15   1     -1.1000e1      3.3834e0    -2.6691e1     -7.0745e0
  15   2     -1.0875e1      3.5084e0    -2.6524e1     -7.0328e0
  15   3     -1.0750e1      3.6334e0    -2.6358e1     -6.9911e0
  15   4     -1.0625e1      3.7584e0    -2.6191e1     -6.9495e0
  15   5     -1.0500e1      3.8834e0    -2.6024e1     -6.9078e0
  15   6     -1.0375e1      4.0084e0    -2.5858e1     -6.8661e0
  15   7     -1.0250e1      4.1334e0    -2.5691e1     -6.8245e0
  15   8     -1.0125e1      4.2584e0    -2.5524e1     -6.7828e0
  15   9     -1.0000e1      4.3834e0    -2.5358e1     -6.7411e0
  15  10     -9.8750e0      4.5084e0    -2.5191e1     -6.6995e0
  15  11     -9.7500e0      4.6334e0    -2.5024e1     -6.6578e0
  15  12     -9.6250e0      4.7584e0    -2.4858e1     -6.6161e0
  15  13     -9.5000e0      4.8834e0    -2.4691e1     -6.5745e0
  15  14     -9.3750e0      5.0084e0    -2.4524e1     -6.5328e0
  15  15     -9.2500e0      5.1334e0    -2.4358e1     -6.4911e0
  15  16     -9.1250e0      5.2584e0    -2.4191e1     -6.4495e0
  15  17     -9.0000e0      5.3834e0    -2.4024e1     -6.4078e0
  15  18     -8.8750e0      5.5084e0    -2.3858e1     -6.3661e0
  15  19     -8.7500e0      5.6334e0    -2.3691e1     -6.3245e0
  15  20     -8.6250e0      5.7584e0    -2.3524e1     -6.2828e0
  15  21     -8.5000e0      5.8834e0    -2.3358e1     -6.2411e0
  15  22     -8.3750e0      6.0084e0    -2.3191e1     -6.1995e0
  15  23     -8.2500e0      6.1334e0    -2.3024e1     -6.1578e0
  15  24     -8.1250e0      6.2584e0    -2.2858e1     -6.1161e0
  15  25     -8.0000e0      6.3834e0    -2.2691e1     -6.0745e0
  15  26     -7.8750e0      6.5084e0    -2.2524e1     -6.0328e0
  15  27     -7.7500e0      6.6334e0    -2.2358e1     -5.9911e0
  15  28     -7.6250e0      6.7584e0    -2.2191e1     -5.9495e0
  15  29     -7.5000e0      6.8834e0    -2.2024e1     -5.9078e0
  15  30     -7.3750e0      7.0084e0    -2.1858e1     -5.8661e0
  15  31     -7.2500e0      7.1334e0    -2.1691e1     -5.8245e0
  15  32     -7.1250e0      7.2584e0    -2.1524e1     -5.7828e0
  15  33     -7.0000e0      7.3834e0    -2.1358e1     -5.7411e0
  15  34     -6.8750e0      7.5084e0    -2.1191e1     -5.6995e0
  15  35     -6.7500e0      7.6334e0    -2.1024e1     -5.6578e0
  15  36     -6.6250e0      7.7584e0    -2.0858e1     -5.6161e0
  15  37     -6.5000e0      7.8834e0    -2.0691e1     -5.5745e0
  15  38     -6.3750e0      8.0084e0    -2.0524e1     -5.5328e0
  15  39     -6.2500e0      8.1334e0    -2.0358e1     -5.4912e0
  15  40     -6.1250e0      8.2584e0    -2.0191e1     -5.4495e0
  15  41     -6.0000e0      8.3834e0    -2.0024e1     -5.4078e0
  15  42     -5.8750e0      8.5084e0    -1.9858e1     -5.3662e0
  15  43     -5.7500e0      8.6334e0    -1.9691e1     -5.3245e0
  15  44     -5.6250e0      8.7584e0    -1.9525e1     -5.2829e0
  15  45     -5.5000e0      8.8834e0    -1.9358e1     -5.2413e0
  15  46     -5.3750e0      9.0084e0    -1.9191e1     -5.1997e0
  15  47     -5.2500e0      9.1334e0    -1.9025e1     -5.1581e0
  15  48     -5.1250e0      9.2584e0    -1.8858e1     -5.1165e0
  15  49     -5.0000e0      9.3834e0    -1.8691e1     -5.0749e0
  15  50     -4.8750e0      9.5084e0    -1.8525e1     -5.0334e0
  15  51     -4.7500e0      9.6334e0    -1.8358e1     -4.9918e0
  15  52     -4.6250e0      9.7584e0    -1.8192e1     -4.9504e0
  15  53     -4.5000e0      9.8834e0    -1.8026e1     -4.9089e0
  15  54     -4.3750e0      1.0008e1    -1.7859e1     -4.8675e0
  15  55     -4.2500e0      1.0133e1    -1.7693e1     -4.8260e0
  15  56     -4.1250e0      1.0258e1    -1.7526e1     -4.7846e0
  15  57     -4.0000e0      1.0383e1    -1.7360e1     -4.7432e0
  15  58     -3.8750e0      1.0508e1    -1.7193e1     -4.7018e0
  15  59     -3.7500e0      1.0633e1    -1.7027e1     -4.6604e0
  15  60     -3.6250e0      1.0758e1    -1.6861e1     -4.6190e0
  15  61     -3.5000e0      1.0883e1    -1.6694e1     -4.5776e0
  15  62     -3.3750e0      1.1008e1    -1.6528e1     -4.5361e0
  15  63     -3.2500e0      1.1133e1    -1.6361e1     -4.4947e0
  15  64     -3.1250e0      1.1258e1    -1.6195e1     -4.4532e0
  15  65     -3.0000e0      1.1383e1    -1.6028e1     -4.4117e0
  15  66     -2.8750e0      1.1508e1    -1.5862e1     -4.3703e0
  15  67     -2.7500e0      1.1633e1    -1.5695e1     -4.3288e0
  15  68     -2.6250e0      1.1758e1    -1.5529e1     -4.2875e0
  15  69     -2.5000e0      1.1883e1    -1.5363e1     -4.2461e0
  15  70     -2.3750e0      1.2008e1    -1.5196e1     -4.2048e0
  15  71     -2.2500e0      1.2133e1    -1.5030e1     -4.1635e0
  15  72     -2.1250e0      1.2258e1    -1.4864e1     -4.1223e0
  15  73     -2.0000e0      1.2383e1    -1.4698e1     -4.0812e0
  15  74     -1.8750e0      1.2508e1    -1.4532e1     -4.0403e0
  15  75     -1.7500e0      1.2633e1    -1.4366e1     -3.9994e0
  15  76     -1.6250e0      1.2758e1    -1.4200e1     -3.9587e0
  15  77     -1.5000e0      1.2883e1    -1.4035e1     -3.9182e0
  15  78     -1.3750e0      1.3008e1    -1.3869e1     -3.8778e0
  15  79     -1.2500e0      1.3133e1    -1.3704e1     -3.8377e0
  15  80     -1.1250e0      1.3258e1    -1.3540e1     -3.7979e0
  15  81     -1.0000e0      1.3383e1    -1.3375e1     -3.7585e0
  15  82    -8.7501e-1      1.3508e1    -1.3211e1     -3.7194e0
  15  83    -7.5001e-1      1.3633e1    -1.3047e1     -3.6809e0
  15  84    -6.2501e-1      1.3758e1    -1.2884e1     -3.6429e0
  15  85    -5.0001e-1      1.3883e1    -1.2722e1     -3.6056e0
  15  86    -3.7501e-1      1.4008e1    -1.2561e1     -3.5691e0
  15  87    -2.5001e-1      1.4133e1    -1.2400e1     -3.5335e0
  15  88    -1.2501e-1      1.4258e1    -1.2241e1     -3.4991e0
  15  89    -1.3724e-5      1.4383e1    -1.2083e1     -3.4659e0
  15  90     1.2499e-1      1.4508e1    -1.1926e1     -3.4343e0
  15  91     2.4999e-1      1.4633e1    -1.1771e1     -3.4044e0
  15  92     3.7499e-1      1.4758e1    -1.1618e1     -3.3766e0
  15  93     4.9999e-1      1.4883e1    -1.1468e1     -3.3512e0
  15  94     6.2499e-1      1.5008e1    -1.1320e1     -3.3285e0
  15  95     7.4999e-1      1.5133e1    -1.1175e1     -3.3089e0
  15  96     8.7499e-1      1.5258e1    -1.1034e1     -3.2928e0
  15  97     9.9999e-1      1.5383e1    -1.0897e1     -3.2808e0
  15  98      1.1250e0      1.5508e1    -1.0765e1     -3.2734e0
  15  99      1.2500e0      1.5633e1    -1.0638e1     -3.2712e0
  15 100      1.3750e0      1.5758e1    -1.0516e1     -3.2749e0
  15 101      1.5000e0      1.5883e1    -1.0402e1     -3.2851e0
  15 102      1.6250e0      1.6008e1    -1.0294e1     -3.3025e0
  15 103      1.7500e0      1.6133e1    -1.0194e1     -3.3276e0
  15 104      1.8750e0      1.6258e1    -1.0103e1     -3.3610e0
  15 105      2.0000e0      1.6383e1    -1.0020e1     -3.4035e0
  15 106      2.1250e0      1.6508e1    -9.9469e0     -3.4554e0
  15 107      2.2500e0      1.6633e1    -9.8839e0     -3.5173e0
  15 108      2.3750e0      1.6758e1    -9.8314e0     -3.5898e0
  15 109      2.5000e0      1.6883e1    -9.7898e0     -3.6732e0
  15 110      2.6250e0      1.7008e1    -9.7594e0     -3.7678e0
  15 111      2.7500e0      1.7133e1    -9.7405e0     -3.8739e0
  15 112      2.8750e0      1.7258e1    -9.7332e0     -3.9916e0
  15 113      3.0000e0      1.7383e1    -9.7375e0     -4.1209e0
  15 114      3.1250e0      1.7508e1    -9.7532e0     -4.2616e0
  15 115      3.2500e0      1.7633e1    -9.7800e0     -4.4134e0
  15 116      3.3750e0      1.7758e1    -9.8171e0     -4.5755e0
  15 117      3.5000e0      1.7883e1    -9.8633e0     -4.7467e0
  15 118      3.6250e0      1.8008e1    -9.9170e0     -4.9254e0
  15 119      3.7500e0      1.8133e1    -9.9760e0     -5.1094e0
  15 120      3.8750e0      1.8258e1    -1.0038e1     -5.2963e0
  15 121      4.0000e0      1.8383e1    -1.0100e1     -5.4837e0
  15 122      4.1250e0      1.8508e1    -1.0161e1     -5.6697e0
  15 123      4.2500e0      1.8633e1    -1.0219e1     -5.8529e0
  15 124      4.3750e0      1.8758e1    -1.0274e1     -6.0320e0
  15 125      4.5000e0      1.8883e1    -1.0322e1     -6.2054e0
  15 126      4.6250e0      1.9008e1    -1.0363e1     -6.3717e0
  15 127      4.7500e0      1.9133e1    -1.0397e1     -6.5302e0
  15 128      4.8750e0      1.9258e1    -1.0423e1     -6.6813e0
  15 129      5.0000e0      1.9383e1    -1.0443e1     -6.8268e0
  15 130      5.1250e0      1.9508e1    -1.0460e1     -6.9688e0
  15 131      5.2500e0      1.9633e1    -1.0475e1     -7.1088e0
  15 132      5.3750e0      1.9758e1    -1.0489e1     -7.2478e0
  15 133      5.5000e0      1.9883e1    -1.0503e1     -7.3866e0
  15 134      5.6250e0      2.0008e1    -1.0517e1     -7.5253e0
  15 135      5.7500e0      2.0133e1    -1.0531e1     -7.6640e0
  15 136      5.8750e0      2.0258e1    -1.0544e1     -7.8027e0
  15 137      6.0000e0      2.0383e1    -1.0558e1     -7.9413e0
  15 138      6.1250e0      2.0508e1    -1.0571e1     -8.0798e0
  15 139      6.2500e0      2.0633e1    -1.0585e1     -8.2180e0
  15 140      6.3750e0      2.0758e1    -1.0598e1     -8.3561e0
  15 141      6.5000e0      2.0883e1    -1.0611e1     -8.4942e0
  15 142      6.6250e0      2.1008e1    -1.0624e1     -8.6323e0
  15 143      6.7500e0      2.1133e1    -1.0637e1     -8.7706e0
  15 144      6.8750e0      2.1258e1    -1.0651e1     -8.9092e0
  15 145      7.0000e0      2.1383e1    -1.0664e1     -9.0478e0
  15 146      7.1250e0      2.1508e1    -1.0678e1     -9.1865e0
  15 147      7.2500e0      2.1633e1    -1.0692e1     -9.3254e0
  15 148      7.3750e0      2.1758e1    -1.0706e1     -9.4649e0
  15 149      7.5000e0      2.1883e1    -1.0722e1     -9.6050e0
  15 150      7.6250e0      2.2008e1    -1.0737e1     -9.7454e0
  15 151      7.7500e0      2.2133e1    -1.0753e1     -9.8859e0
  15 152      7.8750e0      2.2258e1    -1.0768e1     -1.0026e1
  15 153      8.0000e0      2.2383e1    -1.0783e1     -1.0166e1
  15 154      8.1250e0      2.2508e1    -1.0797e1     -1.0306e1
  15 155      8.2500e0      2.2633e1    -1.0811e1     -1.0445e1
  15 156      8.3750e0      2.2758e1    -1.0826e1     -1.0584e1
  15 157      8.5000e0      2.2883e1    -1.0840e1     -1.0723e1
  15 158      8.6250e0      2.3008e1    -1.0853e1     -1.0862e1
  15 159      8.7500e0      2.3133e1    -1.0867e1     -1.1001e1
  15 160      8.8750e0      2.3258e1    -1.0881e1     -1.1139e1
  15 161      9.0000e0      2.3383e1    -1.0895e1     -1.1278e1
  15 162      9.1250e0      2.3508e1    -1.0908e1     -1.1417e1
  15 163      9.2500e0      2.3633e1    -1.0923e1     -1.1556e1
  15 164      9.3750e0      2.3758e1    -1.0938e1     -1.1696e1
  15 165      9.5000e0      2.3883e1    -1.0953e1     -1.1837e1
  15 166      9.6250e0      2.4008e1    -1.0969e1     -1.1978e1
  15 167      9.7500e0      2.4133e1    -1.0985e1     -1.2118e1
  15 168      9.8750e0      2.4258e1    -1.1000e1     -1.2259e1
  15 169      1.0000e1      2.4383e1    -1.1015e1     -1.2399e1
  15 170      1.0125e1      2.4508e1    -1.1029e1     -1.2538e1
  15 171      1.0250e1      2.4633e1    -1.1043e1     -1.2677e1
  15 172      1.0375e1      2.4758e1    -1.1057e1     -1.2816e1
  15 173      1.0500e1      2.4883e1    -1.1071e1     -1.2954e1
  15 174      1.0625e1      2.5008e1    -1.1085e1     -1.3093e1
  15 175      1.0750e1      2.5133e1    -1.1098e1     -1.3232e1
  15 176      1.0875e1      2.5258e1    -1.1112e1     -1.3371e1
  15 177      1.1000e1      2.5383e1    -1.1127e1     -1.3510e1
  15 178      1.1125e1      2.5508e1    -1.1141e1     -1.3649e1
  15 179      1.1250e1      2.5633e1    -1.1156e1     -1.3790e1
  15 180      1.1375e1      2.5758e1    -1.1172e1     -1.3930e1
  15 181      1.1500e1      2.5883e1    -1.1188e1     -1.4072e1
  15 182      1.1625e1      2.6008e1    -1.1205e1     -1.4214e1
  15 183      1.1750e1      2.6133e1    -1.1223e1     -1.4356e1
  15 184      1.1875e1      2.6258e1    -1.1240e1     -1.4498e1
  15 185      1.2000e1      2.6383e1    -1.1256e1     -1.4640e1
  15 186      1.2125e1      2.6508e1    -1.1273e1     -1.4781e1
  15 187      1.2250e1      2.6633e1    -1.1290e1     -1.4923e1
  15 188      1.2375e1      2.6758e1    -1.1308e1     -1.5066e1
  15 189      1.2500e1      2.6883e1    -1.1326e1     -1.5209e1
  15 190      1.2625e1      2.7008e1    -1.1344e1     -1.5353e1
  15 191      1.2750e1      2.7133e1    -1.1363e1     -1.5496e1
  15 192      1.2875e1      2.7258e1    -1.1381e1     -1.5639e1
  15 193      1.3000e1      2.7383e1    -1.1400e1     -1.5783e1
  15 194      1.3125e1      2.7508e1    -1.1419e1     -1.5927e1
  15 195      1.3250e1      2.7633e1    -1.1439e1     -1.6073e1
  15 196      1.3375e1      2.7758e1    -1.1462e1     -1.6221e1
  15 197      1.3500e1      2.7883e1    -1.1488e1     -1.6372e1
  15 198      1.3625e1      2.8008e1    -1.1517e1     -1.6526e1
  15 199      1.3750e1      2.8133e1    -1.1549e1     -1.6683e1
  15 200      1.3875e1      2.8258e1    -1.1584e1     -1.6842e1
  15 201      1.4000e1      2.8383e1    -1.1620e1     -1.7003e1
  15 202      1.4125e1      2.8508e1    -1.1659e1     -1.7168e1
  15 203      1.4250e1      2.8633e1    -1.1701e1     -1.7334e1
  15 204      1.4375e1      2.8758e1    -1.1745e1     -1.7503e1
  15 205      1.4500e1      2.8883e1    -1.1792e1     -1.7676e1
  15 206      1.4625e1      2.9008e1    -1.1844e1     -1.7852e1
  15 207      1.4750e1      2.9133e1    -1.1901e1     -1.8034e1
  15 208      1.4875e1      2.9258e1    -1.1966e1     -1.8224e1
  15 209      1.5000e1      2.9383e1    -1.2040e1     -1.8424e1
            log10(eV)     log10(Hz)    log10(nuFnu)  log10(Jy)

i_tm =  16;  t_obs =      3.324e2
  16   1     -1.1000e1      3.3834e0    -2.6653e1     -7.0361e0
  16   2     -1.0875e1      3.5084e0    -2.6486e1     -6.9944e0
  16   3     -1.0750e1      3.6334e0    -2.6319e1     -6.9528e0
  16   4     -1.0625e1      3.7584e0    -2.6153e1     -6.9111e0
  16   5     -1.0500e1      3.8834e0    -2.5986e1     -6.8694e0
  16   6     -1.0375e1      4.0084e0    -2.5819e1     -6.8278e0
  16   7     -1.0250e1      4.1334e0    -2.5653e1     -6.7861e0
  16   8     -1.0125e1      4.2584e0    -2.5486e1     -6.7444e0
  16   9     -1.0000e1      4.3834e0    -2.5319e1     -6.7028e0
  16  10     -9.8750e0      4.5084e0    -2.5153e1     -6.6611e0
  16  11     -9.7500e0      4.6334e0    -2.4986e1     -6.6194e0
  16  12     -9.6250e0      4.7584e0    -2.4819e1     -6.5778e0
  16  13     -9.5000e0      4.8834e0    -2.4653e1     -6.5361e0
  16  14     -9.3750e0      5.0084e0    -2.4486e1     -6.4944e0
  16  15     -9.2500e0      5.1334e0    -2.4319e1     -6.4528e0
  16  16     -9.1250e0      5.2584e0    -2.4153e1     -6.4111e0
  16  17     -9.0000e0      5.3834e0    -2.3986e1     -6.3694e0
  16  18     -8.8750e0      5.5084e0    -2.3819e1     -6.3278e0
  16  19     -8.7500e0      5.6334e0    -2.3653e1     -6.2861e0
  16  20     -8.6250e0      5.7584e0    -2.3486e1     -6.2444e0
  16  21     -8.5000e0      5.8834e0    -2.3319e1     -6.2028e0
  16  22     -8.3750e0      6.0084e0    -2.3153e1     -6.1611e0
  16  23     -8.2500e0      6.1334e0    -2.2986e1     -6.1194e0
  16  24     -8.1250e0      6.2584e0    -2.2819e1     -6.0778e0
  16  25     -8.0000e0      6.3834e0    -2.2653e1     -6.0361e0
  16  26     -7.8750e0      6.5084e0    -2.2486e1     -5.9944e0
  16  27     -7.7500e0      6.6334e0    -2.2319e1     -5.9528e0
  16  28     -7.6250e0      6.7584e0    -2.2153e1     -5.9111e0
  16  29     -7.5000e0      6.8834e0    -2.1986e1     -5.8694e0
  16  30     -7.3750e0      7.0084e0    -2.1819e1     -5.8278e0
  16  31     -7.2500e0      7.1334e0    -2.1653e1     -5.7861e0
  16  32     -7.1250e0      7.2584e0    -2.1486e1     -5.7444e0
  16  33     -7.0000e0      7.3834e0    -2.1319e1     -5.7028e0
  16  34     -6.8750e0      7.5084e0    -2.1153e1     -5.6611e0
  16  35     -6.7500e0      7.6334e0    -2.0986e1     -5.6194e0
  16  36     -6.6250e0      7.7584e0    -2.0819e1     -5.5778e0
  16  37     -6.5000e0      7.8834e0    -2.0653e1     -5.5361e0
  16  38     -6.3750e0      8.0084e0    -2.0486e1     -5.4945e0
  16  39     -6.2500e0      8.1334e0    -2.0319e1     -5.4528e0
  16  40     -6.1250e0      8.2584e0    -2.0153e1     -5.4111e0
  16  41     -6.0000e0      8.3834e0    -1.9986e1     -5.3695e0
  16  42     -5.8750e0      8.5084e0    -1.9819e1     -5.3279e0
  16  43     -5.7500e0      8.6334e0    -1.9653e1     -5.2862e0
  16  44     -5.6250e0      8.7584e0    -1.9486e1     -5.2446e0
  16  45     -5.5000e0      8.8834e0    -1.9320e1     -5.2030e0
  16  46     -5.3750e0      9.0084e0    -1.9153e1     -5.1614e0
  16  47     -5.2500e0      9.1334e0    -1.8986e1     -5.1198e0
  16  48     -5.1250e0      9.2584e0    -1.8820e1     -5.0782e0
  16  49     -5.0000e0      9.3834e0    -1.8653e1     -5.0366e0
  16  50     -4.8750e0      9.5084e0    -1.8487e1     -4.9951e0
  16  51     -4.7500e0      9.6334e0    -1.8320e1     -4.9536e0
  16  52     -4.6250e0      9.7584e0    -1.8154e1     -4.9122e0
  16  53     -4.5000e0      9.8834e0    -1.7987e1     -4.8708e0
  16  54     -4.3750e0      1.0008e1    -1.7821e1     -4.8293e0
  16  55     -4.2500e0      1.0133e1    -1.7654e1     -4.7879e0
  16  56     -4.1250e0      1.0258e1    -1.7488e1     -4.7465e0
  16  57     -4.0000e0      1.0383e1    -1.7322e1     -4.7051e0
  16  58     -3.8750e0      1.0508e1    -1.7155e1     -4.6637e0
  16  59     -3.7500e0      1.0633e1    -1.6989e1     -4.6223e0
  16  60     -3.6250e0      1.0758e1    -1.6822e1     -4.5809e0
  16  61     -3.5000e0      1.0883e1    -1.6656e1     -4.5394e0
  16  62     -3.3750e0      1.1008e1    -1.6490e1     -4.4979e0
  16  63     -3.2500e0      1.1133e1    -1.6323e1     -4.4564e0
  16  64     -3.1250e0      1.1258e1    -1.6157e1     -4.4149e0
  16  65     -3.0000e0      1.1383e1    -1.5990e1     -4.3735e0
  16  66     -2.8750e0      1.1508e1    -1.5824e1     -4.3321e0
  16  67     -2.7500e0      1.1633e1    -1.5657e1     -4.2907e0
  16  68     -2.6250e0      1.1758e1    -1.5491e1     -4.2493e0
  16  69     -2.5000e0      1.1883e1    -1.5325e1     -4.2080e0
  16  70     -2.3750e0      1.2008e1    -1.5158e1     -4.1667e0
  16  71     -2.2500e0      1.2133e1    -1.4992e1     -4.1255e0
  16  72     -2.1250e0      1.2258e1    -1.4826e1     -4.0844e0
  16  73     -2.0000e0      1.2383e1    -1.4660e1     -4.0434e0
  16  74     -1.8750e0      1.2508e1    -1.4494e1     -4.0025e0
  16  75     -1.7500e0      1.2633e1    -1.4328e1     -3.9618e0
  16  76     -1.6250e0      1.2758e1    -1.4163e1     -3.9212e0
  16  77     -1.5000e0      1.2883e1    -1.3997e1     -3.8808e0
  16  78     -1.3750e0      1.3008e1    -1.3832e1     -3.8407e0
  16  79     -1.2500e0      1.3133e1    -1.3667e1     -3.8008e0
  16  80     -1.1250e0      1.3258e1    -1.3503e1     -3.7612e0
  16  81     -1.0000e0      1.3383e1    -1.3339e1     -3.7221e0
  16  82    -8.7501e-1      1.3508e1    -1.3175e1     -3.6835e0
  16  83    -7.5001e-1      1.3633e1    -1.3012e1     -3.6454e0
  16  84    -6.2501e-1      1.3758e1    -1.2850e1     -3.6080e0
  16  85    -5.0001e-1      1.3883e1    -1.2688e1     -3.5714e0
  16  86    -3.7501e-1      1.4008e1    -1.2527e1     -3.5357e0
  16  87    -2.5001e-1      1.4133e1    -1.2368e1     -3.5011e0
  16  88    -1.2501e-1      1.4258e1    -1.2209e1     -3.4677e0
  16  89    -1.3724e-5      1.4383e1    -1.2052e1     -3.4359e0
  16  90     1.2499e-1      1.4508e1    -1.1897e1     -3.4058e0
  16  91     2.4999e-1      1.4633e1    -1.1744e1     -3.3777e0
  16  92     3.7499e-1      1.4758e1    -1.1594e1     -3.3521e0
  16  93     4.9999e-1      1.4883e1    -1.1446e1     -3.3291e0
  16  94     6.2499e-1      1.5008e1    -1.1301e1     -3.3093e0
  16  95     7.4999e-1      1.5133e1    -1.1160e1     -3.2929e0
  16  96     8.7499e-1      1.5258e1    -1.1022e1     -3.2806e0
  16  97     9.9999e-1      1.5383e1    -1.0889e1     -3.2729e0
  16  98      1.1250e0      1.5508e1    -1.0762e1     -3.2704e0
  16  99      1.2500e0      1.5633e1    -1.0640e1     -3.2737e0
  16 100      1.3750e0      1.5758e1    -1.0525e1     -3.2835e0
  16 101      1.5000e0      1.5883e1    -1.0417e1     -3.3004e0
  16 102      1.6250e0      1.6008e1    -1.0317e1     -3.3252e0
  16 103      1.7500e0      1.6133e1    -1.0225e1     -3.3583e0
  16 104      1.8750e0      1.6258e1    -1.0142e1     -3.4004e0
  16 105      2.0000e0      1.6383e1    -1.0069e1     -3.4521e0
  16 106      2.1250e0      1.6508e1    -1.0005e1     -3.5138e0
  16 107      2.2500e0      1.6633e1    -9.9528e0     -3.5862e0
  16 108      2.3750e0      1.6758e1    -9.9111e0     -3.6695e0
  16 109      2.5000e0      1.6883e1    -9.8807e0     -3.7641e0
  16 110      2.6250e0      1.7008e1    -9.8619e0     -3.8703e0
  16 111      2.7500e0      1.7133e1    -9.8546e0     -3.9880e0
  16 112      2.8750e0      1.7258e1    -9.8591e0     -4.1175e0
  16 113      3.0000e0      1.7383e1    -9.8749e0     -4.2583e0
  16 114      3.1250e0      1.7508e1    -9.9016e0     -4.4101e0
  16 115      3.2500e0      1.7633e1    -9.9386e0     -4.5720e0
  16 116      3.3750e0      1.7758e1    -9.9846e0     -4.7430e0
  16 117      3.5000e0      1.7883e1    -1.0038e1     -4.9213e0
  16 118      3.6250e0      1.8008e1    -1.0097e1     -5.1050e0
  16 119      3.7500e0      1.8133e1    -1.0158e1     -5.2914e0
  16 120      3.8750e0      1.8258e1    -1.0220e1     -5.4784e0
  16 121      4.0000e0      1.8383e1    -1.0280e1     -5.6639e0
  16 122      4.1250e0      1.8508e1    -1.0338e1     -5.8461e0
  16 123      4.2500e0      1.8633e1    -1.0390e1     -6.0239e0
  16 124      4.3750e0      1.8758e1    -1.0437e1     -6.1956e0
  16 125      4.5000e0      1.8883e1    -1.0477e1     -6.3602e0
  16 126      4.6250e0      1.9008e1    -1.0509e1     -6.5170e0
  16 127      4.7500e0      1.9133e1    -1.0533e1     -6.6669e0
  16 128      4.8750e0      1.9258e1    -1.0553e1     -6.8113e0
  16 129      5.0000e0      1.9383e1    -1.0569e1     -6.9524e0
  16 130      5.1250e0      1.9508e1    -1.0583e1     -7.0915e0
  16 131      5.2500e0      1.9633e1    -1.0597e1     -7.2299e0
  16 132      5.3750e0      1.9758e1    -1.0610e1     -7.3681e0
  16 133      5.5000e0      1.9883e1    -1.0623e1     -7.5065e0
  16 134      5.6250e0      2.0008e1    -1.0637e1     -7.6450e0
  16 135      5.7500e0      2.0133e1    -1.0650e1     -7.7836e0
  16 136      5.8750e0      2.0258e1    -1.0664e1     -7.9223e0
  16 137      6.0000e0      2.0383e1    -1.0677e1     -8.0608e0
  16 138      6.1250e0      2.0508e1    -1.0691e1     -8.1990e0
  16 139      6.2500e0      2.0633e1    -1.0704e1     -8.3370e0
  16 140      6.3750e0      2.0758e1    -1.0716e1     -8.4747e0
  16 141      6.5000e0      2.0883e1    -1.0729e1     -8.6123e0
  16 142      6.6250e0      2.1008e1    -1.0742e1     -8.7500e0
  16 143      6.7500e0      2.1133e1    -1.0754e1     -8.8878e0
  16 144      6.8750e0      2.1258e1    -1.0767e1     -9.0259e0
  16 145      7.0000e0      2.1383e1    -1.0781e1     -9.1641e0
  16 146      7.1250e0      2.1508e1    -1.0794e1     -9.3026e0
  16 147      7.2500e0      2.1633e1    -1.0808e1     -9.4417e0
  16 148      7.3750e0      2.1758e1    -1.0823e1     -9.5814e0
  16 149      7.5000e0      2.1883e1    -1.0838e1     -9.7217e0
  16 150      7.6250e0      2.2008e1    -1.0854e1     -9.8623e0
  16 151      7.7500e0      2.2133e1    -1.0869e1     -1.0003e1
  16 152      7.8750e0      2.2258e1    -1.0884e1     -1.0143e1
  16 153      8.0000e0      2.2383e1    -1.0899e1     -1.0282e1
  16 154      8.1250e0      2.2508e1    -1.0913e1     -1.0422e1
  16 155      8.2500e0      2.2633e1    -1.0928e1     -1.0561e1
  16 156      8.3750e0      2.2758e1    -1.0942e1     -1.0700e1
  16 157      8.5000e0      2.2883e1    -1.0956e1     -1.0839e1
  16 158      8.6250e0      2.3008e1    -1.0969e1     -1.0978e1
  16 159      8.7500e0      2.3133e1    -1.0983e1     -1.1116e1
  16 160      8.8750e0      2.3258e1    -1.0996e1     -1.1255e1
  16 161      9.0000e0      2.3383e1    -1.1010e1     -1.1393e1
  16 162      9.1250e0      2.3508e1    -1.1024e1     -1.1532e1
  16 163      9.2500e0      2.3633e1    -1.1038e1     -1.1672e1
  16 164      9.3750e0      2.3758e1    -1.1053e1     -1.1812e1
  16 165      9.5000e0      2.3883e1    -1.1069e1     -1.1952e1
  16 166      9.6250e0      2.4008e1    -1.1085e1     -1.2093e1
  16 167      9.7500e0      2.4133e1    -1.1101e1     -1.2234e1
  16 168      9.8750e0      2.4258e1    -1.1116e1     -1.2374e1
  16 169      1.0000e1      2.4383e1    -1.1130e1     -1.2513e1
  16 170      1.0125e1      2.4508e1    -1.1144e1     -1.2653e1
  16 171      1.0250e1      2.4633e1    -1.1158e1     -1.2792e1
  16 172      1.0375e1      2.4758e1    -1.1172e1     -1.2931e1
  16 173      1.0500e1      2.4883e1    -1.1186e1     -1.3070e1
  16 174      1.0625e1      2.5008e1    -1.1200e1     -1.3209e1
  16 175      1.0750e1      2.5133e1    -1.1214e1     -1.3348e1
  16 176      1.0875e1      2.5258e1    -1.1228e1     -1.3487e1
  16 177      1.1000e1      2.5383e1    -1.1243e1     -1.3626e1
  16 178      1.1125e1      2.5508e1    -1.1258e1     -1.3766e1
  16 179      1.1250e1      2.5633e1    -1.1273e1     -1.3907e1
  16 180      1.1375e1      2.5758e1    -1.1290e1     -1.4048e1
  16 181      1.1500e1      2.5883e1    -1.1307e1     -1.4190e1
  16 182      1.1625e1      2.6008e1    -1.1324e1     -1.4332e1
  16 183      1.1750e1      2.6133e1    -1.1341e1     -1.4475e1
  16 184      1.1875e1      2.6258e1    -1.1358e1     -1.4616e1
  16 185      1.2000e1      2.6383e1    -1.1374e1     -1.4758e1
  16 186      1.2125e1      2.6508e1    -1.1391e1     -1.4900e1
  16 187      1.2250e1      2.6633e1    -1.1408e1     -1.5042e1
  16 188      1.2375e1      2.6758e1    -1.1426e1     -1.5184e1
  16 189      1.2500e1      2.6883e1    -1.1444e1     -1.5327e1
  16 190      1.2625e1      2.7008e1    -1.1462e1     -1.5470e1
  16 191      1.2750e1      2.7133e1    -1.1479e1     -1.5613e1
  16 192      1.2875e1      2.7258e1    -1.1497e1     -1.5756e1
  16 193      1.3000e1      2.7383e1    -1.1515e1     -1.5899e1
  16 194      1.3125e1      2.7508e1    -1.1535e1     -1.6043e1
  16 195      1.3250e1      2.7633e1    -1.1556e1     -1.6190e1
  16 196      1.3375e1      2.7758e1    -1.1581e1     -1.6339e1
  16 197      1.3500e1      2.7883e1    -1.1608e1     -1.6492e1
  16 198      1.3625e1      2.8008e1    -1.1639e1     -1.6648e1
  16 199      1.3750e1      2.8133e1    -1.1672e1     -1.6806e1
  16 200      1.3875e1      2.8258e1    -1.1708e1     -1.6966e1
  16 201      1.4000e1      2.8383e1    -1.1745e1     -1.7128e1
  16 202      1.4125e1      2.8508e1    -1.1784e1     -1.7292e1
  16 203      1.4250e1      2.8633e1    -1.1825e1     -1.7459e1
  16 204      1.4375e1      2.8758e1    -1.1869e1     -1.7628e1
  16 205      1.4500e1      2.8883e1    -1.1917e1     -1.7800e1
  16 206      1.4625e1      2.9008e1    -1.1968e1     -1.7976e1
  16 207      1.4750e1      2.9133e1    -1.2025e1     -1.8158e1
  16 208      1.4875e1      2.9258e1    -1.2090e1     -1.8348e1
  16 209      1.5000e1      2.9383e1    -1.2165e1     -1.8549e1
            log10(eV)     log10(Hz)    log10(nuFnu)  log10(Jy)

i_tm =  17;  t_obs =      4.199e2
  17   1     -1.1000e1      3.3834e0    -2.6614e1     -6.9969e0
  17   2     -1.0875e1      3.5084e0    -2.6447e1     -6.9553e0
  17   3     -1.0750e1      3.6334e0    -2.6280e1     -6.9136e0
  17   4     -1.0625e1      3.7584e0    -2.6114e1     -6.8719e0
  17   5     -1.0500e1      3.8834e0    -2.5947e1     -6.8303e0
  17   6     -1.0375e1      4.0084e0    -2.5780e1     -6.7886e0
  17   7     -1.0250e1      4.1334e0    -2.5614e1     -6.7469e0
  17   8     -1.0125e1      4.2584e0    -2.5447e1     -6.7053e0
  17   9     -1.0000e1      4.3834e0    -2.5280e1     -6.6636e0
  17  10     -9.8750e0      4.5084e0    -2.5114e1     -6.6219e0
  17  11     -9.7500e0      4.6334e0    -2.4947e1     -6.5803e0
  17  12     -9.6250e0      4.7584e0    -2.4780e1     -6.5386e0
  17  13     -9.5000e0      4.8834e0    -2.4614e1     -6.4969e0
  17  14     -9.3750e0      5.0084e0    -2.4447e1     -6.4553e0
  17  15     -9.2500e0      5.1334e0    -2.4280e1     -6.4136e0
  17  16     -9.1250e0      5.2584e0    -2.4114e1     -6.3719e0
  17  17     -9.0000e0      5.3834e0    -2.3947e1     -6.3303e0
  17  18     -8.8750e0      5.5084e0    -2.3780e1     -6.2886e0
  17  19     -8.7500e0      5.6334e0    -2.3614e1     -6.2469e0
  17  20     -8.6250e0      5.7584e0    -2.3447e1     -6.2053e0
  17  21     -8.5000e0      5.8834e0    -2.3280e1     -6.1636e0
  17  22     -8.3750e0      6.0084e0    -2.3114e1     -6.1219e0
  17  23     -8.2500e0      6.1334e0    -2.2947e1     -6.0803e0
  17  24     -8.1250e0      6.2584e0    -2.2780e1     -6.0386e0
  17  25     -8.0000e0      6.3834e0    -2.2614e1     -5.9969e0
  17  26     -7.8750e0      6.5084e0    -2.2447e1     -5.9553e0
  17  27     -7.7500e0      6.6334e0    -2.2280e1     -5.9136e0
  17  28     -7.6250e0      6.7584e0    -2.2114e1     -5.8719e0
  17  29     -7.5000e0      6.8834e0    -2.1947e1     -5.8303e0
  17  30     -7.3750e0      7.0084e0    -2.1780e1     -5.7886e0
  17  31     -7.2500e0      7.1334e0    -2.1614e1     -5.7469e0
  17  32     -7.1250e0      7.2584e0    -2.1447e1     -5.7053e0
  17  33     -7.0000e0      7.3834e0    -2.1280e1     -5.6636e0
  17  34     -6.8750e0      7.5084e0    -2.1114e1     -5.6219e0
  17  35     -6.7500e0      7.6334e0    -2.0947e1     -5.5803e0
  17  36     -6.6250e0      7.7584e0    -2.0780e1     -5.5386e0
  17  37     -6.5000e0      7.8834e0    -2.0614e1     -5.4970e0
  17  38     -6.3750e0      8.0084e0    -2.0447e1     -5.4553e0
  17  39     -6.2500e0      8.1334e0    -2.0280e1     -5.4136e0
  17  40     -6.1250e0      8.2584e0    -2.0114e1     -5.3720e0
  17  41     -6.0000e0      8.3834e0    -1.9947e1     -5.3303e0
  17  42     -5.8750e0      8.5084e0    -1.9780e1     -5.2887e0
  17  43     -5.7500e0      8.6334e0    -1.9614e1     -5.2471e0
  17  44     -5.6250e0      8.7584e0    -1.9447e1     -5.2055e0
  17  45     -5.5000e0      8.8834e0    -1.9280e1     -5.1639e0
  17  46     -5.3750e0      9.0084e0    -1.9114e1     -5.1223e0
  17  47     -5.2500e0      9.1334e0    -1.8947e1     -5.0807e0
  17  48     -5.1250e0      9.2584e0    -1.8781e1     -5.0391e0
  17  49     -5.0000e0      9.3834e0    -1.8614e1     -4.9976e0
  17  50     -4.8750e0      9.5084e0    -1.8448e1     -4.9561e0
  17  51     -4.7500e0      9.6334e0    -1.8281e1     -4.9146e0
  17  52     -4.6250e0      9.7584e0    -1.8115e1     -4.8732e0
  17  53     -4.5000e0      9.8834e0    -1.7948e1     -4.8318e0
  17  54     -4.3750e0      1.0008e1    -1.7782e1     -4.7904e0
  17  55     -4.2500e0      1.0133e1    -1.7616e1     -4.7490e0
  17  56     -4.1250e0      1.0258e1    -1.7449e1     -4.7075e0
  17  57     -4.0000e0      1.0383e1    -1.7283e1     -4.6662e0
  17  58     -3.8750e0      1.0508e1    -1.7116e1     -4.6247e0
  17  59     -3.7500e0      1.0633e1    -1.6950e1     -4.5833e0
  17  60     -3.6250e0      1.0758e1    -1.6783e1     -4.5419e0
  17  61     -3.5000e0      1.0883e1    -1.6617e1     -4.5004e0
  17  62     -3.3750e0      1.1008e1    -1.6450e1     -4.4589e0
  17  63     -3.2500e0      1.1133e1    -1.6284e1     -4.4174e0
  17  64     -3.1250e0      1.1258e1    -1.6118e1     -4.3759e0
  17  65     -3.0000e0      1.1383e1    -1.5951e1     -4.3345e0
  17  66     -2.8750e0      1.1508e1    -1.5785e1     -4.2931e0
  17  67     -2.7500e0      1.1633e1    -1.5618e1     -4.2517e0
  17  68     -2.6250e0      1.1758e1    -1.5452e1     -4.2104e0
  17  69     -2.5000e0      1.1883e1    -1.5286e1     -4.1691e0
  17  70     -2.3750e0      1.2008e1    -1.5119e1     -4.1279e0
  17  71     -2.2500e0      1.2133e1    -1.4953e1     -4.0867e0
  17  72     -2.1250e0      1.2258e1    -1.4787e1     -4.0457e0
  17  73     -2.0000e0      1.2383e1    -1.4621e1     -4.0048e0
  17  74     -1.8750e0      1.2508e1    -1.4456e1     -3.9640e0
  17  75     -1.7500e0      1.2633e1    -1.4290e1     -3.9234e0
  17  76     -1.6250e0      1.2758e1    -1.4125e1     -3.8830e0
  17  77     -1.5000e0      1.2883e1    -1.3959e1     -3.8428e0
  17  78     -1.3750e0      1.3008e1    -1.3795e1     -3.8029e0
  17  79     -1.2500e0      1.3133e1    -1.3630e1     -3.7633e0
  17  80     -1.1250e0      1.3258e1    -1.3466e1     -3.7241e0
  17  81     -1.0000e0      1.3383e1    -1.3302e1     -3.6854e0
  17  82    -8.7501e-1      1.3508e1    -1.3139e1     -3.6473e0
  17  83    -7.5001e-1      1.3633e1    -1.2976e1     -3.6098e0
  17  84    -6.2501e-1      1.3758e1    -1.2815e1     -3.5730e0
  17  85    -5.0001e-1      1.3883e1    -1.2654e1     -3.5372e0
  17  86    -3.7501e-1      1.4008e1    -1.2494e1     -3.5025e0
  17  87    -2.5001e-1      1.4133e1    -1.2336e1     -3.4690e0
  17  88    -1.2501e-1      1.4258e1    -1.2179e1     -3.4370e0
  17  89    -1.3724e-5      1.4383e1    -1.2023e1     -3.4067e0
  17  90     1.2499e-1      1.4508e1    -1.1870e1     -3.3785e0
  17  91     2.4999e-1      1.4633e1    -1.1719e1     -3.3527e0
  17  92     3.7499e-1      1.4758e1    -1.1571e1     -3.3295e0
  17  93     4.9999e-1      1.4883e1    -1.1426e1     -3.3095e0
  17  94     6.2499e-1      1.5008e1    -1.1285e1     -3.2930e0
  17  95     7.4999e-1      1.5133e1    -1.1147e1     -3.2805e0
  17  96     8.7499e-1      1.5258e1    -1.1014e1     -3.2725e0
  17  97     9.9999e-1      1.5383e1    -1.0886e1     -3.2697e0
  17  98      1.1250e0      1.5508e1    -1.0764e1     -3.2727e0
  17  99      1.2500e0      1.5633e1    -1.0649e1     -3.2822e0
  17 100      1.3750e0      1.5758e1    -1.0540e1     -3.2989e0
  17 101      1.5000e0      1.5883e1    -1.0440e1     -3.3233e0
  17 102      1.6250e0      1.6008e1    -1.0348e1     -3.3562e0
  17 103      1.7500e0      1.6133e1    -1.0265e1     -3.3981e0
  17 104      1.8750e0      1.6258e1    -1.0191e1     -3.4496e0
  17 105      2.0000e0      1.6383e1    -1.0128e1     -3.5113e0
  17 106      2.1250e0      1.6508e1    -1.0075e1     -3.5836e0
  17 107      2.2500e0      1.6633e1    -1.0034e1     -3.6670e0
  17 108      2.3750e0      1.6758e1    -1.0003e1     -3.7617e0
  17 109      2.5000e0      1.6883e1    -9.9846e0     -3.8680e0
  17 110      2.6250e0      1.7008e1    -9.9776e0     -3.9860e0
  17 111      2.7500e0      1.7133e1    -9.9822e0     -4.1156e0
  17 112      2.8750e0      1.7258e1    -9.9982e0     -4.2566e0
  17 113      3.0000e0      1.7383e1    -1.0025e1     -4.4086e0
  17 114      3.1250e0      1.7508e1    -1.0062e1     -4.5706e0
  17 115      3.2500e0      1.7633e1    -1.0108e1     -4.7417e0
  17 116      3.3750e0      1.7758e1    -1.0162e1     -4.9199e0
  17 117      3.5000e0      1.7883e1    -1.0220e1     -5.1031e0
  17 118      3.6250e0      1.8008e1    -1.0280e1     -5.2886e0
  17 119      3.7500e0      1.8133e1    -1.0340e1     -5.4738e0
  17 120      3.8750e0      1.8258e1    -1.0398e1     -5.6567e0
  17 121      4.0000e0      1.8383e1    -1.0452e1     -5.8357e0
  17 122      4.1250e0      1.8508e1    -1.0502e1     -6.0099e0
  17 123      4.2500e0      1.8633e1    -1.0545e1     -6.1787e0
  17 124      4.3750e0      1.8758e1    -1.0583e1     -6.3411e0
  17 125      4.5000e0      1.8883e1    -1.0614e1     -6.4970e0
  17 126      4.6250e0      1.9008e1    -1.0638e1     -6.6466e0
  17 127      4.7500e0      1.9133e1    -1.0658e1     -6.7912e0
  17 128      4.8750e0      1.9258e1    -1.0674e1     -6.9324e0
  17 129      5.0000e0      1.9383e1    -1.0688e1     -7.0716e0
  17 130      5.1250e0      1.9508e1    -1.0702e1     -7.2100e0
  17 131      5.2500e0      1.9633e1    -1.0715e1     -7.3481e0
  17 132      5.3750e0      1.9758e1    -1.0728e1     -7.4863e0
  17 133      5.5000e0      1.9883e1    -1.0741e1     -7.6246e0
  17 134      5.6250e0      2.0008e1    -1.0755e1     -7.7631e0
  17 135      5.7500e0      2.0133e1    -1.0768e1     -7.9017e0
  17 136      5.8750e0      2.0258e1    -1.0782e1     -8.0402e0
  17 137      6.0000e0      2.0383e1    -1.0795e1     -8.1786e0
  17 138      6.1250e0      2.0508e1    -1.0808e1     -8.3168e0
  17 139      6.2500e0      2.0633e1    -1.0821e1     -8.4547e0
  17 140      6.3750e0      2.0758e1    -1.0834e1     -8.5924e0
  17 141      6.5000e0      2.0883e1    -1.0847e1     -8.7301e0
  17 142      6.6250e0      2.1008e1    -1.0860e1     -8.8680e0
  17 143      6.7500e0      2.1133e1    -1.0873e1     -9.0060e0
  17 144      6.8750e0      2.1258e1    -1.0886e1     -9.1442e0
  17 145      7.0000e0      2.1383e1    -1.0899e1     -9.2826e0
  17 146      7.1250e0      2.1508e1    -1.0913e1     -9.4212e0
  17 147      7.2500e0      2.1633e1    -1.0927e1     -9.5605e0
  17 148      7.3750e0      2.1758e1    -1.0942e1     -9.7004e0
  17 149      7.5000e0      2.1883e1    -1.0958e1     -9.8410e0
  17 150      7.6250e0      2.2008e1    -1.0973e1     -9.9816e0
  17 151      7.7500e0      2.2133e1    -1.0989e1     -1.0122e1
  17 152      7.8750e0      2.2258e1    -1.1003e1     -1.0262e1
  17 153      8.0000e0      2.2383e1    -1.1018e1     -1.0401e1
  17 154      8.1250e0      2.2508e1    -1.1032e1     -1.0541e1
  17 155      8.2500e0      2.2633e1    -1.1046e1     -1.0680e1
  17 156      8.3750e0      2.2758e1    -1.1060e1     -1.0819e1
  17 157      8.5000e0      2.2883e1    -1.1074e1     -1.0957e1
  17 158      8.6250e0      2.3008e1    -1.1088e1     -1.1096e1
  17 159      8.7500e0      2.3133e1    -1.1101e1     -1.1235e1
  17 160      8.8750e0      2.3258e1    -1.1115e1     -1.1373e1
  17 161      9.0000e0      2.3383e1    -1.1128e1     -1.1512e1
  17 162      9.1250e0      2.3508e1    -1.1142e1     -1.1651e1
  17 163      9.2500e0      2.3633e1    -1.1157e1     -1.1791e1
  17 164      9.3750e0      2.3758e1    -1.1173e1     -1.1931e1
  17 165      9.5000e0      2.3883e1    -1.1189e1     -1.2072e1
  17 166      9.6250e0      2.4008e1    -1.1204e1     -1.2213e1
  17 167      9.7500e0      2.4133e1    -1.1220e1     -1.2353e1
  17 168      9.8750e0      2.4258e1    -1.1235e1     -1.2493e1
  17 169      1.0000e1      2.4383e1    -1.1249e1     -1.2633e1
  17 170      1.0125e1      2.4508e1    -1.1263e1     -1.2772e1
  17 171      1.0250e1      2.4633e1    -1.1277e1     -1.2911e1
  17 172      1.0375e1      2.4758e1    -1.1291e1     -1.3050e1
  17 173      1.0500e1      2.4883e1    -1.1305e1     -1.3189e1
  17 174      1.0625e1      2.5008e1    -1.1319e1     -1.3327e1
  17 175      1.0750e1      2.5133e1    -1.1333e1     -1.3466e1
  17 176      1.0875e1      2.5258e1    -1.1347e1     -1.3606e1
  17 177      1.1000e1      2.5383e1    -1.1362e1     -1.3745e1
  17 178      1.1125e1      2.5508e1    -1.1377e1     -1.3885e1
  17 179      1.1250e1      2.5633e1    -1.1393e1     -1.4026e1
  17 180      1.1375e1      2.5758e1    -1.1409e1     -1.4168e1
  17 181      1.1500e1      2.5883e1    -1.1426e1     -1.4310e1
  17 182      1.1625e1      2.6008e1    -1.1443e1     -1.4452e1
  17 183      1.1750e1      2.6133e1    -1.1460e1     -1.4594e1
  17 184      1.1875e1      2.6258e1    -1.1477e1     -1.4735e1
  17 185      1.2000e1      2.6383e1    -1.1493e1     -1.4876e1
  17 186      1.2125e1      2.6508e1    -1.1510e1     -1.5018e1
  17 187      1.2250e1      2.6633e1    -1.1527e1     -1.5160e1
  17 188      1.2375e1      2.6758e1    -1.1544e1     -1.5302e1
  17 189      1.2500e1      2.6883e1    -1.1561e1     -1.5445e1
  17 190      1.2625e1      2.7008e1    -1.1579e1     -1.5588e1
  17 191      1.2750e1      2.7133e1    -1.1597e1     -1.5730e1
  17 192      1.2875e1      2.7258e1    -1.1615e1     -1.5873e1
  17 193      1.3000e1      2.7383e1    -1.1634e1     -1.6017e1
  17 194      1.3125e1      2.7508e1    -1.1654e1     -1.6162e1
  17 195      1.3250e1      2.7633e1    -1.1676e1     -1.6310e1
  17 196      1.3375e1      2.7758e1    -1.1702e1     -1.6460e1
  17 197      1.3500e1      2.7883e1    -1.1730e1     -1.6613e1
  17 198      1.3625e1      2.8008e1    -1.1761e1     -1.6770e1
  17 199      1.3750e1      2.8133e1    -1.1795e1     -1.6928e1
  17 200      1.3875e1      2.8258e1    -1.1830e1     -1.7088e1
  17 201      1.4000e1      2.8383e1    -1.1867e1     -1.7251e1
  17 202      1.4125e1      2.8508e1    -1.1907e1     -1.7415e1
  17 203      1.4250e1      2.8633e1    -1.1949e1     -1.7582e1
  17 204      1.4375e1      2.8758e1    -1.1993e1     -1.7752e1
  17 205      1.4500e1      2.8883e1    -1.2041e1     -1.7925e1
  17 206      1.4625e1      2.9008e1    -1.2095e1     -1.8104e1
  17 207      1.4750e1      2.9133e1    -1.2156e1     -1.8289e1
  17 208      1.4875e1      2.9258e1    -1.2227e1     -1.8485e1
  17 209      1.5000e1      2.9383e1    -1.2310e1     -1.8693e1
            log10(eV)     log10(Hz)    log10(nuFnu)  log10(Jy)

i_tm =  18;  t_obs =      5.304e2
  18   1     -1.1000e1      3.3834e0    -2.6574e1     -6.9570e0
  18   2     -1.0875e1      3.5084e0    -2.6407e1     -6.9153e0
  18   3     -1.0750e1      3.6334e0    -2.6240e1     -6.8737e0
  18   4     -1.0625e1      3.7584e0    -2.6074e1     -6.8320e0
  18   5     -1.0500e1      3.8834e0    -2.5907e1     -6.7903e0
  18   6     -1.0375e1      4.0084e0    -2.5740e1     -6.7487e0
  18   7     -1.0250e1      4.1334e0    -2.5574e1     -6.7070e0
  18   8     -1.0125e1      4.2584e0    -2.5407e1     -6.6653e0
  18   9     -1.0000e1      4.3834e0    -2.5240e1     -6.6237e0
  18  10     -9.8750e0      4.5084e0    -2.5074e1     -6.5820e0
  18  11     -9.7500e0      4.6334e0    -2.4907e1     -6.5403e0
  18  12     -9.6250e0      4.7584e0    -2.4740e1     -6.4987e0
  18  13     -9.5000e0      4.8834e0    -2.4574e1     -6.4570e0
  18  14     -9.3750e0      5.0084e0    -2.4407e1     -6.4153e0
  18  15     -9.2500e0      5.1334e0    -2.4240e1     -6.3737e0
  18  16     -9.1250e0      5.2584e0    -2.4074e1     -6.3320e0
  18  17     -9.0000e0      5.3834e0    -2.3907e1     -6.2903e0
  18  18     -8.8750e0      5.5084e0    -2.3740e1     -6.2487e0
  18  19     -8.7500e0      5.6334e0    -2.3574e1     -6.2070e0
  18  20     -8.6250e0      5.7584e0    -2.3407e1     -6.1653e0
  18  21     -8.5000e0      5.8834e0    -2.3240e1     -6.1237e0
  18  22     -8.3750e0      6.0084e0    -2.3074e1     -6.0820e0
  18  23     -8.2500e0      6.1334e0    -2.2907e1     -6.0403e0
  18  24     -8.1250e0      6.2584e0    -2.2740e1     -5.9987e0
  18  25     -8.0000e0      6.3834e0    -2.2574e1     -5.9570e0
  18  26     -7.8750e0      6.5084e0    -2.2407e1     -5.9153e0
  18  27     -7.7500e0      6.6334e0    -2.2240e1     -5.8737e0
  18  28     -7.6250e0      6.7584e0    -2.2074e1     -5.8320e0
  18  29     -7.5000e0      6.8834e0    -2.1907e1     -5.7903e0
  18  30     -7.3750e0      7.0084e0    -2.1740e1     -5.7487e0
  18  31     -7.2500e0      7.1334e0    -2.1574e1     -5.7070e0
  18  32     -7.1250e0      7.2584e0    -2.1407e1     -5.6653e0
  18  33     -7.0000e0      7.3834e0    -2.1240e1     -5.6237e0
  18  34     -6.8750e0      7.5084e0    -2.1074e1     -5.5820e0
  18  35     -6.7500e0      7.6334e0    -2.0907e1     -5.5404e0
  18  36     -6.6250e0      7.7584e0    -2.0740e1     -5.4987e0
  18  37     -6.5000e0      7.8834e0    -2.0574e1     -5.4570e0
  18  38     -6.3750e0      8.0084e0    -2.0407e1     -5.4154e0
  18  39     -6.2500e0      8.1334e0    -2.0240e1     -5.3737e0
  18  40     -6.1250e0      8.2584e0    -2.0074e1     -5.3321e0
  18  41     -6.0000e0      8.3834e0    -1.9907e1     -5.2904e0
  18  42     -5.8750e0      8.5084e0    -1.9740e1     -5.2488e0
  18  43     -5.7500e0      8.6334e0    -1.9574e1     -5.2072e0
  18  44     -5.6250e0      8.7584e0    -1.9407e1     -5.1656e0
  18  45     -5.5000e0      8.8834e0    -1.9241e1     -5.1240e0
  18  46     -5.3750e0      9.0084e0    -1.9074e1     -5.0824e0
  18  47     -5.2500e0      9.1334e0    -1.8907e1     -5.0408e0
  18  48     -5.1250e0      9.2584e0    -1.8741e1     -4.9993e0
  18  49     -5.0000e0      9.3834e0    -1.8574e1     -4.9578e0
  18  50     -4.8750e0      9.5084e0    -1.8408e1     -4.9164e0
  18  51     -4.7500e0      9.6334e0    -1.8242e1     -4.8749e0
  18  52     -4.6250e0      9.7584e0    -1.8075e1     -4.8335e0
  18  53     -4.5000e0      9.8834e0    -1.7909e1     -4.7921e0
  18  54     -4.3750e0      1.0008e1    -1.7742e1     -4.7507e0
  18  55     -4.2500e0      1.0133e1    -1.7576e1     -4.7093e0
  18  56     -4.1250e0      1.0258e1    -1.7409e1     -4.6679e0
  18  57     -4.0000e0      1.0383e1    -1.7243e1     -4.6265e0
  18  58     -3.8750e0      1.0508e1    -1.7077e1     -4.5850e0
  18  59     -3.7500e0      1.0633e1    -1.6910e1     -4.5436e0
  18  60     -3.6250e0      1.0758e1    -1.6744e1     -4.5021e0
  18  61     -3.5000e0      1.0883e1    -1.6577e1     -4.4606e0
  18  62     -3.3750e0      1.1008e1    -1.6411e1     -4.4191e0
  18  63     -3.2500e0      1.1133e1    -1.6244e1     -4.3776e0
  18  64     -3.1250e0      1.1258e1    -1.6078e1     -4.3362e0
  18  65     -3.0000e0      1.1383e1    -1.5911e1     -4.2948e0
  18  66     -2.8750e0      1.1508e1    -1.5745e1     -4.2534e0
  18  67     -2.7500e0      1.1633e1    -1.5579e1     -4.2120e0
  18  68     -2.6250e0      1.1758e1    -1.5412e1     -4.1708e0
  18  69     -2.5000e0      1.1883e1    -1.5246e1     -4.1295e0
  18  70     -2.3750e0      1.2008e1    -1.5080e1     -4.0883e0
  18  71     -2.2500e0      1.2133e1    -1.4914e1     -4.0473e0
  18  72     -2.1250e0      1.2258e1    -1.4748e1     -4.0064e0
  18  73     -2.0000e0      1.2383e1    -1.4582e1     -3.9656e0
  18  74     -1.8750e0      1.2508e1    -1.4417e1     -3.9250e0
  18  75     -1.7500e0      1.2633e1    -1.4251e1     -3.8845e0
  18  76     -1.6250e0      1.2758e1    -1.4086e1     -3.8443e0
  18  77     -1.5000e0      1.2883e1    -1.3921e1     -3.8044e0
  18  78     -1.3750e0      1.3008e1    -1.3756e1     -3.7648e0
  18  79     -1.2500e0      1.3133e1    -1.3592e1     -3.7255e0
  18  80     -1.1250e0      1.3258e1    -1.3428e1     -3.6868e0
  18  81     -1.0000e0      1.3383e1    -1.3265e1     -3.6485e0
  18  82    -8.7501e-1      1.3508e1    -1.3103e1     -3.6110e0
  18  83    -7.5001e-1      1.3633e1    -1.2941e1     -3.5742e0
  18  84    -6.2501e-1      1.3758e1    -1.2780e1     -3.5383e0
  18  85    -5.0001e-1      1.3883e1    -1.2620e1     -3.5035e0
  18  86    -3.7501e-1      1.4008e1    -1.2461e1     -3.4699e0
  18  87    -2.5001e-1      1.4133e1    -1.2304e1     -3.4377e0
  18  88    -1.2501e-1      1.4258e1    -1.2149e1     -3.4074e0
  18  89    -1.3724e-5      1.4383e1    -1.1996e1     -3.3790e0
  18  90     1.2499e-1      1.4508e1    -1.1845e1     -3.3530e0
  18  91     2.4999e-1      1.4633e1    -1.1696e1     -3.3297e0
  18  92     3.7499e-1      1.4758e1    -1.1551e1     -3.3096e0
  18  93     4.9999e-1      1.4883e1    -1.1410e1     -3.2930e0
  18  94     6.2499e-1      1.5008e1    -1.1272e1     -3.2804e0
  18  95     7.4999e-1      1.5133e1    -1.1139e1     -3.2723e0
  18  96     8.7499e-1      1.5258e1    -1.1011e1     -3.2693e0
  18  97     9.9999e-1      1.5383e1    -1.0889e1     -3.2722e0
  18  98      1.1250e0      1.5508e1    -1.0773e1     -3.2814e0
  18  99      1.2500e0      1.5633e1    -1.0664e1     -3.2979e0
  18 100      1.3750e0      1.5758e1    -1.0564e1     -3.3221e0
  18 101      1.5000e0      1.5883e1    -1.0471e1     -3.3548e0
  18 102      1.6250e0      1.6008e1    -1.0388e1     -3.3966e0
  18 103      1.7500e0      1.6133e1    -1.0315e1     -3.4481e0
  18 104      1.8750e0      1.6258e1    -1.0251e1     -3.5097e0
  18 105      2.0000e0      1.6383e1    -1.0199e1     -3.5820e0
  18 106      2.1250e0      1.6508e1    -1.0157e1     -3.6654e0
  18 107      2.2500e0      1.6633e1    -1.0127e1     -3.7601e0
  18 108      2.3750e0      1.6758e1    -1.0108e1     -3.8665e0
  18 109      2.5000e0      1.6883e1    -1.0101e1     -3.9845e0
  18 110      2.6250e0      1.7008e1    -1.0106e1     -4.1141e0
  18 111      2.7500e0      1.7133e1    -1.0122e1     -4.2550e0
  18 112      2.8750e0      1.7258e1    -1.0148e1     -4.4067e0
  18 113      3.0000e0      1.7383e1    -1.0185e1     -4.5684e0
  18 114      3.1250e0      1.7508e1    -1.0230e1     -4.7388e0
  18 115      3.2500e0      1.7633e1    -1.0283e1     -4.9160e0
  18 116      3.3750e0      1.7758e1    -1.0339e1     -5.0978e0
  18 117      3.5000e0      1.7883e1    -1.0398e1     -5.2818e0
  18 118      3.6250e0      1.8008e1    -1.0457e1     -5.4654e0
  18 119      3.7500e0      1.8133e1    -1.0513e1     -5.6465e0
  18 120      3.8750e0      1.8258e1    -1.0566e1     -5.8239e0
  18 121      4.0000e0      1.8383e1    -1.0613e1     -5.9964e0
  18 122      4.1250e0      1.8508e1    -1.0655e1     -6.1635e0
  18 123      4.2500e0      1.8633e1    -1.0691e1     -6.3247e0
  18 124      4.3750e0      1.8758e1    -1.0721e1     -6.4798e0
  18 125      4.5000e0      1.8883e1    -1.0746e1     -6.6292e0
  18 126      4.6250e0      1.9008e1    -1.0765e1     -6.7739e0
  18 127      4.7500e0      1.9133e1    -1.0782e1     -6.9151e0
  18 128      4.8750e0      1.9258e1    -1.0796e1     -7.0544e0
  18 129      5.0000e0      1.9383e1    -1.0809e1     -7.1927e0
  18 130      5.1250e0      1.9508e1    -1.0822e1     -7.3308e0
  18 131      5.2500e0      1.9633e1    -1.0836e1     -7.4691e0
  18 132      5.3750e0      1.9758e1    -1.0849e1     -7.6076e0
  18 133      5.5000e0      1.9883e1    -1.0863e1     -7.7463e0
  18 134      5.6250e0      2.0008e1    -1.0877e1     -7.8853e0
  18 135      5.7500e0      2.0133e1    -1.0891e1     -8.0243e0
  18 136      5.8750e0      2.0258e1    -1.0905e1     -8.1632e0
  18 137      6.0000e0      2.0383e1    -1.0918e1     -8.3018e0
  18 138      6.1250e0      2.0508e1    -1.0932e1     -8.4400e0
  18 139      6.2500e0      2.0633e1    -1.0945e1     -8.5780e0
  18 140      6.3750e0      2.0758e1    -1.0957e1     -8.7158e0
  18 141      6.5000e0      2.0883e1    -1.0970e1     -8.8537e0
  18 142      6.6250e0      2.1008e1    -1.0983e1     -8.9918e0
  18 143      6.7500e0      2.1133e1    -1.0997e1     -9.1300e0
  18 144      6.8750e0      2.1258e1    -1.1010e1     -9.2683e0
  18 145      7.0000e0      2.1383e1    -1.1023e1     -9.4066e0
  18 146      7.1250e0      2.1508e1    -1.1037e1     -9.5455e0
  18 147      7.2500e0      2.1633e1    -1.1052e1     -9.6849e0
  18 148      7.3750e0      2.1758e1    -1.1067e1     -9.8250e0
  18 149      7.5000e0      2.1883e1    -1.1082e1     -9.9654e0
  18 150      7.6250e0      2.2008e1    -1.1097e1     -1.0106e1
  18 151      7.7500e0      2.2133e1    -1.1113e1     -1.0246e1
  18 152      7.8750e0      2.2258e1    -1.1127e1     -1.0386e1
  18 153      8.0000e0      2.2383e1    -1.1142e1     -1.0525e1
  18 154      8.1250e0      2.2508e1    -1.1156e1     -1.0665e1
  18 155      8.2500e0      2.2633e1    -1.1170e1     -1.0804e1
  18 156      8.3750e0      2.2758e1    -1.1184e1     -1.0943e1
  18 157      8.5000e0      2.2883e1    -1.1198e1     -1.1081e1
  18 158      8.6250e0      2.3008e1    -1.1212e1     -1.1220e1
  18 159      8.7500e0      2.3133e1    -1.1225e1     -1.1359e1
  18 160      8.8750e0      2.3258e1    -1.1239e1     -1.1497e1
  18 161      9.0000e0      2.3383e1    -1.1253e1     -1.1636e1
  18 162      9.1250e0      2.3508e1    -1.1267e1     -1.1775e1
  18 163      9.2500e0      2.3633e1    -1.1282e1     -1.1915e1
  18 164      9.3750e0      2.3758e1    -1.1297e1     -1.2056e1
  18 165      9.5000e0      2.3883e1    -1.1313e1     -1.2197e1
  18 166      9.6250e0      2.4008e1    -1.1329e1     -1.2337e1
  18 167      9.7500e0      2.4133e1    -1.1344e1     -1.2477e1
  18 168      9.8750e0      2.4258e1    -1.1359e1     -1.2617e1
  18 169      1.0000e1      2.4383e1    -1.1373e1     -1.2756e1
  18 170      1.0125e1      2.4508e1    -1.1387e1     -1.2895e1
  18 171      1.0250e1      2.4633e1    -1.1401e1     -1.3034e1
  18 172      1.0375e1      2.4758e1    -1.1415e1     -1.3173e1
  18 173      1.0500e1      2.4883e1    -1.1429e1     -1.3312e1
  18 174      1.0625e1      2.5008e1    -1.1443e1     -1.3451e1
  18 175      1.0750e1      2.5133e1    -1.1457e1     -1.3591e1
  18 176      1.0875e1      2.5258e1    -1.1471e1     -1.3730e1
  18 177      1.1000e1      2.5383e1    -1.1486e1     -1.3870e1
  18 178      1.1125e1      2.5508e1    -1.1502e1     -1.4010e1
  18 179      1.1250e1      2.5633e1    -1.1518e1     -1.4151e1
  18 180      1.1375e1      2.5758e1    -1.1534e1     -1.4293e1
  18 181      1.1500e1      2.5883e1    -1.1552e1     -1.4435e1
  18 182      1.1625e1      2.6008e1    -1.1569e1     -1.4577e1
  18 183      1.1750e1      2.6133e1    -1.1586e1     -1.4719e1
  18 184      1.1875e1      2.6258e1    -1.1603e1     -1.4861e1
  18 185      1.2000e1      2.6383e1    -1.1619e1     -1.5003e1
  18 186      1.2125e1      2.6508e1    -1.1637e1     -1.5145e1
  18 187      1.2250e1      2.6633e1    -1.1654e1     -1.5288e1
  18 188      1.2375e1      2.6758e1    -1.1673e1     -1.5431e1
  18 189      1.2500e1      2.6883e1    -1.1691e1     -1.5574e1
  18 190      1.2625e1      2.7008e1    -1.1710e1     -1.5718e1
  18 191      1.2750e1      2.7133e1    -1.1728e1     -1.5861e1
  18 192      1.2875e1      2.7258e1    -1.1746e1     -1.6005e1
  18 193      1.3000e1      2.7383e1    -1.1766e1     -1.6149e1
  18 194      1.3125e1      2.7508e1    -1.1787e1     -1.6295e1
  18 195      1.3250e1      2.7633e1    -1.1810e1     -1.6444e1
  18 196      1.3375e1      2.7758e1    -1.1837e1     -1.6595e1
  18 197      1.3500e1      2.7883e1    -1.1867e1     -1.6750e1
  18 198      1.3625e1      2.8008e1    -1.1899e1     -1.6908e1
  18 199      1.3750e1      2.8133e1    -1.1935e1     -1.7068e1
  18 200      1.3875e1      2.8258e1    -1.1973e1     -1.7231e1
  18 201      1.4000e1      2.8383e1    -1.2014e1     -1.7397e1
  18 202      1.4125e1      2.8508e1    -1.2058e1     -1.7566e1
  18 203      1.4250e1      2.8633e1    -1.2106e1     -1.7739e1
  18 204      1.4375e1      2.8758e1    -1.2158e1     -1.7917e1
  18 205      1.4500e1      2.8883e1    -1.2216e1     -1.8099e1
  18 206      1.4625e1      2.9008e1    -1.2280e1     -1.8288e1
  18 207      1.4750e1      2.9133e1    -1.2352e1     -1.8485e1
  18 208      1.4875e1      2.9258e1    -1.2433e1     -1.8692e1
  18 209      1.5000e1      2.9383e1    -1.2524e1     -1.8907e1
            log10(eV)     log10(Hz)    log10(nuFnu)  log10(Jy)

i_tm =  19;  t_obs =      6.699e2
  19   1     -1.1000e1      3.3834e0    -2.6533e1     -6.9163e0
  19   2     -1.0875e1      3.5084e0    -2.6366e1     -6.8746e0
  19   3     -1.0750e1      3.6334e0    -2.6200e1     -6.8329e0
  19   4     -1.0625e1      3.7584e0    -2.6033e1     -6.7913e0
  19   5     -1.0500e1      3.8834e0    -2.5866e1     -6.7496e0
  19   6     -1.0375e1      4.0084e0    -2.5700e1     -6.7079e0
  19   7     -1.0250e1      4.1334e0    -2.5533e1     -6.6663e0
  19   8     -1.0125e1      4.2584e0    -2.5366e1     -6.6246e0
  19   9     -1.0000e1      4.3834e0    -2.5200e1     -6.5829e0
  19  10     -9.8750e0      4.5084e0    -2.5033e1     -6.5413e0
  19  11     -9.7500e0      4.6334e0    -2.4866e1     -6.4996e0
  19  12     -9.6250e0      4.7584e0    -2.4700e1     -6.4579e0
  19  13     -9.5000e0      4.8834e0    -2.4533e1     -6.4163e0
  19  14     -9.3750e0      5.0084e0    -2.4366e1     -6.3746e0
  19  15     -9.2500e0      5.1334e0    -2.4200e1     -6.3329e0
  19  16     -9.1250e0      5.2584e0    -2.4033e1     -6.2913e0
  19  17     -9.0000e0      5.3834e0    -2.3866e1     -6.2496e0
  19  18     -8.8750e0      5.5084e0    -2.3700e1     -6.2079e0
  19  19     -8.7500e0      5.6334e0    -2.3533e1     -6.1663e0
  19  20     -8.6250e0      5.7584e0    -2.3366e1     -6.1246e0
  19  21     -8.5000e0      5.8834e0    -2.3200e1     -6.0829e0
  19  22     -8.3750e0      6.0084e0    -2.3033e1     -6.0413e0
  19  23     -8.2500e0      6.1334e0    -2.2866e1     -5.9996e0
  19  24     -8.1250e0      6.2584e0    -2.2700e1     -5.9579e0
  19  25     -8.0000e0      6.3834e0    -2.2533e1     -5.9163e0
  19  26     -7.8750e0      6.5084e0    -2.2366e1     -5.8746e0
  19  27     -7.7500e0      6.6334e0    -2.2200e1     -5.8329e0
  19  28     -7.6250e0      6.7584e0    -2.2033e1     -5.7913e0
  19  29     -7.5000e0      6.8834e0    -2.1866e1     -5.7496e0
  19  30     -7.3750e0      7.0084e0    -2.1700e1     -5.7079e0
  19  31     -7.2500e0      7.1334e0    -2.1533e1     -5.6663e0
  19  32     -7.1250e0      7.2584e0    -2.1366e1     -5.6246e0
  19  33     -7.0000e0      7.3834e0    -2.1200e1     -5.5830e0
  19  34     -6.8750e0      7.5084e0    -2.1033e1     -5.5413e0
  19  35     -6.7500e0      7.6334e0    -2.0866e1     -5.4996e0
  19  36     -6.6250e0      7.7584e0    -2.0700e1     -5.4580e0
  19  37     -6.5000e0      7.8834e0    -2.0533e1     -5.4163e0
  19  38     -6.3750e0      8.0084e0    -2.0366e1     -5.3747e0
  19  39     -6.2500e0      8.1334e0    -2.0200e1     -5.3330e0
  19  40     -6.1250e0      8.2584e0    -2.0033e1     -5.2914e0
  19  41     -6.0000e0      8.3834e0    -1.9866e1     -5.2497e0
  19  42     -5.8750e0      8.5084e0    -1.9700e1     -5.2081e0
  19  43     -5.7500e0      8.6334e0    -1.9533e1     -5.1665e0
  19  44     -5.6250e0      8.7584e0    -1.9367e1     -5.1249e0
  19  45     -5.5000e0      8.8834e0    -1.9200e1     -5.0833e0
  19  46     -5.3750e0      9.0084e0    -1.9033e1     -5.0418e0
  19  47     -5.2500e0      9.1334e0    -1.8867e1     -5.0003e0
  19  48     -5.1250e0      9.2584e0    -1.8700e1     -4.9588e0
  19  49     -5.0000e0      9.3834e0    -1.8534e1     -4.9173e0
  19  50     -4.8750e0      9.5084e0    -1.8367e1     -4.8759e0
  19  51     -4.7500e0      9.6334e0    -1.8201e1     -4.8345e0
  19  52     -4.6250e0      9.7584e0    -1.8035e1     -4.7930e0
  19  53     -4.5000e0      9.8834e0    -1.7868e1     -4.7516e0
  19  54     -4.3750e0      1.0008e1    -1.7702e1     -4.7102e0
  19  55     -4.2500e0      1.0133e1    -1.7535e1     -4.6688e0
  19  56     -4.1250e0      1.0258e1    -1.7369e1     -4.6274e0
  19  57     -4.0000e0      1.0383e1    -1.7203e1     -4.5860e0
  19  58     -3.8750e0      1.0508e1    -1.7036e1     -4.5445e0
  19  59     -3.7500e0      1.0633e1    -1.6870e1     -4.5030e0
  19  60     -3.6250e0      1.0758e1    -1.6703e1     -4.4615e0
  19  61     -3.5000e0      1.0883e1    -1.6537e1     -4.4200e0
  19  62     -3.3750e0      1.1008e1    -1.6370e1     -4.3786e0
  19  63     -3.2500e0      1.1133e1    -1.6204e1     -4.3371e0
  19  64     -3.1250e0      1.1258e1    -1.6037e1     -4.2957e0
  19  65     -3.0000e0      1.1383e1    -1.5871e1     -4.2543e0
  19  66     -2.8750e0      1.1508e1    -1.5705e1     -4.2129e0
  19  67     -2.7500e0      1.1633e1    -1.5538e1     -4.1716e0
  19  68     -2.6250e0      1.1758e1    -1.5372e1     -4.1304e0
  19  69     -2.5000e0      1.1883e1    -1.5206e1     -4.0892e0
  19  70     -2.3750e0      1.2008e1    -1.5040e1     -4.0481e0
  19  71     -2.2500e0      1.2133e1    -1.4874e1     -4.0072e0
  19  72     -2.1250e0      1.2258e1    -1.4708e1     -3.9664e0
  19  73     -2.0000e0      1.2383e1    -1.4542e1     -3.9258e0
  19  74     -1.8750e0      1.2508e1    -1.4377e1     -3.8853e0
  19  75     -1.7500e0      1.2633e1    -1.4212e1     -3.8451e0
  19  76     -1.6250e0      1.2758e1    -1.4047e1     -3.8051e0
  19  77     -1.5000e0      1.2883e1    -1.3882e1     -3.7655e0
  19  78     -1.3750e0      1.3008e1    -1.3718e1     -3.7262e0
  19  79     -1.2500e0      1.3133e1    -1.3554e1     -3.6874e0
  19  80     -1.1250e0      1.3258e1    -1.3391e1     -3.6492e0
  19  81     -1.0000e0      1.3383e1    -1.3228e1     -3.6115e0
  19  82    -8.7501e-1      1.3508e1    -1.3066e1     -3.5747e0
  19  83    -7.5001e-1      1.3633e1    -1.2905e1     -3.5388e0
  19  84    -6.2501e-1      1.3758e1    -1.2745e1     -3.5039e0
  19  85    -5.0001e-1      1.3883e1    -1.2587e1     -3.4702e0
  19  86    -3.7501e-1      1.4008e1    -1.2430e1     -3.4380e0
  19  87    -2.5001e-1      1.4133e1    -1.2274e1     -3.4076e0
  19  88    -1.2501e-1      1.4258e1    -1.2121e1     -3.3792e0
  19  89    -1.3724e-5      1.4383e1    -1.1970e1     -3.3531e0
  19  90     1.2499e-1      1.4508e1    -1.1821e1     -3.3297e0
  19  91     2.4999e-1      1.4633e1    -1.1676e1     -3.3095e0
  19  92     3.7499e-1      1.4758e1    -1.1534e1     -3.2928e0
  19  93     4.9999e-1      1.4883e1    -1.1397e1     -3.2801e0
  19  94     6.2499e-1      1.5008e1    -1.1264e1     -3.2720e0
  19  95     7.4999e-1      1.5133e1    -1.1136e1     -3.2690e0
  19  96     8.7499e-1      1.5258e1    -1.1013e1     -3.2718e0
  19  97     9.9999e-1      1.5383e1    -1.0898e1     -3.2810e0
  19  98      1.1250e0      1.5508e1    -1.0789e1     -3.2973e0
  19  99      1.2500e0      1.5633e1    -1.0688e1     -3.3215e0
  19 100      1.3750e0      1.5758e1    -1.0596e1     -3.3541e0
  19 101      1.5000e0      1.5883e1    -1.0512e1     -3.3959e0
  19 102      1.6250e0      1.6008e1    -1.0439e1     -3.4473e0
  19 103      1.7500e0      1.6133e1    -1.0376e1     -3.5090e0
  19 104      1.8750e0      1.6258e1    -1.0323e1     -3.5814e0
  19 105      2.0000e0      1.6383e1    -1.0281e1     -3.6649e0
  19 106      2.1250e0      1.6508e1    -1.0251e1     -3.7598e0
  19 107      2.2500e0      1.6633e1    -1.0233e1     -3.8664e0
  19 108      2.3750e0      1.6758e1    -1.0226e1     -3.9846e0
  19 109      2.5000e0      1.6883e1    -1.0231e1     -4.1144e0
  19 110      2.6250e0      1.7008e1    -1.0247e1     -4.2555e0
  19 111      2.7500e0      1.7133e1    -1.0274e1     -4.4074e0
  19 112      2.8750e0      1.7258e1    -1.0311e1     -4.5691e0
  19 113      3.0000e0      1.7383e1    -1.0356e1     -4.7395e0
  19 114      3.1250e0      1.7508e1    -1.0408e1     -4.9167e0
  19 115      3.2500e0      1.7633e1    -1.0465e1     -5.0986e0
  19 116      3.3750e0      1.7758e1    -1.0524e1     -5.2826e0
  19 117      3.5000e0      1.7883e1    -1.0582e1     -5.4659e0
  19 118      3.6250e0      1.8008e1    -1.0638e1     -5.6462e0
  19 119      3.7500e0      1.8133e1    -1.0688e1     -5.8218e0
  19 120      3.8750e0      1.8258e1    -1.0733e1     -5.9918e0
  19 121      4.0000e0      1.8383e1    -1.0773e1     -6.1562e0
  19 122      4.1250e0      1.8508e1    -1.0807e1     -6.3149e0
  19 123      4.2500e0      1.8633e1    -1.0835e1     -6.4684e0
  19 124      4.3750e0      1.8758e1    -1.0858e1     -6.6169e0
  19 125      4.5000e0      1.8883e1    -1.0878e1     -6.7612e0
  19 126      4.6250e0      1.9008e1    -1.0894e1     -6.9022e0
  19 127      4.7500e0      1.9133e1    -1.0908e1     -7.0410e0
  19 128      4.8750e0      1.9258e1    -1.0920e1     -7.1786e0
  19 129      5.0000e0      1.9383e1    -1.0932e1     -7.3159e0
  19 130      5.1250e0      1.9508e1    -1.0945e1     -7.4531e0
  19 131      5.2500e0      1.9633e1    -1.0957e1     -7.5906e0
  19 132      5.3750e0      1.9758e1    -1.0970e1     -7.7284e0
  19 133      5.5000e0      1.9883e1    -1.0983e1     -7.8664e0
  19 134      5.6250e0      2.0008e1    -1.0996e1     -8.0046e0
  19 135      5.7500e0      2.0133e1    -1.1009e1     -8.1428e0
  19 136      5.8750e0      2.0258e1    -1.1023e1     -8.2810e0
  19 137      6.0000e0      2.0383e1    -1.1036e1     -8.4190e0
  19 138      6.1250e0      2.0508e1    -1.1049e1     -8.5569e0
  19 139      6.2500e0      2.0633e1    -1.1061e1     -8.6947e0
  19 140      6.3750e0      2.0758e1    -1.1074e1     -8.8324e0
  19 141      6.5000e0      2.0883e1    -1.1087e1     -8.9702e0
  19 142      6.6250e0      2.1008e1    -1.1100e1     -9.1082e0
  19 143      6.7500e0      2.1133e1    -1.1113e1     -9.2463e0
  19 144      6.8750e0      2.1258e1    -1.1126e1     -9.3845e0
  19 145      7.0000e0      2.1383e1    -1.1140e1     -9.5230e0
  19 146      7.1250e0      2.1508e1    -1.1154e1     -9.6621e0
  19 147      7.2500e0      2.1633e1    -1.1169e1     -9.8019e0
  19 148      7.3750e0      2.1758e1    -1.1184e1     -9.9423e0
  19 149      7.5000e0      2.1883e1    -1.1199e1     -1.0083e1
  19 150      7.6250e0      2.2008e1    -1.1215e1     -1.0223e1
  19 151      7.7500e0      2.2133e1    -1.1230e1     -1.0363e1
  19 152      7.8750e0      2.2258e1    -1.1244e1     -1.0503e1
  19 153      8.0000e0      2.2383e1    -1.1259e1     -1.0642e1
  19 154      8.1250e0      2.2508e1    -1.1273e1     -1.0781e1
  19 155      8.2500e0      2.2633e1    -1.1287e1     -1.0921e1
  19 156      8.3750e0      2.2758e1    -1.1301e1     -1.1059e1
  19 157      8.5000e0      2.2883e1    -1.1315e1     -1.1198e1
  19 158      8.6250e0      2.3008e1    -1.1328e1     -1.1337e1
  19 159      8.7500e0      2.3133e1    -1.1342e1     -1.1475e1
  19 160      8.8750e0      2.3258e1    -1.1355e1     -1.1614e1
  19 161      9.0000e0      2.3383e1    -1.1369e1     -1.1753e1
  19 162      9.1250e0      2.3508e1    -1.1384e1     -1.1892e1
  19 163      9.2500e0      2.3633e1    -1.1399e1     -1.2033e1
  19 164      9.3750e0      2.3758e1    -1.1415e1     -1.2173e1
  19 165      9.5000e0      2.3883e1    -1.1431e1     -1.2314e1
  19 166      9.6250e0      2.4008e1    -1.1446e1     -1.2455e1
  19 167      9.7500e0      2.4133e1    -1.1461e1     -1.2595e1
  19 168      9.8750e0      2.4258e1    -1.1476e1     -1.2734e1
  19 169      1.0000e1      2.4383e1    -1.1490e1     -1.2873e1
  19 170      1.0125e1      2.4508e1    -1.1504e1     -1.3013e1
  19 171      1.0250e1      2.4633e1    -1.1518e1     -1.3152e1
  19 172      1.0375e1      2.4758e1    -1.1532e1     -1.3291e1
  19 173      1.0500e1      2.4883e1    -1.1546e1     -1.3430e1
  19 174      1.0625e1      2.5008e1    -1.1560e1     -1.3569e1
  19 175      1.0750e1      2.5133e1    -1.1575e1     -1.3708e1
  19 176      1.0875e1      2.5258e1    -1.1589e1     -1.3847e1
  19 177      1.1000e1      2.5383e1    -1.1604e1     -1.3988e1
  19 178      1.1125e1      2.5508e1    -1.1620e1     -1.4128e1
  19 179      1.1250e1      2.5633e1    -1.1636e1     -1.4270e1
  19 180      1.1375e1      2.5758e1    -1.1654e1     -1.4412e1
  19 181      1.1500e1      2.5883e1    -1.1671e1     -1.4554e1
  19 182      1.1625e1      2.6008e1    -1.1688e1     -1.4696e1
  19 183      1.1750e1      2.6133e1    -1.1705e1     -1.4838e1
  19 184      1.1875e1      2.6258e1    -1.1721e1     -1.4980e1
  19 185      1.2000e1      2.6383e1    -1.1738e1     -1.5122e1
  19 186      1.2125e1      2.6508e1    -1.1756e1     -1.5264e1
  19 187      1.2250e1      2.6633e1    -1.1774e1     -1.5407e1
  19 188      1.2375e1      2.6758e1    -1.1792e1     -1.5550e1
  19 189      1.2500e1      2.6883e1    -1.1810e1     -1.5693e1
  19 190      1.2625e1      2.7008e1    -1.1828e1     -1.5836e1
  19 191      1.2750e1      2.7133e1    -1.1846e1     -1.5980e1
  19 192      1.2875e1      2.7258e1    -1.1865e1     -1.6123e1
  19 193      1.3000e1      2.7383e1    -1.1885e1     -1.6268e1
  19 194      1.3125e1      2.7508e1    -1.1907e1     -1.6415e1
  19 195      1.3250e1      2.7633e1    -1.1932e1     -1.6566e1
  19 196      1.3375e1      2.7758e1    -1.1961e1     -1.6720e1
  19 197      1.3500e1      2.7883e1    -1.1993e1     -1.6876e1
  19 198      1.3625e1      2.8008e1    -1.2027e1     -1.7035e1
  19 199      1.3750e1      2.8133e1    -1.2063e1     -1.7196e1
  19 200      1.3875e1      2.8258e1    -1.2102e1     -1.7360e1
  19 201      1.4000e1      2.8383e1    -1.2143e1     -1.7526e1
  19 202      1.4125e1      2.8508e1    -1.2187e1     -1.7695e1
  19 203      1.4250e1      2.8633e1    -1.2234e1     -1.7868e1
  19 204      1.4375e1      2.8758e1    -1.2286e1     -1.8044e1
  19 205      1.4500e1      2.8883e1    -1.2342e1     -1.8225e1
  19 206      1.4625e1      2.9008e1    -1.2405e1     -1.8414e1
  19 207      1.4750e1      2.9133e1    -1.2477e1     -1.8610e1
  19 208      1.4875e1      2.9258e1    -1.2558e1     -1.8817e1
  19 209      1.5000e1      2.9383e1    -1.2649e1     -1.9032e1
            log10(eV)     log10(Hz)    log10(nuFnu)  log10(Jy)

i_tm =  20;  t_obs =      8.462e2
  20   1     -1.1000e1      3.3834e0    -2.6491e1     -6.8749e0
  20   2     -1.0875e1      3.5084e0    -2.6325e1     -6.8332e0
  20   3     -1.0750e1      3.6334e0    -2.6158e1     -6.7916e0
  20   4     -1.0625e1      3.7584e0    -2.5991e1     -6.7499e0
  20   5     -1.0500e1      3.8834e0    -2.5825e1     -6.7082e0
  20   6     -1.0375e1      4.0084e0    -2.5658e1     -6.6666e0
  20   7     -1.0250e1      4.1334e0    -2.5491e1     -6.6249e0
  20   8     -1.0125e1      4.2584e0    -2.5325e1     -6.5832e0
  20   9     -1.0000e1      4.3834e0    -2.5158e1     -6.5416e0
  20  10     -9.8750e0      4.5084e0    -2.4991e1     -6.4999e0
  20  11     -9.7500e0      4.6334e0    -2.4825e1     -6.4582e0
  20  12     -9.6250e0      4.7584e0    -2.4658e1     -6.4166e0
  20  13     -9.5000e0      4.8834e0    -2.4491e1     -6.3749e0
  20  14     -9.3750e0      5.0084e0    -2.4325e1     -6.3332e0
  20  15     -9.2500e0      5.1334e0    -2.4158e1     -6.2916e0
  20  16     -9.1250e0      5.2584e0    -2.3991e1     -6.2499e0
  20  17     -9.0000e0      5.3834e0    -2.3825e1     -6.2082e0
  20  18     -8.8750e0      5.5084e0    -2.3658e1     -6.1666e0
  20  19     -8.7500e0      5.6334e0    -2.3491e1     -6.1249e0
  20  20     -8.6250e0      5.7584e0    -2.3325e1     -6.0832e0
  20  21     -8.5000e0      5.8834e0    -2.3158e1     -6.0416e0
  20  22     -8.3750e0      6.0084e0    -2.2991e1     -5.9999e0
  20  23     -8.2500e0      6.1334e0    -2.2825e1     -5.9582e0
  20  24     -8.1250e0      6.2584e0    -2.2658e1     -5.9166e0
  20  25     -8.0000e0      6.3834e0    -2.2491e1     -5.8749e0
  20  26     -7.8750e0      6.5084e0    -2.2325e1     -5.8332e0
  20  27     -7.7500e0      6.6334e0    -2.2158e1     -5.7916e0
  20  28     -7.6250e0      6.7584e0    -2.1992e1     -5.7499e0
  20  29     -7.5000e0      6.8834e0    -2.1825e1     -5.7082e0
  20  30     -7.3750e0      7.0084e0    -2.1658e1     -5.6666e0
  20  31     -7.2500e0      7.1334e0    -2.1492e1     -5.6249e0
  20  32     -7.1250e0      7.2584e0    -2.1325e1     -5.5832e0
  20  33     -7.0000e0      7.3834e0    -2.1158e1     -5.5416e0
  20  34     -6.8750e0      7.5084e0    -2.0992e1     -5.4999e0
  20  35     -6.7500e0      7.6334e0    -2.0825e1     -5.4583e0
  20  36     -6.6250e0      7.7584e0    -2.0658e1     -5.4166e0
  20  37     -6.5000e0      7.8834e0    -2.0492e1     -5.3750e0
  20  38     -6.3750e0      8.0084e0    -2.0325e1     -5.3333e0
  20  39     -6.2500e0      8.1334e0    -2.0158e1     -5.2917e0
  20  40     -6.1250e0      8.2584e0    -1.9992e1     -5.2500e0
  20  41     -6.0000e0      8.3834e0    -1.9825e1     -5.2084e0
  20  42     -5.8750e0      8.5084e0    -1.9658e1     -5.1668e0
  20  43     -5.7500e0      8.6334e0    -1.9492e1     -5.1252e0
  20  44     -5.6250e0      8.7584e0    -1.9325e1     -5.0836e0
  20  45     -5.5000e0      8.8834e0    -1.9159e1     -5.0421e0
  20  46     -5.3750e0      9.0084e0    -1.8992e1     -5.0005e0
  20  47     -5.2500e0      9.1334e0    -1.8826e1     -4.9590e0
  20  48     -5.1250e0      9.2584e0    -1.8659e1     -4.9176e0
  20  49     -5.0000e0      9.3834e0    -1.8493e1     -4.8761e0
  20  50     -4.8750e0      9.5084e0    -1.8326e1     -4.8347e0
  20  51     -4.7500e0      9.6334e0    -1.8160e1     -4.7933e0
  20  52     -4.6250e0      9.7584e0    -1.7994e1     -4.7519e0
  20  53     -4.5000e0      9.8834e0    -1.7827e1     -4.7105e0
  20  54     -4.3750e0      1.0008e1    -1.7661e1     -4.6691e0
  20  55     -4.2500e0      1.0133e1    -1.7494e1     -4.6277e0
  20  56     -4.1250e0      1.0258e1    -1.7328e1     -4.5862e0
  20  57     -4.0000e0      1.0383e1    -1.7161e1     -4.5448e0
  20  58     -3.8750e0      1.0508e1    -1.6995e1     -4.5033e0
  20  59     -3.7500e0      1.0633e1    -1.6828e1     -4.4618e0
  20  60     -3.6250e0      1.0758e1    -1.6662e1     -4.4203e0
  20  61     -3.5000e0      1.0883e1    -1.6495e1     -4.3788e0
  20  62     -3.3750e0      1.1008e1    -1.6329e1     -4.3373e0
  20  63     -3.2500e0      1.1133e1    -1.6163e1     -4.2959e0
  20  64     -3.1250e0      1.1258e1    -1.5996e1     -4.2545e0
  20  65     -3.0000e0      1.1383e1    -1.5830e1     -4.2132e0
  20  66     -2.8750e0      1.1508e1    -1.5663e1     -4.1719e0
  20  67     -2.7500e0      1.1633e1    -1.5497e1     -4.1306e0
  20  68     -2.6250e0      1.1758e1    -1.5331e1     -4.0894e0
  20  69     -2.5000e0      1.1883e1    -1.5165e1     -4.0484e0
  20  70     -2.3750e0      1.2008e1    -1.4999e1     -4.0074e0
  20  71     -2.2500e0      1.2133e1    -1.4833e1     -3.9666e0
  20  72     -2.1250e0      1.2258e1    -1.4668e1     -3.9259e0
  20  73     -2.0000e0      1.2383e1    -1.4502e1     -3.8855e0
  20  74     -1.8750e0      1.2508e1    -1.4337e1     -3.8452e0
  20  75     -1.7500e0      1.2633e1    -1.4172e1     -3.8053e0
  20  76     -1.6250e0      1.2758e1    -1.4007e1     -3.7656e0
  20  77     -1.5000e0      1.2883e1    -1.3843e1     -3.7263e0
  20  78     -1.3750e0      1.3008e1    -1.3679e1     -3.6875e0
  20  79     -1.2500e0      1.3133e1    -1.3516e1     -3.6492e0
  20  80     -1.1250e0      1.3258e1    -1.3353e1     -3.6116e0
  20  81     -1.0000e0      1.3383e1    -1.3191e1     -3.5747e0
  20  82    -8.7501e-1      1.3508e1    -1.3030e1     -3.5387e0
  20  83    -7.5001e-1      1.3633e1    -1.2870e1     -3.5038e0
  20  84    -6.2501e-1      1.3758e1    -1.2712e1     -3.4702e0
  20  85    -5.0001e-1      1.3883e1    -1.2555e1     -3.4380e0
  20  86    -3.7501e-1      1.4008e1    -1.2399e1     -3.4075e0
  20  87    -2.5001e-1      1.4133e1    -1.2246e1     -3.3790e0
  20  88    -1.2501e-1      1.4258e1    -1.2094e1     -3.3529e0
  20  89    -1.3724e-5      1.4383e1    -1.1946e1     -3.3295e0
  20  90     1.2499e-1      1.4508e1    -1.1801e1     -3.3093e0
  20  91     2.4999e-1      1.4633e1    -1.1659e1     -3.2926e0
  20  92     3.7499e-1      1.4758e1    -1.1522e1     -3.2800e0
  20  93     4.9999e-1      1.4883e1    -1.1388e1     -3.2719e0
  20  94     6.2499e-1      1.5008e1    -1.1261e1     -3.2689e0
  20  95     7.4999e-1      1.5133e1    -1.1138e1     -3.2717e0
  20  96     8.7499e-1      1.5258e1    -1.1023e1     -3.2809e0
  20  97     9.9999e-1      1.5383e1    -1.0914e1     -3.2973e0
  20  98      1.1250e0      1.5508e1    -1.0813e1     -3.3214e0
  20  99      1.2500e0      1.5633e1    -1.0721e1     -3.3541e0
  20 100      1.3750e0      1.5758e1    -1.0637e1     -3.3959e0
  20 101      1.5000e0      1.5883e1    -1.0564e1     -3.4474e0
  20 102      1.6250e0      1.6008e1    -1.0501e1     -3.5092e0
  20 103      1.7500e0      1.6133e1    -1.0448e1     -3.5817e0
  20 104      1.8750e0      1.6258e1    -1.0407e1     -3.6654e0
  20 105      2.0000e0      1.6383e1    -1.0377e1     -3.7605e0
  20 106      2.1250e0      1.6508e1    -1.0359e1     -3.8672e0
  20 107      2.2500e0      1.6633e1    -1.0352e1     -3.9855e0
  20 108      2.3750e0      1.6758e1    -1.0357e1     -4.1154e0
  20 109      2.5000e0      1.6883e1    -1.0373e1     -4.2564e0
  20 110      2.6250e0      1.7008e1    -1.0400e1     -4.4081e0
  20 111      2.7500e0      1.7133e1    -1.0436e1     -4.5694e0
  20 112      2.8750e0      1.7258e1    -1.0481e1     -4.7392e0
  20 113      3.0000e0      1.7383e1    -1.0532e1     -4.9154e0
  20 114      3.1250e0      1.7508e1    -1.0587e1     -5.0956e0
  20 115      3.2500e0      1.7633e1    -1.0644e1     -5.2772e0
  20 116      3.3750e0      1.7758e1    -1.0699e1     -5.4574e0
  20 117      3.5000e0      1.7883e1    -1.0751e1     -5.6339e0
  20 118      3.6250e0      1.8008e1    -1.0797e1     -5.8054e0
  20 119      3.7500e0      1.8133e1    -1.0838e1     -5.9714e0
  20 120      3.8750e0      1.8258e1    -1.0874e1     -6.1321e0
  20 121      4.0000e0      1.8383e1    -1.0904e1     -6.2878e0
  20 122      4.1250e0      1.8508e1    -1.0931e1     -6.4393e0
  20 123      4.2500e0      1.8633e1    -1.0954e1     -6.5870e0
  20 124      4.3750e0      1.8758e1    -1.0973e1     -6.7315e0
  20 125      4.5000e0      1.8883e1    -1.0990e1     -6.8733e0
  20 126      4.6250e0      1.9008e1    -1.1005e1     -7.0130e0
  20 127      4.7500e0      1.9133e1    -1.1018e1     -7.1515e0
  20 128      4.8750e0      1.9258e1    -1.1031e1     -7.2895e0
  20 129      5.0000e0      1.9383e1    -1.1044e1     -7.4275e0
  20 130      5.1250e0      1.9508e1    -1.1057e1     -7.5656e0
  20 131      5.2500e0      1.9633e1    -1.1071e1     -7.7039e0
  20 132      5.3750e0      1.9758e1    -1.1084e1     -7.8425e0
  20 133      5.5000e0      1.9883e1    -1.1098e1     -7.9811e0
  20 134      5.6250e0      2.0008e1    -1.1111e1     -8.1197e0
  20 135      5.7500e0      2.0133e1    -1.1125e1     -8.2583e0
  20 136      5.8750e0      2.0258e1    -1.1138e1     -8.3968e0
  20 137      6.0000e0      2.0383e1    -1.1151e1     -8.5349e0
  20 138      6.1250e0      2.0508e1    -1.1164e1     -8.6728e0
  20 139      6.2500e0      2.0633e1    -1.1177e1     -8.8107e0
  20 140      6.3750e0      2.0758e1    -1.1190e1     -8.9485e0
  20 141      6.5000e0      2.0883e1    -1.1203e1     -9.0865e0
  20 142      6.6250e0      2.1008e1    -1.1216e1     -9.2248e0
  20 143      6.7500e0      2.1133e1    -1.1230e1     -9.3632e0
  20 144      6.8750e0      2.1258e1    -1.1243e1     -9.5018e0
  20 145      7.0000e0      2.1383e1    -1.1257e1     -9.6408e0
  20 146      7.1250e0      2.1508e1    -1.1272e1     -9.7803e0
  20 147      7.2500e0      2.1633e1    -1.1287e1     -9.9206e0
  20 148      7.3750e0      2.1758e1    -1.1303e1     -1.0061e1
  20 149      7.5000e0      2.1883e1    -1.1318e1     -1.0202e1
  20 150      7.6250e0      2.2008e1    -1.1334e1     -1.0342e1
  20 151      7.7500e0      2.2133e1    -1.1349e1     -1.0482e1
  20 152      7.8750e0      2.2258e1    -1.1363e1     -1.0622e1
  20 153      8.0000e0      2.2383e1    -1.1377e1     -1.0761e1
  20 154      8.1250e0      2.2508e1    -1.1392e1     -1.0900e1
  20 155      8.2500e0      2.2633e1    -1.1405e1     -1.1039e1
  20 156      8.3750e0      2.2758e1    -1.1419e1     -1.1178e1
  20 157      8.5000e0      2.2883e1    -1.1433e1     -1.1316e1
  20 158      8.6250e0      2.3008e1    -1.1446e1     -1.1455e1
  20 159      8.7500e0      2.3133e1    -1.1460e1     -1.1594e1
  20 160      8.8750e0      2.3258e1    -1.1474e1     -1.1732e1
  20 161      9.0000e0      2.3383e1    -1.1488e1     -1.1872e1
  20 162      9.1250e0      2.3508e1    -1.1503e1     -1.2012e1
  20 163      9.2500e0      2.3633e1    -1.1519e1     -1.2152e1
  20 164      9.3750e0      2.3758e1    -1.1534e1     -1.2293e1
  20 165      9.5000e0      2.3883e1    -1.1550e1     -1.2434e1
  20 166      9.6250e0      2.4008e1    -1.1566e1     -1.2574e1
  20 167      9.7500e0      2.4133e1    -1.1580e1     -1.2714e1
  20 168      9.8750e0      2.4258e1    -1.1595e1     -1.2853e1
  20 169      1.0000e1      2.4383e1    -1.1609e1     -1.2992e1
  20 170      1.0125e1      2.4508e1    -1.1623e1     -1.3131e1
  20 171      1.0250e1      2.4633e1    -1.1637e1     -1.3270e1
  20 172      1.0375e1      2.4758e1    -1.1650e1     -1.3409e1
  20 173      1.0500e1      2.4883e1    -1.1664e1     -1.3548e1
  20 174      1.0625e1      2.5008e1    -1.1679e1     -1.3687e1
  20 175      1.0750e1      2.5133e1    -1.1693e1     -1.3827e1
  20 176      1.0875e1      2.5258e1    -1.1708e1     -1.3966e1
  20 177      1.1000e1      2.5383e1    -1.1723e1     -1.4106e1
  20 178      1.1125e1      2.5508e1    -1.1739e1     -1.4247e1
  20 179      1.1250e1      2.5633e1    -1.1755e1     -1.4389e1
  20 180      1.1375e1      2.5758e1    -1.1772e1     -1.4531e1
  20 181      1.1500e1      2.5883e1    -1.1789e1     -1.4673e1
  20 182      1.1625e1      2.6008e1    -1.1806e1     -1.4815e1
  20 183      1.1750e1      2.6133e1    -1.1823e1     -1.4956e1
  20 184      1.1875e1      2.6258e1    -1.1839e1     -1.5098e1
  20 185      1.2000e1      2.6383e1    -1.1856e1     -1.5240e1
  20 186      1.2125e1      2.6508e1    -1.1874e1     -1.5382e1
  20 187      1.2250e1      2.6633e1    -1.1892e1     -1.5525e1
  20 188      1.2375e1      2.6758e1    -1.1910e1     -1.5669e1
  20 189      1.2500e1      2.6883e1    -1.1929e1     -1.5812e1
  20 190      1.2625e1      2.7008e1    -1.1947e1     -1.5956e1
  20 191      1.2750e1      2.7133e1    -1.1966e1     -1.6099e1
  20 192      1.2875e1      2.7258e1    -1.1985e1     -1.6244e1
  20 193      1.3000e1      2.7383e1    -1.2006e1     -1.6389e1
  20 194      1.3125e1      2.7508e1    -1.2029e1     -1.6538e1
  20 195      1.3250e1      2.7633e1    -1.2055e1     -1.6689e1
  20 196      1.3375e1      2.7758e1    -1.2084e1     -1.6843e1
  20 197      1.3500e1      2.7883e1    -1.2116e1     -1.7000e1
  20 198      1.3625e1      2.8008e1    -1.2150e1     -1.7159e1
  20 199      1.3750e1      2.8133e1    -1.2187e1     -1.7320e1
  20 200      1.3875e1      2.8258e1    -1.2226e1     -1.7484e1
  20 201      1.4000e1      2.8383e1    -1.2267e1     -1.7651e1
  20 202      1.4125e1      2.8508e1    -1.2312e1     -1.7820e1
  20 203      1.4250e1      2.8633e1    -1.2359e1     -1.7993e1
  20 204      1.4375e1      2.8758e1    -1.2412e1     -1.8170e1
  20 205      1.4500e1      2.8883e1    -1.2470e1     -1.8353e1
  20 206      1.4625e1      2.9008e1    -1.2535e1     -1.8544e1
  20 207      1.4750e1      2.9133e1    -1.2611e1     -1.8744e1
  20 208      1.4875e1      2.9258e1    -1.2698e1     -1.8957e1
  20 209      1.5000e1      2.9383e1    -1.2796e1     -1.9179e1
            log10(eV)     log10(Hz)    log10(nuFnu)  log10(Jy)

i_tm =  21;  t_obs =      1.069e3
  21   1     -1.1000e1      3.3834e0    -2.6449e1     -6.8328e0
  21   2     -1.0875e1      3.5084e0    -2.6283e1     -6.7911e0
  21   3     -1.0750e1      3.6334e0    -2.6116e1     -6.7495e0
  21   4     -1.0625e1      3.7584e0    -2.5949e1     -6.7078e0
  21   5     -1.0500e1      3.8834e0    -2.5783e1     -6.6661e0
  21   6     -1.0375e1      4.0084e0    -2.5616e1     -6.6245e0
  21   7     -1.0250e1      4.1334e0    -2.5449e1     -6.5828e0
  21   8     -1.0125e1      4.2584e0    -2.5283e1     -6.5411e0
  21   9     -1.0000e1      4.3834e0    -2.5116e1     -6.4995e0
  21  10     -9.8750e0      4.5084e0    -2.4949e1     -6.4578e0
  21  11     -9.7500e0      4.6334e0    -2.4783e1     -6.4161e0
  21  12     -9.6250e0      4.7584e0    -2.4616e1     -6.3745e0
  21  13     -9.5000e0      4.8834e0    -2.4449e1     -6.3328e0
  21  14     -9.3750e0      5.0084e0    -2.4283e1     -6.2911e0
  21  15     -9.2500e0      5.1334e0    -2.4116e1     -6.2495e0
  21  16     -9.1250e0      5.2584e0    -2.3949e1     -6.2078e0
  21  17     -9.0000e0      5.3834e0    -2.3783e1     -6.1661e0
  21  18     -8.8750e0      5.5084e0    -2.3616e1     -6.1245e0
  21  19     -8.7500e0      5.6334e0    -2.3449e1     -6.0828e0
  21  20     -8.6250e0      5.7584e0    -2.3283e1     -6.0411e0
  21  21     -8.5000e0      5.8834e0    -2.3116e1     -5.9995e0
  21  22     -8.3750e0      6.0084e0    -2.2949e1     -5.9578e0
  21  23     -8.2500e0      6.1334e0    -2.2783e1     -5.9161e0
  21  24     -8.1250e0      6.2584e0    -2.2616e1     -5.8745e0
  21  25     -8.0000e0      6.3834e0    -2.2449e1     -5.8328e0
  21  26     -7.8750e0      6.5084e0    -2.2283e1     -5.7911e0
  21  27     -7.7500e0      6.6334e0    -2.2116e1     -5.7495e0
  21  28     -7.6250e0      6.7584e0    -2.1949e1     -5.7078e0
  21  29     -7.5000e0      6.8834e0    -2.1783e1     -5.6661e0
  21  30     -7.3750e0      7.0084e0    -2.1616e1     -5.6245e0
  21  31     -7.2500e0      7.1334e0    -2.1449e1     -5.5828e0
  21  32     -7.1250e0      7.2584e0    -2.1283e1     -5.5412e0
  21  33     -7.0000e0      7.3834e0    -2.1116e1     -5.4995e0
  21  34     -6.8750e0      7.5084e0    -2.0949e1     -5.4578e0
  21  35     -6.7500e0      7.6334e0    -2.0783e1     -5.4162e0
  21  36     -6.6250e0      7.7584e0    -2.0616e1     -5.3745e0
  21  37     -6.5000e0      7.8834e0    -2.0449e1     -5.3329e0
  21  38     -6.3750e0      8.0084e0    -2.0283e1     -5.2912e0
  21  39     -6.2500e0      8.1334e0    -2.0116e1     -5.2496e0
  21  40     -6.1250e0      8.2584e0    -1.9950e1     -5.2080e0
  21  41     -6.0000e0      8.3834e0    -1.9783e1     -5.1664e0
  21  42     -5.8750e0      8.5084e0    -1.9616e1     -5.1248e0
  21  43     -5.7500e0      8.6334e0    -1.9450e1     -5.0832e0
  21  44     -5.6250e0      8.7584e0    -1.9283e1     -5.0417e0
  21  45     -5.5000e0      8.8834e0    -1.9117e1     -5.0001e0
  21  46     -5.3750e0      9.0084e0    -1.8950e1     -4.9586e0
  21  47     -5.2500e0      9.1334e0    -1.8784e1     -4.9172e0
  21  48     -5.1250e0      9.2584e0    -1.8617e1     -4.8757e0
  21  49     -5.0000e0      9.3834e0    -1.8451e1     -4.8343e0
  21  50     -4.8750e0      9.5084e0    -1.8285e1     -4.7929e0
  21  51     -4.7500e0      9.6334e0    -1.8118e1     -4.7515e0
  21  52     -4.6250e0      9.7584e0    -1.7952e1     -4.7101e0
  21  53     -4.5000e0      9.8834e0    -1.7785e1     -4.6686e0
  21  54     -4.3750e0      1.0008e1    -1.7619e1     -4.6272e0
  21  55     -4.2500e0      1.0133e1    -1.7452e1     -4.5858e0
  21  56     -4.1250e0      1.0258e1    -1.7286e1     -4.5443e0
  21  57     -4.0000e0      1.0383e1    -1.7119e1     -4.5029e0
  21  58     -3.8750e0      1.0508e1    -1.6953e1     -4.4614e0
  21  59     -3.7500e0      1.0633e1    -1.6786e1     -4.4199e0
  21  60     -3.6250e0      1.0758e1    -1.6620e1     -4.3784e0
  21  61     -3.5000e0      1.0883e1    -1.6453e1     -4.3369e0
  21  62     -3.3750e0      1.1008e1    -1.6287e1     -4.2955e0
  21  63     -3.2500e0      1.1133e1    -1.6121e1     -4.2541e0
  21  64     -3.1250e0      1.1258e1    -1.5954e1     -4.2127e0
  21  65     -3.0000e0      1.1383e1    -1.5788e1     -4.1714e0
  21  66     -2.8750e0      1.1508e1    -1.5622e1     -4.1302e0
  21  67     -2.7500e0      1.1633e1    -1.5456e1     -4.0890e0
  21  68     -2.6250e0      1.1758e1    -1.5289e1     -4.0479e0
  21  69     -2.5000e0      1.1883e1    -1.5123e1     -4.0069e0
  21  70     -2.3750e0      1.2008e1    -1.4958e1     -3.9661e0
  21  71     -2.2500e0      1.2133e1    -1.4792e1     -3.9254e0
  21  72     -2.1250e0      1.2258e1    -1.4627e1     -3.8850e0
  21  73     -2.0000e0      1.2383e1    -1.4461e1     -3.8447e0
  21  74     -1.8750e0      1.2508e1    -1.4296e1     -3.8048e0
  21  75     -1.7500e0      1.2633e1    -1.4132e1     -3.7651e0
  21  76     -1.6250e0      1.2758e1    -1.3967e1     -3.7258e0
  21  77     -1.5000e0      1.2883e1    -1.3804e1     -3.6869e0
  21  78     -1.3750e0      1.3008e1    -1.3640e1     -3.6487e0
  21  79     -1.2500e0      1.3133e1    -1.3478e1     -3.6110e0
  21  80     -1.1250e0      1.3258e1    -1.3316e1     -3.5742e0
  21  81     -1.0000e0      1.3383e1    -1.3155e1     -3.5382e0
  21  82    -8.7501e-1      1.3508e1    -1.2995e1     -3.5033e0
  21  83    -7.5001e-1      1.3633e1    -1.2836e1     -3.4697e0
  21  84    -6.2501e-1      1.3758e1    -1.2679e1     -3.4375e0
  21  85    -5.0001e-1      1.3883e1    -1.2524e1     -3.4070e0
  21  86    -3.7501e-1      1.4008e1    -1.2370e1     -3.3785e0
  21  87    -2.5001e-1      1.4133e1    -1.2219e1     -3.3525e0
  21  88    -1.2501e-1      1.4258e1    -1.2071e1     -3.3291e0
  21  89    -1.3724e-5      1.4383e1    -1.1925e1     -3.3089e0
  21  90     1.2499e-1      1.4508e1    -1.1784e1     -3.2923e0
  21  91     2.4999e-1      1.4633e1    -1.1646e1     -3.2798e0
  21  92     3.7499e-1      1.4758e1    -1.1513e1     -3.2718e0
  21  93     4.9999e-1      1.4883e1    -1.1386e1     -3.2690e0
  21  94     6.2499e-1      1.5008e1    -1.1263e1     -3.2719e0
  21  95     7.4999e-1      1.5133e1    -1.1148e1     -3.2812e0
  21  96     8.7499e-1      1.5258e1    -1.1039e1     -3.2977e0
  21  97     9.9999e-1      1.5383e1    -1.0938e1     -3.3219e0
  21  98      1.1250e0      1.5508e1    -1.0846e1     -3.3547e0
  21  99      1.2500e0      1.5633e1    -1.0763e1     -3.3966e0
  21 100      1.3750e0      1.5758e1    -1.0690e1     -3.4483e0
  21 101      1.5000e0      1.5883e1    -1.0627e1     -3.5102e0
  21 102      1.6250e0      1.6008e1    -1.0574e1     -3.5829e0
  21 103      1.7500e0      1.6133e1    -1.0533e1     -3.6667e0
  21 104      1.8750e0      1.6258e1    -1.0504e1     -3.7620e0
  21 105      2.0000e0      1.6383e1    -1.0485e1     -3.8689e0
  21 106      2.1250e0      1.6508e1    -1.0479e1     -3.9874e0
  21 107      2.2500e0      1.6633e1    -1.0484e1     -4.1173e0
  21 108      2.3750e0      1.6758e1    -1.0500e1     -4.2584e0
  21 109      2.5000e0      1.6883e1    -1.0527e1     -4.4100e0
  21 110      2.6250e0      1.7008e1    -1.0563e1     -4.5711e0
  21 111      2.7500e0      1.7133e1    -1.0607e1     -4.7403e0
  21 112      2.8750e0      1.7258e1    -1.0657e1     -4.9158e0
  21 113      3.0000e0      1.7383e1    -1.0712e1     -5.0952e0
  21 114      3.1250e0      1.7508e1    -1.0767e1     -5.2758e0
  21 115      3.2500e0      1.7633e1    -1.0822e1     -5.4550e0
  21 116      3.3750e0      1.7758e1    -1.0872e1     -5.6303e0
  21 117      3.5000e0      1.7883e1    -1.0917e1     -5.8000e0
  21 118      3.6250e0      1.8008e1    -1.0955e1     -5.9635e0
  21 119      3.7500e0      1.8133e1    -1.0988e1     -6.1213e0
  21 120      3.8750e0      1.8258e1    -1.1016e1     -6.2742e0
  21 121      4.0000e0      1.8383e1    -1.1040e1     -6.4233e0
  21 122      4.1250e0      1.8508e1    -1.1061e1     -6.5696e0
  21 123      4.2500e0      1.8633e1    -1.1080e1     -6.7133e0
  21 124      4.3750e0      1.8758e1    -1.1096e1     -6.8547e0
  21 125      4.5000e0      1.8883e1    -1.1111e1     -6.9942e0
  21 126      4.6250e0      1.9008e1    -1.1124e1     -7.1323e0
  21 127      4.7500e0      1.9133e1    -1.1136e1     -7.2697e0
  21 128      4.8750e0      1.9258e1    -1.1149e1     -7.4069e0
  21 129      5.0000e0      1.9383e1    -1.1161e1     -7.5444e0
  21 130      5.1250e0      1.9508e1    -1.1174e1     -7.6821e0
  21 131      5.2500e0      1.9633e1    -1.1187e1     -7.8201e0
  21 132      5.3750e0      1.9758e1    -1.1200e1     -7.9584e0
  21 133      5.5000e0      1.9883e1    -1.1213e1     -8.0968e0
  21 134      5.6250e0      2.0008e1    -1.1227e1     -8.2352e0
  21 135      5.7500e0      2.0133e1    -1.1240e1     -8.3736e0
  21 136      5.8750e0      2.0258e1    -1.1253e1     -8.5116e0
  21 137      6.0000e0      2.0383e1    -1.1266e1     -8.6495e0
  21 138      6.1250e0      2.0508e1    -1.1279e1     -8.7871e0
  21 139      6.2500e0      2.0633e1    -1.1291e1     -8.9247e0
  21 140      6.3750e0      2.0758e1    -1.1304e1     -9.0623e0
  21 141      6.5000e0      2.0883e1    -1.1317e1     -9.2002e0
  21 142      6.6250e0      2.1008e1    -1.1330e1     -9.3382e0
  21 143      6.7500e0      2.1133e1    -1.1343e1     -9.4764e0
  21 144      6.8750e0      2.1258e1    -1.1357e1     -9.6150e0
  21 145      7.0000e0      2.1383e1    -1.1371e1     -9.7541e0
  21 146      7.1250e0      2.1508e1    -1.1385e1     -9.8938e0
  21 147      7.2500e0      2.1633e1    -1.1401e1     -1.0034e1
  21 148      7.3750e0      2.1758e1    -1.1416e1     -1.0175e1
  21 149      7.5000e0      2.1883e1    -1.1432e1     -1.0315e1
  21 150      7.6250e0      2.2008e1    -1.1447e1     -1.0455e1
  21 151      7.7500e0      2.2133e1    -1.1461e1     -1.0595e1
  21 152      7.8750e0      2.2258e1    -1.1476e1     -1.0734e1
  21 153      8.0000e0      2.2383e1    -1.1490e1     -1.0874e1
  21 154      8.1250e0      2.2508e1    -1.1504e1     -1.1013e1
  21 155      8.2500e0      2.2633e1    -1.1518e1     -1.1151e1
  21 156      8.3750e0      2.2758e1    -1.1532e1     -1.1290e1
  21 157      8.5000e0      2.2883e1    -1.1545e1     -1.1429e1
  21 158      8.6250e0      2.3008e1    -1.1559e1     -1.1567e1
  21 159      8.7500e0      2.3133e1    -1.1572e1     -1.1706e1
  21 160      8.8750e0      2.3258e1    -1.1586e1     -1.1845e1
  21 161      9.0000e0      2.3383e1    -1.1601e1     -1.1984e1
  21 162      9.1250e0      2.3508e1    -1.1616e1     -1.2124e1
  21 163      9.2500e0      2.3633e1    -1.1632e1     -1.2265e1
  21 164      9.3750e0      2.3758e1    -1.1647e1     -1.2406e1
  21 165      9.5000e0      2.3883e1    -1.1663e1     -1.2546e1
  21 166      9.6250e0      2.4008e1    -1.1678e1     -1.2686e1
  21 167      9.7500e0      2.4133e1    -1.1693e1     -1.2826e1
  21 168      9.8750e0      2.4258e1    -1.1707e1     -1.2965e1
  21 169      1.0000e1      2.4383e1    -1.1721e1     -1.3104e1
  21 170      1.0125e1      2.4508e1    -1.1735e1     -1.3243e1
  21 171      1.0250e1      2.4633e1    -1.1749e1     -1.3382e1
  21 172      1.0375e1      2.4758e1    -1.1763e1     -1.3521e1
  21 173      1.0500e1      2.4883e1    -1.1777e1     -1.3660e1
  21 174      1.0625e1      2.5008e1    -1.1791e1     -1.3799e1
  21 175      1.0750e1      2.5133e1    -1.1805e1     -1.3939e1
  21 176      1.0875e1      2.5258e1    -1.1820e1     -1.4079e1
  21 177      1.1000e1      2.5383e1    -1.1836e1     -1.4219e1
  21 178      1.1125e1      2.5508e1    -1.1852e1     -1.4361e1
  21 179      1.1250e1      2.5633e1    -1.1869e1     -1.4503e1
  21 180      1.1375e1      2.5758e1    -1.1887e1     -1.4645e1
  21 181      1.1500e1      2.5883e1    -1.1904e1     -1.4787e1
  21 182      1.1625e1      2.6008e1    -1.1921e1     -1.4929e1
  21 183      1.1750e1      2.6133e1    -1.1937e1     -1.5071e1
  21 184      1.1875e1      2.6258e1    -1.1954e1     -1.5212e1
  21 185      1.2000e1      2.6383e1    -1.1971e1     -1.5354e1
  21 186      1.2125e1      2.6508e1    -1.1988e1     -1.5497e1
  21 187      1.2250e1      2.6633e1    -1.2006e1     -1.5640e1
  21 188      1.2375e1      2.6758e1    -1.2024e1     -1.5783e1
  21 189      1.2500e1      2.6883e1    -1.2042e1     -1.5926e1
  21 190      1.2625e1      2.7008e1    -1.2060e1     -1.6068e1
  21 191      1.2750e1      2.7133e1    -1.2078e1     -1.6211e1
  21 192      1.2875e1      2.7258e1    -1.2097e1     -1.6356e1
  21 193      1.3000e1      2.7383e1    -1.2119e1     -1.6502e1
  21 194      1.3125e1      2.7508e1    -1.2144e1     -1.6652e1
  21 195      1.3250e1      2.7633e1    -1.2171e1     -1.6805e1
  21 196      1.3375e1      2.7758e1    -1.2202e1     -1.6960e1
  21 197      1.3500e1      2.7883e1    -1.2235e1     -1.7119e1
  21 198      1.3625e1      2.8008e1    -1.2271e1     -1.7279e1
  21 199      1.3750e1      2.8133e1    -1.2308e1     -1.7441e1
  21 200      1.3875e1      2.8258e1    -1.2347e1     -1.7605e1
  21 201      1.4000e1      2.8383e1    -1.2388e1     -1.7772e1
  21 202      1.4125e1      2.8508e1    -1.2432e1     -1.7941e1
  21 203      1.4250e1      2.8633e1    -1.2480e1     -1.8113e1
  21 204      1.4375e1      2.8758e1    -1.2531e1     -1.8289e1
  21 205      1.4500e1      2.8883e1    -1.2588e1     -1.8471e1
  21 206      1.4625e1      2.9008e1    -1.2653e1     -1.8661e1
  21 207      1.4750e1      2.9133e1    -1.2728e1     -1.8862e1
  21 208      1.4875e1      2.9258e1    -1.2815e1     -1.9073e1
  21 209      1.5000e1      2.9383e1    -1.2912e1     -1.9296e1
            log10(eV)     log10(Hz)    log10(nuFnu)  log10(Jy)

i_tm =  22;  t_obs =      1.350e3
  22   1     -1.1000e1      3.3834e0    -2.6407e1     -6.7900e0
  22   2     -1.0875e1      3.5084e0    -2.6240e1     -6.7484e0
  22   3     -1.0750e1      3.6334e0    -2.6073e1     -6.7067e0
  22   4     -1.0625e1      3.7584e0    -2.5907e1     -6.6650e0
  22   5     -1.0500e1      3.8834e0    -2.5740e1     -6.6234e0
  22   6     -1.0375e1      4.0084e0    -2.5573e1     -6.5817e0
  22   7     -1.0250e1      4.1334e0    -2.5407e1     -6.5400e0
  22   8     -1.0125e1      4.2584e0    -2.5240e1     -6.4984e0
  22   9     -1.0000e1      4.3834e0    -2.5073e1     -6.4567e0
  22  10     -9.8750e0      4.5084e0    -2.4907e1     -6.4150e0
  22  11     -9.7500e0      4.6334e0    -2.4740e1     -6.3734e0
  22  12     -9.6250e0      4.7584e0    -2.4573e1     -6.3317e0
  22  13     -9.5000e0      4.8834e0    -2.4407e1     -6.2900e0
  22  14     -9.3750e0      5.0084e0    -2.4240e1     -6.2484e0
  22  15     -9.2500e0      5.1334e0    -2.4073e1     -6.2067e0
  22  16     -9.1250e0      5.2584e0    -2.3907e1     -6.1650e0
  22  17     -9.0000e0      5.3834e0    -2.3740e1     -6.1234e0
  22  18     -8.8750e0      5.5084e0    -2.3573e1     -6.0817e0
  22  19     -8.7500e0      5.6334e0    -2.3407e1     -6.0400e0
  22  20     -8.6250e0      5.7584e0    -2.3240e1     -5.9984e0
  22  21     -8.5000e0      5.8834e0    -2.3073e1     -5.9567e0
  22  22     -8.3750e0      6.0084e0    -2.2907e1     -5.9150e0
  22  23     -8.2500e0      6.1334e0    -2.2740e1     -5.8734e0
  22  24     -8.1250e0      6.2584e0    -2.2573e1     -5.8317e0
  22  25     -8.0000e0      6.3834e0    -2.2407e1     -5.7900e0
  22  26     -7.8750e0      6.5084e0    -2.2240e1     -5.7484e0
  22  27     -7.7500e0      6.6334e0    -2.2073e1     -5.7067e0
  22  28     -7.6250e0      6.7584e0    -2.1907e1     -5.6650e0
  22  29     -7.5000e0      6.8834e0    -2.1740e1     -5.6234e0
  22  30     -7.3750e0      7.0084e0    -2.1573e1     -5.5817e0
  22  31     -7.2500e0      7.1334e0    -2.1407e1     -5.5400e0
  22  32     -7.1250e0      7.2584e0    -2.1240e1     -5.4984e0
  22  33     -7.0000e0      7.3834e0    -2.1073e1     -5.4567e0
  22  34     -6.8750e0      7.5084e0    -2.0907e1     -5.4151e0
  22  35     -6.7500e0      7.6334e0    -2.0740e1     -5.3734e0
  22  36     -6.6250e0      7.7584e0    -2.0573e1     -5.3318e0
  22  37     -6.5000e0      7.8834e0    -2.0407e1     -5.2901e0
  22  38     -6.3750e0      8.0084e0    -2.0240e1     -5.2485e0
  22  39     -6.2500e0      8.1334e0    -2.0073e1     -5.2069e0
  22  40     -6.1250e0      8.2584e0    -1.9907e1     -5.1653e0
  22  41     -6.0000e0      8.3834e0    -1.9740e1     -5.1237e0
  22  42     -5.8750e0      8.5084e0    -1.9574e1     -5.0821e0
  22  43     -5.7500e0      8.6334e0    -1.9407e1     -5.0406e0
  22  44     -5.6250e0      8.7584e0    -1.9241e1     -4.9990e0
  22  45     -5.5000e0      8.8834e0    -1.9074e1     -4.9575e0
  22  46     -5.3750e0      9.0084e0    -1.8908e1     -4.9160e0
  22  47     -5.2500e0      9.1334e0    -1.8741e1     -4.8746e0
  22  48     -5.1250e0      9.2584e0    -1.8575e1     -4.8332e0
  22  49     -5.0000e0      9.3834e0    -1.8408e1     -4.7918e0
  22  50     -4.8750e0      9.5084e0    -1.8242e1     -4.7504e0
  22  51     -4.7500e0      9.6334e0    -1.8076e1     -4.7090e0
  22  52     -4.6250e0      9.7584e0    -1.7909e1     -4.6675e0
  22  53     -4.5000e0      9.8834e0    -1.7743e1     -4.6261e0
  22  54     -4.3750e0      1.0008e1    -1.7576e1     -4.5847e0
  22  55     -4.2500e0      1.0133e1    -1.7410e1     -4.5432e0
  22  56     -4.1250e0      1.0258e1    -1.7243e1     -4.5017e0
  22  57     -4.0000e0      1.0383e1    -1.7077e1     -4.4603e0
  22  58     -3.8750e0      1.0508e1    -1.6910e1     -4.4188e0
  22  59     -3.7500e0      1.0633e1    -1.6744e1     -4.3773e0
  22  60     -3.6250e0      1.0758e1    -1.6577e1     -4.3358e0
  22  61     -3.5000e0      1.0883e1    -1.6411e1     -4.2943e0
  22  62     -3.3750e0      1.1008e1    -1.6245e1     -4.2529e0
  22  63     -3.2500e0      1.1133e1    -1.6078e1     -4.2116e0
  22  64     -3.1250e0      1.1258e1    -1.5912e1     -4.1703e0
  22  65     -3.0000e0      1.1383e1    -1.5746e1     -4.1290e0
  22  66     -2.8750e0      1.1508e1    -1.5579e1     -4.0878e0
  22  67     -2.7500e0      1.1633e1    -1.5413e1     -4.0467e0
  22  68     -2.6250e0      1.1758e1    -1.5247e1     -4.0058e0
  22  69     -2.5000e0      1.1883e1    -1.5082e1     -3.9649e0
  22  70     -2.3750e0      1.2008e1    -1.4916e1     -3.9243e0
  22  71     -2.2500e0      1.2133e1    -1.4750e1     -3.8838e0
  22  72     -2.1250e0      1.2258e1    -1.4585e1     -3.8436e0
  22  73     -2.0000e0      1.2383e1    -1.4420e1     -3.8036e0
  22  74     -1.8750e0      1.2508e1    -1.4256e1     -3.7639e0
  22  75     -1.7500e0      1.2633e1    -1.4091e1     -3.7247e0
  22  76     -1.6250e0      1.2758e1    -1.3927e1     -3.6858e0
  22  77     -1.5000e0      1.2883e1    -1.3764e1     -3.6476e0
  22  78     -1.3750e0      1.3008e1    -1.3602e1     -3.6100e0
  22  79     -1.2500e0      1.3133e1    -1.3440e1     -3.5731e0
  22  80     -1.1250e0      1.3258e1    -1.3279e1     -3.5372e0
  22  81     -1.0000e0      1.3383e1    -1.3119e1     -3.5023e0
  22  82    -8.7501e-1      1.3508e1    -1.2960e1     -3.4687e0
  22  83    -7.5001e-1      1.3633e1    -1.2803e1     -3.4365e0
  22  84    -6.2501e-1      1.3758e1    -1.2648e1     -3.4061e0
  22  85    -5.0001e-1      1.3883e1    -1.2494e1     -3.3777e0
  22  86    -3.7501e-1      1.4008e1    -1.2343e1     -3.3517e0
  22  87    -2.5001e-1      1.4133e1    -1.2195e1     -3.3285e0
  22  88    -1.2501e-1      1.4258e1    -1.2050e1     -3.3084e0
  22  89    -1.3724e-5      1.4383e1    -1.1908e1     -3.2919e0
  22  90     1.2499e-1      1.4508e1    -1.1771e1     -3.2795e0
  22  91     2.4999e-1      1.4633e1    -1.1638e1     -3.2717e0
  22  92     3.7499e-1      1.4758e1    -1.1511e1     -3.2691e0
  22  93     4.9999e-1      1.4883e1    -1.1389e1     -3.2722e0
  22  94     6.2499e-1      1.5008e1    -1.1273e1     -3.2818e0
  22  95     7.4999e-1      1.5133e1    -1.1165e1     -3.2984e0
  22  96     8.7499e-1      1.5258e1    -1.1064e1     -3.3229e0
  22  97     9.9999e-1      1.5383e1    -1.0972e1     -3.3558e0
  22  98      1.1250e0      1.5508e1    -1.0890e1     -3.3980e0
  22  99      1.2500e0      1.5633e1    -1.0816e1     -3.4499e0
  22 100      1.3750e0      1.5758e1    -1.0754e1     -3.5121e0
  22 101      1.5000e0      1.5883e1    -1.0702e1     -3.5851e0
  22 102      1.6250e0      1.6008e1    -1.0661e1     -3.6692e0
  22 103      1.7500e0      1.6133e1    -1.0631e1     -3.7648e0
  22 104      1.8750e0      1.6258e1    -1.0614e1     -3.8719e0
  22 105      2.0000e0      1.6383e1    -1.0607e1     -3.9907e0
  22 106      2.1250e0      1.6508e1    -1.0612e1     -4.1209e0
  22 107      2.2500e0      1.6633e1    -1.0629e1     -4.2622e0
  22 108      2.3750e0      1.6758e1    -1.0656e1     -4.4139e0
  22 109      2.5000e0      1.6883e1    -1.0692e1     -4.5751e0
  22 110      2.6250e0      1.7008e1    -1.0736e1     -4.7443e0
  22 111      2.7500e0      1.7133e1    -1.0786e1     -4.9195e0
  22 112      2.8750e0      1.7258e1    -1.0840e1     -5.0985e0
  22 113      3.0000e0      1.7383e1    -1.0895e1     -5.2780e0
  22 114      3.1250e0      1.7508e1    -1.0947e1     -5.4553e0
  22 115      3.2500e0      1.7633e1    -1.0994e1     -5.6278e0
  22 116      3.3750e0      1.7758e1    -1.1036e1     -5.7940e0
  22 117      3.5000e0      1.7883e1    -1.1070e1     -5.9537e0
  22 118      3.6250e0      1.8008e1    -1.1099e1     -6.1077e0
  22 119      3.7500e0      1.8133e1    -1.1124e1     -6.2572e0
  22 120      3.8750e0      1.8258e1    -1.1145e1     -6.4037e0
  22 121      4.0000e0      1.8383e1    -1.1165e1     -6.5482e0
  22 122      4.1250e0      1.8508e1    -1.1183e1     -6.6911e0
  22 123      4.2500e0      1.8633e1    -1.1199e1     -6.8327e0
  22 124      4.3750e0      1.8758e1    -1.1214e1     -6.9728e0
  22 125      4.5000e0      1.8883e1    -1.1228e1     -7.1117e0
  22 126      4.6250e0      1.9008e1    -1.1241e1     -7.2497e0
  22 127      4.7500e0      1.9133e1    -1.1254e1     -7.3874e0
  22 128      4.8750e0      1.9258e1    -1.1267e1     -7.5250e0
  22 129      5.0000e0      1.9383e1    -1.1279e1     -7.6629e0
  22 130      5.1250e0      1.9508e1    -1.1293e1     -7.8009e0
  22 131      5.2500e0      1.9633e1    -1.1306e1     -7.9393e0
  22 132      5.3750e0      1.9758e1    -1.1319e1     -8.0777e0
  22 133      5.5000e0      1.9883e1    -1.1333e1     -8.2162e0
  22 134      5.6250e0      2.0008e1    -1.1346e1     -8.3547e0
  22 135      5.7500e0      2.0133e1    -1.1360e1     -8.4930e0
  22 136      5.8750e0      2.0258e1    -1.1373e1     -8.6311e0
  22 137      6.0000e0      2.0383e1    -1.1386e1     -8.7689e0
  22 138      6.1250e0      2.0508e1    -1.1398e1     -8.9066e0
  22 139      6.2500e0      2.0633e1    -1.1411e1     -9.0443e0
  22 140      6.3750e0      2.0758e1    -1.1424e1     -9.1823e0
  22 141      6.5000e0      2.0883e1    -1.1437e1     -9.3204e0
  22 142      6.6250e0      2.1008e1    -1.1450e1     -9.4588e0
  22 143      6.7500e0      2.1133e1    -1.1464e1     -9.5973e0
  22 144      6.8750e0      2.1258e1    -1.1478e1     -9.7361e0
  22 145      7.0000e0      2.1383e1    -1.1492e1     -9.8754e0
  22 146      7.1250e0      2.1508e1    -1.1507e1     -1.0016e1
  22 147      7.2500e0      2.1633e1    -1.1523e1     -1.0156e1
  22 148      7.3750e0      2.1758e1    -1.1538e1     -1.0297e1
  22 149      7.5000e0      2.1883e1    -1.1554e1     -1.0437e1
  22 150      7.6250e0      2.2008e1    -1.1569e1     -1.0577e1
  22 151      7.7500e0      2.2133e1    -1.1584e1     -1.0717e1
  22 152      7.8750e0      2.2258e1    -1.1598e1     -1.0857e1
  22 153      8.0000e0      2.2383e1    -1.1612e1     -1.0996e1
  22 154      8.1250e0      2.2508e1    -1.1627e1     -1.1135e1
  22 155      8.2500e0      2.2633e1    -1.1640e1     -1.1274e1
  22 156      8.3750e0      2.2758e1    -1.1654e1     -1.1413e1
  22 157      8.5000e0      2.2883e1    -1.1668e1     -1.1551e1
  22 158      8.6250e0      2.3008e1    -1.1682e1     -1.1690e1
  22 159      8.7500e0      2.3133e1    -1.1696e1     -1.1829e1
  22 160      8.8750e0      2.3258e1    -1.1710e1     -1.1969e1
  22 161      9.0000e0      2.3383e1    -1.1725e1     -1.2109e1
  22 162      9.1250e0      2.3508e1    -1.1741e1     -1.2249e1
  22 163      9.2500e0      2.3633e1    -1.1757e1     -1.2391e1
  22 164      9.3750e0      2.3758e1    -1.1773e1     -1.2532e1
  22 165      9.5000e0      2.3883e1    -1.1789e1     -1.2672e1
  22 166      9.6250e0      2.4008e1    -1.1804e1     -1.2813e1
  22 167      9.7500e0      2.4133e1    -1.1819e1     -1.2952e1
  22 168      9.8750e0      2.4258e1    -1.1833e1     -1.3092e1
  22 169      1.0000e1      2.4383e1    -1.1847e1     -1.3231e1
  22 170      1.0125e1      2.4508e1    -1.1862e1     -1.3370e1
  22 171      1.0250e1      2.4633e1    -1.1875e1     -1.3509e1
  22 172      1.0375e1      2.4758e1    -1.1889e1     -1.3648e1
  22 173      1.0500e1      2.4883e1    -1.1904e1     -1.3787e1
  22 174      1.0625e1      2.5008e1    -1.1918e1     -1.3926e1
  22 175      1.0750e1      2.5133e1    -1.1933e1     -1.4066e1
  22 176      1.0875e1      2.5258e1    -1.1948e1     -1.4206e1
  22 177      1.1000e1      2.5383e1    -1.1964e1     -1.4347e1
  22 178      1.1125e1      2.5508e1    -1.1980e1     -1.4489e1
  22 179      1.1250e1      2.5633e1    -1.1998e1     -1.4631e1
  22 180      1.1375e1      2.5758e1    -1.2015e1     -1.4773e1
  22 181      1.1500e1      2.5883e1    -1.2032e1     -1.4916e1
  22 182      1.1625e1      2.6008e1    -1.2049e1     -1.5057e1
  22 183      1.1750e1      2.6133e1    -1.2066e1     -1.5199e1
  22 184      1.1875e1      2.6258e1    -1.2083e1     -1.5341e1
  22 185      1.2000e1      2.6383e1    -1.2100e1     -1.5483e1
  22 186      1.2125e1      2.6508e1    -1.2118e1     -1.5626e1
  22 187      1.2250e1      2.6633e1    -1.2136e1     -1.5770e1
  22 188      1.2375e1      2.6758e1    -1.2155e1     -1.5913e1
  22 189      1.2500e1      2.6883e1    -1.2173e1     -1.6057e1
  22 190      1.2625e1      2.7008e1    -1.2192e1     -1.6201e1
  22 191      1.2750e1      2.7133e1    -1.2212e1     -1.6346e1
  22 192      1.2875e1      2.7258e1    -1.2234e1     -1.6492e1
  22 193      1.3000e1      2.7383e1    -1.2258e1     -1.6642e1
  22 194      1.3125e1      2.7508e1    -1.2286e1     -1.6795e1
  22 195      1.3250e1      2.7633e1    -1.2318e1     -1.6951e1
  22 196      1.3375e1      2.7758e1    -1.2353e1     -1.7111e1
  22 197      1.3500e1      2.7883e1    -1.2390e1     -1.7274e1
  22 198      1.3625e1      2.8008e1    -1.2430e1     -1.7439e1
  22 199      1.3750e1      2.8133e1    -1.2473e1     -1.7607e1
  22 200      1.3875e1      2.8258e1    -1.2519e1     -1.7778e1
  22 201      1.4000e1      2.8383e1    -1.2569e1     -1.7952e1
  22 202      1.4125e1      2.8508e1    -1.2623e1     -1.8132e1
  22 203      1.4250e1      2.8633e1    -1.2683e1     -1.8317e1
  22 204      1.4375e1      2.8758e1    -1.2750e1     -1.8509e1
  22 205      1.4500e1      2.8883e1    -1.2823e1     -1.8707e1
  22 206      1.4625e1      2.9008e1    -1.2902e1     -1.8911e1
  22 207      1.4750e1      2.9133e1    -1.2984e1     -1.9118e1
  22 208      1.4875e1      2.9258e1    -1.3068e1     -1.9326e1
  22 209      1.5000e1      2.9383e1    -1.3152e1     -1.9536e1
            log10(eV)     log10(Hz)    log10(nuFnu)  log10(Jy)

i_tm =  23;  t_obs =      1.705e3
  23   1     -1.1000e1      3.3834e0    -2.6363e1     -6.7467e0
  23   2     -1.0875e1      3.5084e0    -2.6197e1     -6.7050e0
  23   3     -1.0750e1      3.6334e0    -2.6030e1     -6.6634e0
  23   4     -1.0625e1      3.7584e0    -2.5863e1     -6.6217e0
  23   5     -1.0500e1      3.8834e0    -2.5697e1     -6.5800e0
  23   6     -1.0375e1      4.0084e0    -2.5530e1     -6.5384e0
  23   7     -1.0250e1      4.1334e0    -2.5363e1     -6.4967e0
  23   8     -1.0125e1      4.2584e0    -2.5197e1     -6.4550e0
  23   9     -1.0000e1      4.3834e0    -2.5030e1     -6.4134e0
  23  10     -9.8750e0      4.5084e0    -2.4863e1     -6.3717e0
  23  11     -9.7500e0      4.6334e0    -2.4697e1     -6.3300e0
  23  12     -9.6250e0      4.7584e0    -2.4530e1     -6.2884e0
  23  13     -9.5000e0      4.8834e0    -2.4363e1     -6.2467e0
  23  14     -9.3750e0      5.0084e0    -2.4197e1     -6.2050e0
  23  15     -9.2500e0      5.1334e0    -2.4030e1     -6.1634e0
  23  16     -9.1250e0      5.2584e0    -2.3863e1     -6.1217e0
  23  17     -9.0000e0      5.3834e0    -2.3697e1     -6.0800e0
  23  18     -8.8750e0      5.5084e0    -2.3530e1     -6.0384e0
  23  19     -8.7500e0      5.6334e0    -2.3363e1     -5.9967e0
  23  20     -8.6250e0      5.7584e0    -2.3197e1     -5.9550e0
  23  21     -8.5000e0      5.8834e0    -2.3030e1     -5.9134e0
  23  22     -8.3750e0      6.0084e0    -2.2863e1     -5.8717e0
  23  23     -8.2500e0      6.1334e0    -2.2697e1     -5.8300e0
  23  24     -8.1250e0      6.2584e0    -2.2530e1     -5.7884e0
  23  25     -8.0000e0      6.3834e0    -2.2363e1     -5.7467e0
  23  26     -7.8750e0      6.5084e0    -2.2197e1     -5.7050e0
  23  27     -7.7500e0      6.6334e0    -2.2030e1     -5.6634e0
  23  28     -7.6250e0      6.7584e0    -2.1863e1     -5.6217e0
  23  29     -7.5000e0      6.8834e0    -2.1697e1     -5.5801e0
  23  30     -7.3750e0      7.0084e0    -2.1530e1     -5.5384e0
  23  31     -7.2500e0      7.1334e0    -2.1363e1     -5.4967e0
  23  32     -7.1250e0      7.2584e0    -2.1197e1     -5.4551e0
  23  33     -7.0000e0      7.3834e0    -2.1030e1     -5.4134e0
  23  34     -6.8750e0      7.5084e0    -2.0863e1     -5.3718e0
  23  35     -6.7500e0      7.6334e0    -2.0697e1     -5.3301e0
  23  36     -6.6250e0      7.7584e0    -2.0530e1     -5.2885e0
  23  37     -6.5000e0      7.8834e0    -2.0363e1     -5.2468e0
  23  38     -6.3750e0      8.0084e0    -2.0197e1     -5.2052e0
  23  39     -6.2500e0      8.1334e0    -2.0030e1     -5.1636e0
  23  40     -6.1250e0      8.2584e0    -1.9864e1     -5.1220e0
  23  41     -6.0000e0      8.3834e0    -1.9697e1     -5.0805e0
  23  42     -5.8750e0      8.5084e0    -1.9530e1     -5.0389e0
  23  43     -5.7500e0      8.6334e0    -1.9364e1     -4.9974e0
  23  44     -5.6250e0      8.7584e0    -1.9197e1     -4.9559e0
  23  45     -5.5000e0      8.8834e0    -1.9031e1     -4.9144e0
  23  46     -5.3750e0      9.0084e0    -1.8865e1     -4.8730e0
  23  47     -5.2500e0      9.1334e0    -1.8698e1     -4.8315e0
  23  48     -5.1250e0      9.2584e0    -1.8532e1     -4.7901e0
  23  49     -5.0000e0      9.3834e0    -1.8365e1     -4.7487e0
  23  50     -4.8750e0      9.5084e0    -1.8199e1     -4.7073e0
  23  51     -4.7500e0      9.6334e0    -1.8032e1     -4.6659e0
  23  52     -4.6250e0      9.7584e0    -1.7866e1     -4.6245e0
  23  53     -4.5000e0      9.8834e0    -1.7700e1     -4.5830e0
  23  54     -4.3750e0      1.0008e1    -1.7533e1     -4.5416e0
  23  55     -4.2500e0      1.0133e1    -1.7367e1     -4.5001e0
  23  56     -4.1250e0      1.0258e1    -1.7200e1     -4.4586e0
  23  57     -4.0000e0      1.0383e1    -1.7034e1     -4.4171e0
  23  58     -3.8750e0      1.0508e1    -1.6867e1     -4.3756e0
  23  59     -3.7500e0      1.0633e1    -1.6701e1     -4.3341e0
  23  60     -3.6250e0      1.0758e1    -1.6534e1     -4.2927e0
  23  61     -3.5000e0      1.0883e1    -1.6368e1     -4.2512e0
  23  62     -3.3750e0      1.1008e1    -1.6201e1     -4.2099e0
  23  63     -3.2500e0      1.1133e1    -1.6035e1     -4.1686e0
  23  64     -3.1250e0      1.1258e1    -1.5869e1     -4.1273e0
  23  65     -3.0000e0      1.1383e1    -1.5703e1     -4.0862e0
  23  66     -2.8750e0      1.1508e1    -1.5537e1     -4.0451e0
  23  67     -2.7500e0      1.1633e1    -1.5371e1     -4.0041e0
  23  68     -2.6250e0      1.1758e1    -1.5205e1     -3.9633e0
  23  69     -2.5000e0      1.1883e1    -1.5039e1     -3.9226e0
  23  70     -2.3750e0      1.2008e1    -1.4874e1     -3.8821e0
  23  71     -2.2500e0      1.2133e1    -1.4709e1     -3.8419e0
  23  72     -2.1250e0      1.2258e1    -1.4544e1     -3.8020e0
  23  73     -2.0000e0      1.2383e1    -1.4379e1     -3.7623e0
  23  74     -1.8750e0      1.2508e1    -1.4215e1     -3.7231e0
  23  75     -1.7500e0      1.2633e1    -1.4051e1     -3.6843e0
  23  76     -1.6250e0      1.2758e1    -1.3888e1     -3.6460e0
  23  77     -1.5000e0      1.2883e1    -1.3725e1     -3.6084e0
  23  78     -1.3750e0      1.3008e1    -1.3563e1     -3.5716e0
  23  79     -1.2500e0      1.3133e1    -1.3402e1     -3.5357e0
  23  80     -1.1250e0      1.3258e1    -1.3243e1     -3.5009e0
  23  81     -1.0000e0      1.3383e1    -1.3084e1     -3.4674e0
  23  82    -8.7501e-1      1.3508e1    -1.2927e1     -3.4353e0
  23  83    -7.5001e-1      1.3633e1    -1.2772e1     -3.4050e0
  23  84    -6.2501e-1      1.3758e1    -1.2618e1     -3.3767e0
  23  85    -5.0001e-1      1.3883e1    -1.2467e1     -3.3508e0
  23  86    -3.7501e-1      1.4008e1    -1.2319e1     -3.3277e0
  23  87    -2.5001e-1      1.4133e1    -1.2174e1     -3.3077e0
  23  88    -1.2501e-1      1.4258e1    -1.2033e1     -3.2914e0
  23  89    -1.3724e-5      1.4383e1    -1.1896e1     -3.2793e0
  23  90     1.2499e-1      1.4508e1    -1.1763e1     -3.2717e0
  23  91     2.4999e-1      1.4633e1    -1.1636e1     -3.2694e0
  23  92     3.7499e-1      1.4758e1    -1.1514e1     -3.2728e0
  23  93     4.9999e-1      1.4883e1    -1.1399e1     -3.2827e0
  23  94     6.2499e-1      1.5008e1    -1.1291e1     -3.2996e0
  23  95     7.4999e-1      1.5133e1    -1.1191e1     -3.3244e0
  23  96     8.7499e-1      1.5258e1    -1.1099e1     -3.3576e0
  23  97     9.9999e-1      1.5383e1    -1.1017e1     -3.4000e0
  23  98      1.1250e0      1.5508e1    -1.0944e1     -3.4522e0
  23  99      1.2500e0      1.5633e1    -1.0881e1     -3.5147e0
  23 100      1.3750e0      1.5758e1    -1.0830e1     -3.5880e0
  23 101      1.5000e0      1.5883e1    -1.0789e1     -3.6724e0
  23 102      1.6250e0      1.6008e1    -1.0760e1     -3.7682e0
  23 103      1.7500e0      1.6133e1    -1.0742e1     -3.8756e0
  23 104      1.8750e0      1.6258e1    -1.0736e1     -3.9945e0
  23 105      2.0000e0      1.6383e1    -1.0741e1     -4.1247e0
  23 106      2.1250e0      1.6508e1    -1.0757e1     -4.2658e0
  23 107      2.2500e0      1.6633e1    -1.0784e1     -4.4171e0
  23 108      2.3750e0      1.6758e1    -1.0819e1     -4.5776e0
  23 109      2.5000e0      1.6883e1    -1.0862e1     -4.7459e0
  23 110      2.6250e0      1.7008e1    -1.0911e1     -4.9198e0
  23 111      2.7500e0      1.7133e1    -1.0963e1     -5.0969e0
  23 112      2.8750e0      1.7258e1    -1.1016e1     -5.2742e0
  23 113      3.0000e0      1.7383e1    -1.1066e1     -5.4489e0
  23 114      3.1250e0      1.7508e1    -1.1111e1     -5.6189e0
  23 115      3.2500e0      1.7633e1    -1.1149e1     -5.7827e0
  23 116      3.3750e0      1.7758e1    -1.1182e1     -5.9400e0
  23 117      3.5000e0      1.7883e1    -1.1208e1     -6.0917e0
  23 118      3.6250e0      1.8008e1    -1.1231e1     -6.2392e0
  23 119      3.7500e0      1.8133e1    -1.1251e1     -6.3841e0
  23 120      3.8750e0      1.8258e1    -1.1269e1     -6.5278e0
  23 121      4.0000e0      1.8383e1    -1.1287e1     -6.6708e0
  23 122      4.1250e0      1.8508e1    -1.1305e1     -6.8129e0
  23 123      4.2500e0      1.8633e1    -1.1321e1     -6.9540e0
  23 124      4.3750e0      1.8758e1    -1.1335e1     -7.0937e0
  23 125      4.5000e0      1.8883e1    -1.1349e1     -7.2322e0
  23 126      4.6250e0      1.9008e1    -1.1362e1     -7.3700e0
  23 127      4.7500e0      1.9133e1    -1.1374e1     -7.5076e0
  23 128      4.8750e0      1.9258e1    -1.1387e1     -7.6454e0
  23 129      5.0000e0      1.9383e1    -1.1400e1     -7.7834e0
  23 130      5.1250e0      1.9508e1    -1.1413e1     -7.9219e0
  23 131      5.2500e0      1.9633e1    -1.1427e1     -8.0606e0
  23 132      5.3750e0      1.9758e1    -1.1441e1     -8.1995e0
  23 133      5.5000e0      1.9883e1    -1.1455e1     -8.3384e0
  23 134      5.6250e0      2.0008e1    -1.1469e1     -8.4771e0
  23 135      5.7500e0      2.0133e1    -1.1482e1     -8.6156e0
  23 136      5.8750e0      2.0258e1    -1.1495e1     -8.7537e0
  23 137      6.0000e0      2.0383e1    -1.1508e1     -8.8917e0
  23 138      6.1250e0      2.0508e1    -1.1521e1     -9.0294e0
  23 139      6.2500e0      2.0633e1    -1.1534e1     -9.1674e0
  23 140      6.3750e0      2.0758e1    -1.1547e1     -9.3054e0
  23 141      6.5000e0      2.0883e1    -1.1560e1     -9.4437e0
  23 142      6.6250e0      2.1008e1    -1.1574e1     -9.5820e0
  23 143      6.7500e0      2.1133e1    -1.1587e1     -9.7204e0
  23 144      6.8750e0      2.1258e1    -1.1601e1     -9.8592e0
  23 145      7.0000e0      2.1383e1    -1.1615e1     -9.9987e0
  23 146      7.1250e0      2.1508e1    -1.1630e1     -1.0139e1
  23 147      7.2500e0      2.1633e1    -1.1646e1     -1.0279e1
  23 148      7.3750e0      2.1758e1    -1.1661e1     -1.0420e1
  23 149      7.5000e0      2.1883e1    -1.1676e1     -1.0560e1
  23 150      7.6250e0      2.2008e1    -1.1691e1     -1.0700e1
  23 151      7.7500e0      2.2133e1    -1.1706e1     -1.0839e1
  23 152      7.8750e0      2.2258e1    -1.1720e1     -1.0978e1
  23 153      8.0000e0      2.2383e1    -1.1734e1     -1.1117e1
  23 154      8.1250e0      2.2508e1    -1.1748e1     -1.1256e1
  23 155      8.2500e0      2.2633e1    -1.1762e1     -1.1395e1
  23 156      8.3750e0      2.2758e1    -1.1775e1     -1.1534e1
  23 157      8.5000e0      2.2883e1    -1.1789e1     -1.1673e1
  23 158      8.6250e0      2.3008e1    -1.1803e1     -1.1811e1
  23 159      8.7500e0      2.3133e1    -1.1817e1     -1.1950e1
  23 160      8.8750e0      2.3258e1    -1.1831e1     -1.2089e1
  23 161      9.0000e0      2.3383e1    -1.1846e1     -1.2229e1
  23 162      9.1250e0      2.3508e1    -1.1861e1     -1.2370e1
  23 163      9.2500e0      2.3633e1    -1.1877e1     -1.2510e1
  23 164      9.3750e0      2.3758e1    -1.1893e1     -1.2651e1
  23 165      9.5000e0      2.3883e1    -1.1908e1     -1.2791e1
  23 166      9.6250e0      2.4008e1    -1.1923e1     -1.2931e1
  23 167      9.7500e0      2.4133e1    -1.1937e1     -1.3071e1
  23 168      9.8750e0      2.4258e1    -1.1951e1     -1.3210e1
  23 169      1.0000e1      2.4383e1    -1.1965e1     -1.3349e1
  23 170      1.0125e1      2.4508e1    -1.1979e1     -1.3488e1
  23 171      1.0250e1      2.4633e1    -1.1993e1     -1.3627e1
  23 172      1.0375e1      2.4758e1    -1.2008e1     -1.3766e1
  23 173      1.0500e1      2.4883e1    -1.2022e1     -1.3905e1
  23 174      1.0625e1      2.5008e1    -1.2036e1     -1.4045e1
  23 175      1.0750e1      2.5133e1    -1.2051e1     -1.4185e1
  23 176      1.0875e1      2.5258e1    -1.2067e1     -1.4325e1
  23 177      1.1000e1      2.5383e1    -1.2083e1     -1.4466e1
  23 178      1.1125e1      2.5508e1    -1.2100e1     -1.4608e1
  23 179      1.1250e1      2.5633e1    -1.2117e1     -1.4750e1
  23 180      1.1375e1      2.5758e1    -1.2135e1     -1.4893e1
  23 181      1.1500e1      2.5883e1    -1.2152e1     -1.5035e1
  23 182      1.1625e1      2.6008e1    -1.2169e1     -1.5178e1
  23 183      1.1750e1      2.6133e1    -1.2187e1     -1.5320e1
  23 184      1.1875e1      2.6258e1    -1.2205e1     -1.5463e1
  23 185      1.2000e1      2.6383e1    -1.2223e1     -1.5607e1
  23 186      1.2125e1      2.6508e1    -1.2242e1     -1.5751e1
  23 187      1.2250e1      2.6633e1    -1.2262e1     -1.5895e1
  23 188      1.2375e1      2.6758e1    -1.2281e1     -1.6039e1
  23 189      1.2500e1      2.6883e1    -1.2300e1     -1.6183e1
  23 190      1.2625e1      2.7008e1    -1.2319e1     -1.6328e1
  23 191      1.2750e1      2.7133e1    -1.2339e1     -1.6473e1
  23 192      1.2875e1      2.7258e1    -1.2362e1     -1.6620e1
  23 193      1.3000e1      2.7383e1    -1.2387e1     -1.6770e1
  23 194      1.3125e1      2.7508e1    -1.2414e1     -1.6923e1
  23 195      1.3250e1      2.7633e1    -1.2445e1     -1.7079e1
  23 196      1.3375e1      2.7758e1    -1.2479e1     -1.7237e1
  23 197      1.3500e1      2.7883e1    -1.2515e1     -1.7398e1
  23 198      1.3625e1      2.8008e1    -1.2554e1     -1.7562e1
  23 199      1.3750e1      2.8133e1    -1.2596e1     -1.7729e1
  23 200      1.3875e1      2.8258e1    -1.2641e1     -1.7900e1
  23 201      1.4000e1      2.8383e1    -1.2691e1     -1.8074e1
  23 202      1.4125e1      2.8508e1    -1.2746e1     -1.8254e1
  23 203      1.4250e1      2.8633e1    -1.2806e1     -1.8439e1
  23 204      1.4375e1      2.8758e1    -1.2873e1     -1.8632e1
  23 205      1.4500e1      2.8883e1    -1.2948e1     -1.8832e1
  23 206      1.4625e1      2.9008e1    -1.3031e1     -1.9039e1
  23 207      1.4750e1      2.9133e1    -1.3119e1     -1.9253e1
  23 208      1.4875e1      2.9258e1    -1.3212e1     -1.9471e1
  23 209      1.5000e1      2.9383e1    -1.3308e1     -1.9691e1
            log10(eV)     log10(Hz)    log10(nuFnu)  log10(Jy)

i_tm =  24;  t_obs =      2.154e3
  24   1     -1.1000e1      3.3834e0    -2.6319e1     -6.7027e0
  24   2     -1.0875e1      3.5084e0    -2.6153e1     -6.6611e0
  24   3     -1.0750e1      3.6334e0    -2.5986e1     -6.6194e0
  24   4     -1.0625e1      3.7584e0    -2.5819e1     -6.5777e0
  24   5     -1.0500e1      3.8834e0    -2.5653e1     -6.5361e0
  24   6     -1.0375e1      4.0084e0    -2.5486e1     -6.4944e0
  24   7     -1.0250e1      4.1334e0    -2.5319e1     -6.4527e0
  24   8     -1.0125e1      4.2584e0    -2.5153e1     -6.4111e0
  24   9     -1.0000e1      4.3834e0    -2.4986e1     -6.3694e0
  24  10     -9.8750e0      4.5084e0    -2.4819e1     -6.3277e0
  24  11     -9.7500e0      4.6334e0    -2.4653e1     -6.2861e0
  24  12     -9.6250e0      4.7584e0    -2.4486e1     -6.2444e0
  24  13     -9.5000e0      4.8834e0    -2.4319e1     -6.2027e0
  24  14     -9.3750e0      5.0084e0    -2.4153e1     -6.1611e0
  24  15     -9.2500e0      5.1334e0    -2.3986e1     -6.1194e0
  24  16     -9.1250e0      5.2584e0    -2.3819e1     -6.0777e0
  24  17     -9.0000e0      5.3834e0    -2.3653e1     -6.0361e0
  24  18     -8.8750e0      5.5084e0    -2.3486e1     -5.9944e0
  24  19     -8.7500e0      5.6334e0    -2.3319e1     -5.9527e0
  24  20     -8.6250e0      5.7584e0    -2.3153e1     -5.9111e0
  24  21     -8.5000e0      5.8834e0    -2.2986e1     -5.8694e0
  24  22     -8.3750e0      6.0084e0    -2.2819e1     -5.8277e0
  24  23     -8.2500e0      6.1334e0    -2.2653e1     -5.7861e0
  24  24     -8.1250e0      6.2584e0    -2.2486e1     -5.7444e0
  24  25     -8.0000e0      6.3834e0    -2.2319e1     -5.7027e0
  24  26     -7.8750e0      6.5084e0    -2.2153e1     -5.6611e0
  24  27     -7.7500e0      6.6334e0    -2.1986e1     -5.6194e0
  24  28     -7.6250e0      6.7584e0    -2.1819e1     -5.5777e0
  24  29     -7.5000e0      6.8834e0    -2.1653e1     -5.5361e0
  24  30     -7.3750e0      7.0084e0    -2.1486e1     -5.4944e0
  24  31     -7.2500e0      7.1334e0    -2.1319e1     -5.4528e0
  24  32     -7.1250e0      7.2584e0    -2.1153e1     -5.4111e0
  24  33     -7.0000e0      7.3834e0    -2.0986e1     -5.3694e0
  24  34     -6.8750e0      7.5084e0    -2.0819e1     -5.3278e0
  24  35     -6.7500e0      7.6334e0    -2.0653e1     -5.2862e0
  24  36     -6.6250e0      7.7584e0    -2.0486e1     -5.2445e0
  24  37     -6.5000e0      7.8834e0    -2.0319e1     -5.2029e0
  24  38     -6.3750e0      8.0084e0    -2.0153e1     -5.1613e0
  24  39     -6.2500e0      8.1334e0    -1.9986e1     -5.1197e0
  24  40     -6.1250e0      8.2584e0    -1.9820e1     -5.0781e0
  24  41     -6.0000e0      8.3834e0    -1.9653e1     -5.0366e0
  24  42     -5.8750e0      8.5084e0    -1.9487e1     -4.9951e0
  24  43     -5.7500e0      8.6334e0    -1.9320e1     -4.9536e0
  24  44     -5.6250e0      8.7584e0    -1.9154e1     -4.9121e0
  24  45     -5.5000e0      8.8834e0    -1.8987e1     -4.8707e0
  24  46     -5.3750e0      9.0084e0    -1.8821e1     -4.8292e0
  24  47     -5.2500e0      9.1334e0    -1.8654e1     -4.7878e0
  24  48     -5.1250e0      9.2584e0    -1.8488e1     -4.7464e0
  24  49     -5.0000e0      9.3834e0    -1.8322e1     -4.7050e0
  24  50     -4.8750e0      9.5084e0    -1.8155e1     -4.6636e0
  24  51     -4.7500e0      9.6334e0    -1.7989e1     -4.6222e0
  24  52     -4.6250e0      9.7584e0    -1.7822e1     -4.5807e0
  24  53     -4.5000e0      9.8834e0    -1.7656e1     -4.5393e0
  24  54     -4.3750e0      1.0008e1    -1.7489e1     -4.4978e0
  24  55     -4.2500e0      1.0133e1    -1.7323e1     -4.4563e0
  24  56     -4.1250e0      1.0258e1    -1.7156e1     -4.4148e0
  24  57     -4.0000e0      1.0383e1    -1.6990e1     -4.3733e0
  24  58     -3.8750e0      1.0508e1    -1.6823e1     -4.3318e0
  24  59     -3.7500e0      1.0633e1    -1.6657e1     -4.2904e0
  24  60     -3.6250e0      1.0758e1    -1.6491e1     -4.2490e0
  24  61     -3.5000e0      1.0883e1    -1.6324e1     -4.2076e0
  24  62     -3.3750e0      1.1008e1    -1.6158e1     -4.1663e0
  24  63     -3.2500e0      1.1133e1    -1.5992e1     -4.1250e0
  24  64     -3.1250e0      1.1258e1    -1.5825e1     -4.0839e0
  24  65     -3.0000e0      1.1383e1    -1.5659e1     -4.0428e0
  24  66     -2.8750e0      1.1508e1    -1.5493e1     -4.0018e0
  24  67     -2.7500e0      1.1633e1    -1.5328e1     -3.9610e0
  24  68     -2.6250e0      1.1758e1    -1.5162e1     -3.9203e0
  24  69     -2.5000e0      1.1883e1    -1.4996e1     -3.8799e0
  24  70     -2.3750e0      1.2008e1    -1.4831e1     -3.8397e0
  24  71     -2.2500e0      1.2133e1    -1.4666e1     -3.7997e0
  24  72     -2.1250e0      1.2258e1    -1.4502e1     -3.7601e0
  24  73     -2.0000e0      1.2383e1    -1.4337e1     -3.7209e0
  24  74     -1.8750e0      1.2508e1    -1.4174e1     -3.6821e0
  24  75     -1.7500e0      1.2633e1    -1.4011e1     -3.6439e0
  24  76     -1.6250e0      1.2758e1    -1.3848e1     -3.6064e0
  24  77     -1.5000e0      1.2883e1    -1.3686e1     -3.5696e0
  24  78     -1.3750e0      1.3008e1    -1.3525e1     -3.5338e0
  24  79     -1.2500e0      1.3133e1    -1.3366e1     -3.4991e0
  24  80     -1.1250e0      1.3258e1    -1.3207e1     -3.4656e0
  24  81     -1.0000e0      1.3383e1    -1.3050e1     -3.4337e0
  24  82    -8.7501e-1      1.3508e1    -1.2895e1     -3.4035e0
  24  83    -7.5001e-1      1.3633e1    -1.2742e1     -3.3753e0
  24  84    -6.2501e-1      1.3758e1    -1.2591e1     -3.3496e0
  24  85    -5.0001e-1      1.3883e1    -1.2443e1     -3.3266e0
  24  86    -3.7501e-1      1.4008e1    -1.2299e1     -3.3069e0
  24  87    -2.5001e-1      1.4133e1    -1.2157e1     -3.2908e0
  24  88    -1.2501e-1      1.4258e1    -1.2021e1     -3.2789e0
  24  89    -1.3724e-5      1.4383e1    -1.1888e1     -3.2717e0
  24  90     1.2499e-1      1.4508e1    -1.1761e1     -3.2697e0
  24  91     2.4999e-1      1.4633e1    -1.1640e1     -3.2735e0
  24  92     3.7499e-1      1.4758e1    -1.1525e1     -3.2838e0
  24  93     4.9999e-1      1.4883e1    -1.1418e1     -3.3011e0
  24  94     6.2499e-1      1.5008e1    -1.1318e1     -3.3263e0
  24  95     7.4999e-1      1.5133e1    -1.1227e1     -3.3599e0
  24  96     8.7499e-1      1.5258e1    -1.1144e1     -3.4027e0
  24  97     9.9999e-1      1.5383e1    -1.1072e1     -3.4553e0
  24  98      1.1250e0      1.5508e1    -1.1010e1     -3.5182e0
  24  99      1.2500e0      1.5633e1    -1.0958e1     -3.5919e0
  24 100      1.3750e0      1.5758e1    -1.0918e1     -3.6767e0
  24 101      1.5000e0      1.5883e1    -1.0889e1     -3.7729e0
  24 102      1.6250e0      1.6008e1    -1.0872e1     -3.8806e0
  24 103      1.7500e0      1.6133e1    -1.0866e1     -3.9998e0
  24 104      1.8750e0      1.6258e1    -1.0872e1     -4.1302e0
  24 105      2.0000e0      1.6383e1    -1.0888e1     -4.2716e0
  24 106      2.1250e0      1.6508e1    -1.0915e1     -4.4231e0
  24 107      2.2500e0      1.6633e1    -1.0950e1     -4.5836e0
  24 108      2.3750e0      1.6758e1    -1.0993e1     -4.7517e0
  24 109      2.5000e0      1.6883e1    -1.1042e1     -4.9253e0
  24 110      2.6250e0      1.7008e1    -1.1094e1     -5.1019e0
  24 111      2.7500e0      1.7133e1    -1.1145e1     -5.2786e0
  24 112      2.8750e0      1.7258e1    -1.1194e1     -5.4525e0
  24 113      3.0000e0      1.7383e1    -1.1238e1     -5.6211e0
  24 114      3.1250e0      1.7508e1    -1.1274e1     -5.7829e0
  24 115      3.2500e0      1.7633e1    -1.1304e1     -5.9376e0
  24 116      3.3750e0      1.7758e1    -1.1328e1     -6.0864e0
  24 117      3.5000e0      1.7883e1    -1.1348e1     -6.2310e0
  24 118      3.6250e0      1.8008e1    -1.1365e1     -6.3734e0
  24 119      3.7500e0      1.8133e1    -1.1382e1     -6.5152e0
  24 120      3.8750e0      1.8258e1    -1.1398e1     -6.6569e0
  24 121      4.0000e0      1.8383e1    -1.1415e1     -6.7985e0
  24 122      4.1250e0      1.8508e1    -1.1431e1     -6.9394e0
  24 123      4.2500e0      1.8633e1    -1.1446e1     -7.0792e0
  24 124      4.3750e0      1.8758e1    -1.1459e1     -7.2177e0
  24 125      4.5000e0      1.8883e1    -1.1472e1     -7.3552e0
  24 126      4.6250e0      1.9008e1    -1.1484e1     -7.4921e0
  24 127      4.7500e0      1.9133e1    -1.1496e1     -7.6290e0
  24 128      4.8750e0      1.9258e1    -1.1508e1     -7.7661e0
  24 129      5.0000e0      1.9383e1    -1.1520e1     -7.9034e0
  24 130      5.1250e0      1.9508e1    -1.1533e1     -8.0411e0
  24 131      5.2500e0      1.9633e1    -1.1546e1     -8.1790e0
  24 132      5.3750e0      1.9758e1    -1.1559e1     -8.3171e0
  24 133      5.5000e0      1.9883e1    -1.1572e1     -8.4553e0
  24 134      5.6250e0      2.0008e1    -1.1585e1     -8.5935e0
  24 135      5.7500e0      2.0133e1    -1.1598e1     -8.7315e0
  24 136      5.8750e0      2.0258e1    -1.1611e1     -8.8694e0
  24 137      6.0000e0      2.0383e1    -1.1624e1     -9.0072e0
  24 138      6.1250e0      2.0508e1    -1.1637e1     -9.1450e0
  24 139      6.2500e0      2.0633e1    -1.1649e1     -9.2828e0
  24 140      6.3750e0      2.0758e1    -1.1662e1     -9.4208e0
  24 141      6.5000e0      2.0883e1    -1.1676e1     -9.5590e0
  24 142      6.6250e0      2.1008e1    -1.1689e1     -9.6973e0
  24 143      6.7500e0      2.1133e1    -1.1703e1     -9.8360e0
  24 144      6.8750e0      2.1258e1    -1.1717e1     -9.9752e0
  24 145      7.0000e0      2.1383e1    -1.1732e1     -1.0115e1
  24 146      7.1250e0      2.1508e1    -1.1747e1     -1.0256e1
  24 147      7.2500e0      2.1633e1    -1.1763e1     -1.0396e1
  24 148      7.3750e0      2.1758e1    -1.1778e1     -1.0537e1
  24 149      7.5000e0      2.1883e1    -1.1793e1     -1.0677e1
  24 150      7.6250e0      2.2008e1    -1.1808e1     -1.0817e1
  24 151      7.7500e0      2.2133e1    -1.1823e1     -1.0956e1
  24 152      7.8750e0      2.2258e1    -1.1837e1     -1.1096e1
  24 153      8.0000e0      2.2383e1    -1.1852e1     -1.1235e1
  24 154      8.1250e0      2.2508e1    -1.1866e1     -1.1374e1
  24 155      8.2500e0      2.2633e1    -1.1880e1     -1.1513e1
  24 156      8.3750e0      2.2758e1    -1.1894e1     -1.1652e1
  24 157      8.5000e0      2.2883e1    -1.1908e1     -1.1791e1
  24 158      8.6250e0      2.3008e1    -1.1921e1     -1.1930e1
  24 159      8.7500e0      2.3133e1    -1.1936e1     -1.2069e1
  24 160      8.8750e0      2.3258e1    -1.1951e1     -1.2209e1
  24 161      9.0000e0      2.3383e1    -1.1966e1     -1.2350e1
  24 162      9.1250e0      2.3508e1    -1.1982e1     -1.2491e1
  24 163      9.2500e0      2.3633e1    -1.1998e1     -1.2632e1
  24 164      9.3750e0      2.3758e1    -1.2014e1     -1.2772e1
  24 165      9.5000e0      2.3883e1    -1.2029e1     -1.2912e1
  24 166      9.6250e0      2.4008e1    -1.2043e1     -1.3052e1
  24 167      9.7500e0      2.4133e1    -1.2058e1     -1.3191e1
  24 168      9.8750e0      2.4258e1    -1.2072e1     -1.3330e1
  24 169      1.0000e1      2.4383e1    -1.2086e1     -1.3469e1
  24 170      1.0125e1      2.4508e1    -1.2100e1     -1.3609e1
  24 171      1.0250e1      2.4633e1    -1.2114e1     -1.3748e1
  24 172      1.0375e1      2.4758e1    -1.2128e1     -1.3887e1
  24 173      1.0500e1      2.4883e1    -1.2143e1     -1.4026e1
  24 174      1.0625e1      2.5008e1    -1.2157e1     -1.4166e1
  24 175      1.0750e1      2.5133e1    -1.2173e1     -1.4306e1
  24 176      1.0875e1      2.5258e1    -1.2188e1     -1.4447e1
  24 177      1.1000e1      2.5383e1    -1.2205e1     -1.4588e1
  24 178      1.1125e1      2.5508e1    -1.2222e1     -1.4731e1
  24 179      1.1250e1      2.5633e1    -1.2240e1     -1.4873e1
  24 180      1.1375e1      2.5758e1    -1.2257e1     -1.5016e1
  24 181      1.1500e1      2.5883e1    -1.2274e1     -1.5158e1
  24 182      1.1625e1      2.6008e1    -1.2291e1     -1.5299e1
  24 183      1.1750e1      2.6133e1    -1.2308e1     -1.5442e1
  24 184      1.1875e1      2.6258e1    -1.2326e1     -1.5584e1
  24 185      1.2000e1      2.6383e1    -1.2344e1     -1.5727e1
  24 186      1.2125e1      2.6508e1    -1.2362e1     -1.5870e1
  24 187      1.2250e1      2.6633e1    -1.2380e1     -1.6014e1
  24 188      1.2375e1      2.6758e1    -1.2399e1     -1.6157e1
  24 189      1.2500e1      2.6883e1    -1.2417e1     -1.6300e1
  24 190      1.2625e1      2.7008e1    -1.2436e1     -1.6444e1
  24 191      1.2750e1      2.7133e1    -1.2456e1     -1.6590e1
  24 192      1.2875e1      2.7258e1    -1.2479e1     -1.6738e1
  24 193      1.3000e1      2.7383e1    -1.2505e1     -1.6889e1
  24 194      1.3125e1      2.7508e1    -1.2534e1     -1.7043e1
  24 195      1.3250e1      2.7633e1    -1.2567e1     -1.7200e1
  24 196      1.3375e1      2.7758e1    -1.2601e1     -1.7360e1
  24 197      1.3500e1      2.7883e1    -1.2638e1     -1.7521e1
  24 198      1.3625e1      2.8008e1    -1.2677e1     -1.7685e1
  24 199      1.3750e1      2.8133e1    -1.2718e1     -1.7852e1
  24 200      1.3875e1      2.8258e1    -1.2763e1     -1.8022e1
  24 201      1.4000e1      2.8383e1    -1.2811e1     -1.8195e1
  24 202      1.4125e1      2.8508e1    -1.2864e1     -1.8372e1
  24 203      1.4250e1      2.8633e1    -1.2921e1     -1.8554e1
  24 204      1.4375e1      2.8758e1    -1.2985e1     -1.8743e1
  24 205      1.4500e1      2.8883e1    -1.3057e1     -1.8941e1
  24 206      1.4625e1      2.9008e1    -1.3138e1     -1.9147e1
  24 207      1.4750e1      2.9133e1    -1.3227e1     -1.9360e1
  24 208      1.4875e1      2.9258e1    -1.3321e1     -1.9580e1
  24 209      1.5000e1      2.9383e1    -1.3419e1     -1.9802e1
            log10(eV)     log10(Hz)    log10(nuFnu)  log10(Jy)

i_tm =  25;  t_obs =      2.721e3
  25   1     -1.1000e1      3.3834e0    -2.6275e1     -6.6582e0
  25   2     -1.0875e1      3.5084e0    -2.6108e1     -6.6165e0
  25   3     -1.0750e1      3.6334e0    -2.5941e1     -6.5749e0
  25   4     -1.0625e1      3.7584e0    -2.5775e1     -6.5332e0
  25   5     -1.0500e1      3.8834e0    -2.5608e1     -6.4915e0
  25   6     -1.0375e1      4.0084e0    -2.5441e1     -6.4499e0
  25   7     -1.0250e1      4.1334e0    -2.5275e1     -6.4082e0
  25   8     -1.0125e1      4.2584e0    -2.5108e1     -6.3665e0
  25   9     -1.0000e1      4.3834e0    -2.4941e1     -6.3249e0
  25  10     -9.8750e0      4.5084e0    -2.4775e1     -6.2832e0
  25  11     -9.7500e0      4.6334e0    -2.4608e1     -6.2415e0
  25  12     -9.6250e0      4.7584e0    -2.4441e1     -6.1999e0
  25  13     -9.5000e0      4.8834e0    -2.4275e1     -6.1582e0
  25  14     -9.3750e0      5.0084e0    -2.4108e1     -6.1165e0
  25  15     -9.2500e0      5.1334e0    -2.3941e1     -6.0749e0
  25  16     -9.1250e0      5.2584e0    -2.3775e1     -6.0332e0
  25  17     -9.0000e0      5.3834e0    -2.3608e1     -5.9915e0
  25  18     -8.8750e0      5.5084e0    -2.3441e1     -5.9499e0
  25  19     -8.7500e0      5.6334e0    -2.3275e1     -5.9082e0
  25  20     -8.6250e0      5.7584e0    -2.3108e1     -5.8665e0
  25  21     -8.5000e0      5.8834e0    -2.2941e1     -5.8249e0
  25  22     -8.3750e0      6.0084e0    -2.2775e1     -5.7832e0
  25  23     -8.2500e0      6.1334e0    -2.2608e1     -5.7416e0
  25  24     -8.1250e0      6.2584e0    -2.2441e1     -5.6999e0
  25  25     -8.0000e0      6.3834e0    -2.2275e1     -5.6582e0
  25  26     -7.8750e0      6.5084e0    -2.2108e1     -5.6166e0
  25  27     -7.7500e0      6.6334e0    -2.1941e1     -5.5749e0
  25  28     -7.6250e0      6.7584e0    -2.1775e1     -5.5332e0
  25  29     -7.5000e0      6.8834e0    -2.1608e1     -5.4916e0
  25  30     -7.3750e0      7.0084e0    -2.1442e1     -5.4499e0
  25  31     -7.2500e0      7.1334e0    -2.1275e1     -5.4083e0
  25  32     -7.1250e0      7.2584e0    -2.1108e1     -5.3666e0
  25  33     -7.0000e0      7.3834e0    -2.0942e1     -5.3250e0
  25  34     -6.8750e0      7.5084e0    -2.0775e1     -5.2833e0
  25  35     -6.7500e0      7.6334e0    -2.0608e1     -5.2417e0
  25  36     -6.6250e0      7.7584e0    -2.0442e1     -5.2001e0
  25  37     -6.5000e0      7.8834e0    -2.0275e1     -5.1585e0
  25  38     -6.3750e0      8.0084e0    -2.0108e1     -5.1169e0
  25  39     -6.2500e0      8.1334e0    -1.9942e1     -5.0753e0
  25  40     -6.1250e0      8.2584e0    -1.9775e1     -5.0338e0
  25  41     -6.0000e0      8.3834e0    -1.9609e1     -4.9922e0
  25  42     -5.8750e0      8.5084e0    -1.9442e1     -4.9507e0
  25  43     -5.7500e0      8.6334e0    -1.9276e1     -4.9093e0
  25  44     -5.6250e0      8.7584e0    -1.9109e1     -4.8678e0
  25  45     -5.5000e0      8.8834e0    -1.8943e1     -4.8264e0
  25  46     -5.3750e0      9.0084e0    -1.8777e1     -4.7850e0
  25  47     -5.2500e0      9.1334e0    -1.8610e1     -4.7436e0
  25  48     -5.1250e0      9.2584e0    -1.8444e1     -4.7022e0
  25  49     -5.0000e0      9.3834e0    -1.8277e1     -4.6608e0
  25  50     -4.8750e0      9.5084e0    -1.8111e1     -4.6193e0
  25  51     -4.7500e0      9.6334e0    -1.7944e1     -4.5779e0
  25  52     -4.6250e0      9.7584e0    -1.7778e1     -4.5364e0
  25  53     -4.5000e0      9.8834e0    -1.7612e1     -4.4949e0
  25  54     -4.3750e0      1.0008e1    -1.7445e1     -4.4534e0
  25  55     -4.2500e0      1.0133e1    -1.7279e1     -4.4120e0
  25  56     -4.1250e0      1.0258e1    -1.7112e1     -4.3705e0
  25  57     -4.0000e0      1.0383e1    -1.6946e1     -4.3290e0
  25  58     -3.8750e0      1.0508e1    -1.6779e1     -4.2875e0
  25  59     -3.7500e0      1.0633e1    -1.6613e1     -4.2461e0
  25  60     -3.6250e0      1.0758e1    -1.6446e1     -4.2047e0
  25  61     -3.5000e0      1.0883e1    -1.6280e1     -4.1634e0
  25  62     -3.3750e0      1.1008e1    -1.6114e1     -4.1222e0
  25  63     -3.2500e0      1.1133e1    -1.5948e1     -4.0810e0
  25  64     -3.1250e0      1.1258e1    -1.5782e1     -4.0400e0
  25  65     -3.0000e0      1.1383e1    -1.5616e1     -3.9990e0
  25  66     -2.8750e0      1.1508e1    -1.5450e1     -3.9582e0
  25  67     -2.7500e0      1.1633e1    -1.5284e1     -3.9175e0
  25  68     -2.6250e0      1.1758e1    -1.5119e1     -3.8771e0
  25  69     -2.5000e0      1.1883e1    -1.4954e1     -3.8369e0
  25  70     -2.3750e0      1.2008e1    -1.4789e1     -3.7970e0
  25  71     -2.2500e0      1.2133e1    -1.4624e1     -3.7574e0
  25  72     -2.1250e0      1.2258e1    -1.4460e1     -3.7182e0
  25  73     -2.0000e0      1.2383e1    -1.4296e1     -3.6795e0
  25  74     -1.8750e0      1.2508e1    -1.4133e1     -3.6414e0
  25  75     -1.7500e0      1.2633e1    -1.3970e1     -3.6039e0
  25  76     -1.6250e0      1.2758e1    -1.3809e1     -3.5672e0
  25  77     -1.5000e0      1.2883e1    -1.3648e1     -3.5315e0
  25  78     -1.3750e0      1.3008e1    -1.3488e1     -3.4968e0
  25  79     -1.2500e0      1.3133e1    -1.3330e1     -3.4635e0
  25  80     -1.1250e0      1.3258e1    -1.3173e1     -3.4317e0
  25  81     -1.0000e0      1.3383e1    -1.3018e1     -3.4017e0
  25  82    -8.7501e-1      1.3508e1    -1.2865e1     -3.3737e0
  25  83    -7.5001e-1      1.3633e1    -1.2715e1     -3.3482e0
  25  84    -6.2501e-1      1.3758e1    -1.2567e1     -3.3255e0
  25  85    -5.0001e-1      1.3883e1    -1.2423e1     -3.3060e0
  25  86    -3.7501e-1      1.4008e1    -1.2282e1     -3.2902e0
  25  87    -2.5001e-1      1.4133e1    -1.2145e1     -3.2786e0
  25  88    -1.2501e-1      1.4258e1    -1.2013e1     -3.2718e0
  25  89    -1.3724e-5      1.4383e1    -1.1887e1     -3.2702e0
  25  90     1.2499e-1      1.4508e1    -1.1766e1     -3.2745e0
  25  91     2.4999e-1      1.4633e1    -1.1652e1     -3.2852e0
  25  92     3.7499e-1      1.4758e1    -1.1545e1     -3.3030e0
  25  93     4.9999e-1      1.4883e1    -1.1445e1     -3.3287e0
  25  94     6.2499e-1      1.5008e1    -1.1354e1     -3.3628e0
  25  95     7.4999e-1      1.5133e1    -1.1273e1     -3.4061e0
  25  96     8.7499e-1      1.5258e1    -1.1201e1     -3.4592e0
  25  97     9.9999e-1      1.5383e1    -1.1139e1     -3.5226e0
  25  98      1.1250e0      1.5508e1    -1.1088e1     -3.5967e0
  25  99      1.2500e0      1.5633e1    -1.1049e1     -3.6820e0
  25 100      1.3750e0      1.5758e1    -1.1020e1     -3.7786e0
  25 101      1.5000e0      1.5883e1    -1.1003e1     -3.8866e0
  25 102      1.6250e0      1.6008e1    -1.0998e1     -4.0061e0
  25 103      1.7500e0      1.6133e1    -1.1003e1     -4.1368e0
  25 104      1.8750e0      1.6258e1    -1.1020e1     -4.2782e0
  25 105      2.0000e0      1.6383e1    -1.1046e1     -4.4296e0
  25 106      2.1250e0      1.6508e1    -1.1081e1     -4.5898e0
  25 107      2.2500e0      1.6633e1    -1.1124e1     -4.7573e0
  25 108      2.3750e0      1.6758e1    -1.1172e1     -4.9299e0
  25 109      2.5000e0      1.6883e1    -1.1221e1     -5.1049e0
  25 110      2.6250e0      1.7008e1    -1.1271e1     -5.2791e0
  25 111      2.7500e0      1.7133e1    -1.1316e1     -5.4495e0
  25 112      2.8750e0      1.7258e1    -1.1356e1     -5.6140e0
  25 113      3.0000e0      1.7383e1    -1.1388e1     -5.7714e0
  25 114      3.1250e0      1.7508e1    -1.1414e1     -5.9221e0
  25 115      3.2500e0      1.7633e1    -1.1434e1     -6.0672e0
  25 116      3.3750e0      1.7758e1    -1.1450e1     -6.2085e0
  25 117      3.5000e0      1.7883e1    -1.1465e1     -6.3480e0
  25 118      3.6250e0      1.8008e1    -1.1479e1     -6.4873e0
  25 119      3.7500e0      1.8133e1    -1.1494e1     -6.6272e0
  25 120      3.8750e0      1.8258e1    -1.1510e1     -6.7680e0
  25 121      4.0000e0      1.8383e1    -1.1526e1     -6.9090e0
  25 122      4.1250e0      1.8508e1    -1.1541e1     -7.0498e0
  25 123      4.2500e0      1.8633e1    -1.1556e1     -7.1896e0
  25 124      4.3750e0      1.8758e1    -1.1570e1     -7.3284e0
  25 125      4.5000e0      1.8883e1    -1.1583e1     -7.4665e0
  25 126      4.6250e0      1.9008e1    -1.1596e1     -7.6042e0
  25 127      4.7500e0      1.9133e1    -1.1609e1     -7.7421e0
  25 128      4.8750e0      1.9258e1    -1.1622e1     -7.8801e0
  25 129      5.0000e0      1.9383e1    -1.1635e1     -8.0184e0
  25 130      5.1250e0      1.9508e1    -1.1649e1     -8.1570e0
  25 131      5.2500e0      1.9633e1    -1.1662e1     -8.2956e0
  25 132      5.3750e0      1.9758e1    -1.1676e1     -8.4344e0
  25 133      5.5000e0      1.9883e1    -1.1690e1     -8.5731e0
  25 134      5.6250e0      2.0008e1    -1.1703e1     -8.7117e0
  25 135      5.7500e0      2.0133e1    -1.1717e1     -8.8500e0
  25 136      5.8750e0      2.0258e1    -1.1730e1     -8.9881e0
  25 137      6.0000e0      2.0383e1    -1.1743e1     -9.1260e0
  25 138      6.1250e0      2.0508e1    -1.1756e1     -9.2640e0
  25 139      6.2500e0      2.0633e1    -1.1769e1     -9.4021e0
  25 140      6.3750e0      2.0758e1    -1.1782e1     -9.5405e0
  25 141      6.5000e0      2.0883e1    -1.1796e1     -9.6791e0
  25 142      6.6250e0      2.1008e1    -1.1809e1     -9.8178e0
  25 143      6.7500e0      2.1133e1    -1.1823e1     -9.9568e0
  25 144      6.8750e0      2.1258e1    -1.1838e1     -1.0096e1
  25 145      7.0000e0      2.1383e1    -1.1853e1     -1.0237e1
  25 146      7.1250e0      2.1508e1    -1.1869e1     -1.0377e1
  25 147      7.2500e0      2.1633e1    -1.1884e1     -1.0518e1
  25 148      7.3750e0      2.1758e1    -1.1900e1     -1.0658e1
  25 149      7.5000e0      2.1883e1    -1.1914e1     -1.0798e1
  25 150      7.6250e0      2.2008e1    -1.1929e1     -1.0937e1
  25 151      7.7500e0      2.2133e1    -1.1943e1     -1.1076e1
  25 152      7.8750e0      2.2258e1    -1.1957e1     -1.1216e1
  25 153      8.0000e0      2.2383e1    -1.1971e1     -1.1354e1
  25 154      8.1250e0      2.2508e1    -1.1985e1     -1.1493e1
  25 155      8.2500e0      2.2633e1    -1.1998e1     -1.1632e1
  25 156      8.3750e0      2.2758e1    -1.2012e1     -1.1770e1
  25 157      8.5000e0      2.2883e1    -1.2026e1     -1.1909e1
  25 158      8.6250e0      2.3008e1    -1.2040e1     -1.2048e1
  25 159      8.7500e0      2.3133e1    -1.2054e1     -1.2187e1
  25 160      8.8750e0      2.3258e1    -1.2069e1     -1.2327e1
  25 161      9.0000e0      2.3383e1    -1.2084e1     -1.2468e1
  25 162      9.1250e0      2.3508e1    -1.2100e1     -1.2609e1
  25 163      9.2500e0      2.3633e1    -1.2116e1     -1.2749e1
  25 164      9.3750e0      2.3758e1    -1.2131e1     -1.2890e1
  25 165      9.5000e0      2.3883e1    -1.2146e1     -1.3029e1
  25 166      9.6250e0      2.4008e1    -1.2160e1     -1.3169e1
  25 167      9.7500e0      2.4133e1    -1.2174e1     -1.3308e1
  25 168      9.8750e0      2.4258e1    -1.2188e1     -1.3447e1
  25 169      1.0000e1      2.4383e1    -1.2202e1     -1.3586e1
  25 170      1.0125e1      2.4508e1    -1.2216e1     -1.3725e1
  25 171      1.0250e1      2.4633e1    -1.2230e1     -1.3864e1
  25 172      1.0375e1      2.4758e1    -1.2244e1     -1.4003e1
  25 173      1.0500e1      2.4883e1    -1.2259e1     -1.4142e1
  25 174      1.0625e1      2.5008e1    -1.2274e1     -1.4282e1
  25 175      1.0750e1      2.5133e1    -1.2289e1     -1.4422e1
  25 176      1.0875e1      2.5258e1    -1.2305e1     -1.4563e1
  25 177      1.1000e1      2.5383e1    -1.2322e1     -1.4705e1
  25 178      1.1125e1      2.5508e1    -1.2339e1     -1.4847e1
  25 179      1.1250e1      2.5633e1    -1.2356e1     -1.4989e1
  25 180      1.1375e1      2.5758e1    -1.2372e1     -1.5131e1
  25 181      1.1500e1      2.5883e1    -1.2389e1     -1.5272e1
  25 182      1.1625e1      2.6008e1    -1.2406e1     -1.5414e1
  25 183      1.1750e1      2.6133e1    -1.2423e1     -1.5556e1
  25 184      1.1875e1      2.6258e1    -1.2440e1     -1.5699e1
  25 185      1.2000e1      2.6383e1    -1.2459e1     -1.5842e1
  25 186      1.2125e1      2.6508e1    -1.2477e1     -1.5985e1
  25 187      1.2250e1      2.6633e1    -1.2495e1     -1.6129e1
  25 188      1.2375e1      2.6758e1    -1.2514e1     -1.6272e1
  25 189      1.2500e1      2.6883e1    -1.2533e1     -1.6416e1
  25 190      1.2625e1      2.7008e1    -1.2552e1     -1.6560e1
  25 191      1.2750e1      2.7133e1    -1.2572e1     -1.6706e1
  25 192      1.2875e1      2.7258e1    -1.2596e1     -1.6854e1
  25 193      1.3000e1      2.7383e1    -1.2622e1     -1.7005e1
  25 194      1.3125e1      2.7508e1    -1.2651e1     -1.7160e1
  25 195      1.3250e1      2.7633e1    -1.2683e1     -1.7317e1
  25 196      1.3375e1      2.7758e1    -1.2717e1     -1.7476e1
  25 197      1.3500e1      2.7883e1    -1.2754e1     -1.7637e1
  25 198      1.3625e1      2.8008e1    -1.2792e1     -1.7801e1
  25 199      1.3750e1      2.8133e1    -1.2833e1     -1.7967e1
  25 200      1.3875e1      2.8258e1    -1.2877e1     -1.8135e1
  25 201      1.4000e1      2.8383e1    -1.2924e1     -1.8307e1
  25 202      1.4125e1      2.8508e1    -1.2975e1     -1.8484e1
  25 203      1.4250e1      2.8633e1    -1.3032e1     -1.8665e1
  25 204      1.4375e1      2.8758e1    -1.3097e1     -1.8855e1
  25 205      1.4500e1      2.8883e1    -1.3171e1     -1.9055e1
  25 206      1.4625e1      2.9008e1    -1.3258e1     -1.9266e1
  25 207      1.4750e1      2.9133e1    -1.3356e1     -1.9489e1
  25 208      1.4875e1      2.9258e1    -1.3463e1     -1.9721e1
  25 209      1.5000e1      2.9383e1    -1.3576e1     -1.9959e1
            log10(eV)     log10(Hz)    log10(nuFnu)  log10(Jy)

i_tm =  26;  t_obs =      3.437e3
  26   1     -1.1000e1      3.3834e0    -2.6230e1     -6.6132e0
  26   2     -1.0875e1      3.5084e0    -2.6063e1     -6.5715e0
  26   3     -1.0750e1      3.6334e0    -2.5896e1     -6.5299e0
  26   4     -1.0625e1      3.7584e0    -2.5730e1     -6.4882e0
  26   5     -1.0500e1      3.8834e0    -2.5563e1     -6.4465e0
  26   6     -1.0375e1      4.0084e0    -2.5396e1     -6.4049e0
  26   7     -1.0250e1      4.1334e0    -2.5230e1     -6.3632e0
  26   8     -1.0125e1      4.2584e0    -2.5063e1     -6.3215e0
  26   9     -1.0000e1      4.3834e0    -2.4896e1     -6.2799e0
  26  10     -9.8750e0      4.5084e0    -2.4730e1     -6.2382e0
  26  11     -9.7500e0      4.6334e0    -2.4563e1     -6.1965e0
  26  12     -9.6250e0      4.7584e0    -2.4396e1     -6.1549e0
  26  13     -9.5000e0      4.8834e0    -2.4230e1     -6.1132e0
  26  14     -9.3750e0      5.0084e0    -2.4063e1     -6.0715e0
  26  15     -9.2500e0      5.1334e0    -2.3896e1     -6.0299e0
  26  16     -9.1250e0      5.2584e0    -2.3730e1     -5.9882e0
  26  17     -9.0000e0      5.3834e0    -2.3563e1     -5.9465e0
  26  18     -8.8750e0      5.5084e0    -2.3396e1     -5.9049e0
  26  19     -8.7500e0      5.6334e0    -2.3230e1     -5.8632e0
  26  20     -8.6250e0      5.7584e0    -2.3063e1     -5.8215e0
  26  21     -8.5000e0      5.8834e0    -2.2896e1     -5.7799e0
  26  22     -8.3750e0      6.0084e0    -2.2730e1     -5.7382e0
  26  23     -8.2500e0      6.1334e0    -2.2563e1     -5.6965e0
  26  24     -8.1250e0      6.2584e0    -2.2396e1     -5.6549e0
  26  25     -8.0000e0      6.3834e0    -2.2230e1     -5.6132e0
  26  26     -7.8750e0      6.5084e0    -2.2063e1     -5.5715e0
  26  27     -7.7500e0      6.6334e0    -2.1896e1     -5.5299e0
  26  28     -7.6250e0      6.7584e0    -2.1730e1     -5.4882e0
  26  29     -7.5000e0      6.8834e0    -2.1563e1     -5.4466e0
  26  30     -7.3750e0      7.0084e0    -2.1397e1     -5.4049e0
  26  31     -7.2500e0      7.1334e0    -2.1230e1     -5.3633e0
  26  32     -7.1250e0      7.2584e0    -2.1063e1     -5.3216e0
  26  33     -7.0000e0      7.3834e0    -2.0897e1     -5.2800e0
  26  34     -6.8750e0      7.5084e0    -2.0730e1     -5.2383e0
  26  35     -6.7500e0      7.6334e0    -2.0563e1     -5.1967e0
  26  36     -6.6250e0      7.7584e0    -2.0397e1     -5.1551e0
  26  37     -6.5000e0      7.8834e0    -2.0230e1     -5.1135e0
  26  38     -6.3750e0      8.0084e0    -2.0064e1     -5.0720e0
  26  39     -6.2500e0      8.1334e0    -1.9897e1     -5.0304e0
  26  40     -6.1250e0      8.2584e0    -1.9731e1     -4.9889e0
  26  41     -6.0000e0      8.3834e0    -1.9564e1     -4.9474e0
  26  42     -5.8750e0      8.5084e0    -1.9398e1     -4.9059e0
  26  43     -5.7500e0      8.6334e0    -1.9231e1     -4.8645e0
  26  44     -5.6250e0      8.7584e0    -1.9065e1     -4.8231e0
  26  45     -5.5000e0      8.8834e0    -1.8898e1     -4.7817e0
  26  46     -5.3750e0      9.0084e0    -1.8732e1     -4.7403e0
  26  47     -5.2500e0      9.1334e0    -1.8565e1     -4.6989e0
  26  48     -5.1250e0      9.2584e0    -1.8399e1     -4.6574e0
  26  49     -5.0000e0      9.3834e0    -1.8233e1     -4.6160e0
  26  50     -4.8750e0      9.5084e0    -1.8066e1     -4.5745e0
  26  51     -4.7500e0      9.6334e0    -1.7900e1     -4.5331e0
  26  52     -4.6250e0      9.7584e0    -1.7733e1     -4.4916e0
  26  53     -4.5000e0      9.8834e0    -1.7567e1     -4.4501e0
  26  54     -4.3750e0      1.0008e1    -1.7400e1     -4.4086e0
  26  55     -4.2500e0      1.0133e1    -1.7234e1     -4.3671e0
  26  56     -4.1250e0      1.0258e1    -1.7067e1     -4.3257e0
  26  57     -4.0000e0      1.0383e1    -1.6901e1     -4.2842e0
  26  58     -3.8750e0      1.0508e1    -1.6734e1     -4.2428e0
  26  59     -3.7500e0      1.0633e1    -1.6568e1     -4.2014e0
  26  60     -3.6250e0      1.0758e1    -1.6402e1     -4.1601e0
  26  61     -3.5000e0      1.0883e1    -1.6235e1     -4.1189e0
  26  62     -3.3750e0      1.1008e1    -1.6069e1     -4.0777e0
  26  63     -3.2500e0      1.1133e1    -1.5903e1     -4.0367e0
  26  64     -3.1250e0      1.1258e1    -1.5737e1     -3.9957e0
  26  65     -3.0000e0      1.1383e1    -1.5572e1     -3.9549e0
  26  66     -2.8750e0      1.1508e1    -1.5406e1     -3.9143e0
  26  67     -2.7500e0      1.1633e1    -1.5240e1     -3.8739e0
  26  68     -2.6250e0      1.1758e1    -1.5075e1     -3.8337e0
  26  69     -2.5000e0      1.1883e1    -1.4910e1     -3.7938e0
  26  70     -2.3750e0      1.2008e1    -1.4746e1     -3.7543e0
  26  71     -2.2500e0      1.2133e1    -1.4582e1     -3.7151e0
  26  72     -2.1250e0      1.2258e1    -1.4418e1     -3.6765e0
  26  73     -2.0000e0      1.2383e1    -1.4255e1     -3.6384e0
  26  74     -1.8750e0      1.2508e1    -1.4093e1     -3.6010e0
  26  75     -1.7500e0      1.2633e1    -1.3931e1     -3.5644e0
  26  76     -1.6250e0      1.2758e1    -1.3770e1     -3.5288e0
  26  77     -1.5000e0      1.2883e1    -1.3611e1     -3.4943e0
  26  78     -1.3750e0      1.3008e1    -1.3453e1     -3.4611e0
  26  79     -1.2500e0      1.3133e1    -1.3296e1     -3.4294e0
  26  80     -1.1250e0      1.3258e1    -1.3141e1     -3.3996e0
  26  81     -1.0000e0      1.3383e1    -1.2988e1     -3.3718e0
  26  82    -8.7501e-1      1.3508e1    -1.2838e1     -3.3466e0
  26  83    -7.5001e-1      1.3633e1    -1.2691e1     -3.3241e0
  26  84    -6.2501e-1      1.3758e1    -1.2547e1     -3.3050e0
  26  85    -5.0001e-1      1.3883e1    -1.2406e1     -3.2895e0
  26  86    -3.7501e-1      1.4008e1    -1.2270e1     -3.2783e0
  26  87    -2.5001e-1      1.4133e1    -1.2139e1     -3.2719e0
  26  88    -1.2501e-1      1.4258e1    -1.2012e1     -3.2708e0
  26  89    -1.3724e-5      1.4383e1    -1.1892e1     -3.2756e0
  26  90     1.2499e-1      1.4508e1    -1.1778e1     -3.2869e0
  26  91     2.4999e-1      1.4633e1    -1.1672e1     -3.3053e0
  26  92     3.7499e-1      1.4758e1    -1.1573e1     -3.3315e0
  26  93     4.9999e-1      1.4883e1    -1.1483e1     -3.3663e0
  26  94     6.2499e-1      1.5008e1    -1.1402e1     -3.4101e0
  26  95     7.4999e-1      1.5133e1    -1.1330e1     -3.4637e0
  26  96     8.7499e-1      1.5258e1    -1.1269e1     -3.5276e0
  26  97     9.9999e-1      1.5383e1    -1.1219e1     -3.6023e0
  26  98      1.1250e0      1.5508e1    -1.1180e1     -3.6880e0
  26  99      1.2500e0      1.5633e1    -1.1152e1     -3.7850e0
  26 100      1.3750e0      1.5758e1    -1.1135e1     -3.8934e0
  26 101      1.5000e0      1.5883e1    -1.1130e1     -4.0131e0
  26 102      1.6250e0      1.6008e1    -1.1136e1     -4.1439e0
  26 103      1.7500e0      1.6133e1    -1.1152e1     -4.2853e0
  26 104      1.8750e0      1.6258e1    -1.1178e1     -4.4364e0
  26 105      2.0000e0      1.6383e1    -1.1213e1     -4.5961e0
  26 106      2.1250e0      1.6508e1    -1.1254e1     -4.7627e0
  26 107      2.2500e0      1.6633e1    -1.1301e1     -4.9341e0
  26 108      2.3750e0      1.6758e1    -1.1349e1     -5.1073e0
  26 109      2.5000e0      1.6883e1    -1.1396e1     -5.2796e0
  26 110      2.6250e0      1.7008e1    -1.1440e1     -5.4481e0
  26 111      2.7500e0      1.7133e1    -1.1477e1     -5.6107e0
  26 112      2.8750e0      1.7258e1    -1.1508e1     -5.7662e0
  26 113      3.0000e0      1.7383e1    -1.1531e1     -5.9149e0
  26 114      3.1250e0      1.7508e1    -1.1549e1     -6.0578e0
  26 115      3.2500e0      1.7633e1    -1.1564e1     -6.1970e0
  26 116      3.3750e0      1.7758e1    -1.1576e1     -6.3344e0
  26 117      3.5000e0      1.7883e1    -1.1589e1     -6.4720e0
  26 118      3.6250e0      1.8008e1    -1.1602e1     -6.6105e0
  26 119      3.7500e0      1.8133e1    -1.1617e1     -6.7503e0
  26 120      3.8750e0      1.8258e1    -1.1632e1     -6.8909e0
  26 121      4.0000e0      1.8383e1    -1.1648e1     -7.0315e0
  26 122      4.1250e0      1.8508e1    -1.1663e1     -7.1714e0
  26 123      4.2500e0      1.8633e1    -1.1677e1     -7.3102e0
  26 124      4.3750e0      1.8758e1    -1.1690e1     -7.4480e0
  26 125      4.5000e0      1.8883e1    -1.1702e1     -7.5854e0
  26 126      4.6250e0      1.9008e1    -1.1714e1     -7.7227e0
  26 127      4.7500e0      1.9133e1    -1.1727e1     -7.8602e0
  26 128      4.8750e0      1.9258e1    -1.1740e1     -7.9980e0
  26 129      5.0000e0      1.9383e1    -1.1753e1     -8.1360e0
  26 130      5.1250e0      1.9508e1    -1.1766e1     -8.2744e0
  26 131      5.2500e0      1.9633e1    -1.1779e1     -8.4129e0
  26 132      5.3750e0      1.9758e1    -1.1793e1     -8.5515e0
  26 133      5.5000e0      1.9883e1    -1.1807e1     -8.6901e0
  26 134      5.6250e0      2.0008e1    -1.1820e1     -8.8286e0
  26 135      5.7500e0      2.0133e1    -1.1834e1     -8.9669e0
  26 136      5.8750e0      2.0258e1    -1.1847e1     -9.1051e0
  26 137      6.0000e0      2.0383e1    -1.1860e1     -9.2433e0
  26 138      6.1250e0      2.0508e1    -1.1873e1     -9.3816e0
  26 139      6.2500e0      2.0633e1    -1.1887e1     -9.5202e0
  26 140      6.3750e0      2.0758e1    -1.1901e1     -9.6590e0
  26 141      6.5000e0      2.0883e1    -1.1915e1     -9.7979e0
  26 142      6.6250e0      2.1008e1    -1.1929e1     -9.9372e0
  26 143      6.7500e0      2.1133e1    -1.1944e1     -1.0077e1
  26 144      6.8750e0      2.1258e1    -1.1959e1     -1.0217e1
  26 145      7.0000e0      2.1383e1    -1.1975e1     -1.0358e1
  26 146      7.1250e0      2.1508e1    -1.1991e1     -1.0499e1
  26 147      7.2500e0      2.1633e1    -1.2007e1     -1.0640e1
  26 148      7.3750e0      2.1758e1    -1.2022e1     -1.0780e1
  26 149      7.5000e0      2.1883e1    -1.2036e1     -1.0920e1
  26 150      7.6250e0      2.2008e1    -1.2051e1     -1.1059e1
  26 151      7.7500e0      2.2133e1    -1.2065e1     -1.1199e1
  26 152      7.8750e0      2.2258e1    -1.2079e1     -1.1338e1
  26 153      8.0000e0      2.2383e1    -1.2093e1     -1.1477e1
  26 154      8.1250e0      2.2508e1    -1.2107e1     -1.1615e1
  26 155      8.2500e0      2.2633e1    -1.2121e1     -1.1754e1
  26 156      8.3750e0      2.2758e1    -1.2134e1     -1.1893e1
  26 157      8.5000e0      2.2883e1    -1.2148e1     -1.2031e1
  26 158      8.6250e0      2.3008e1    -1.2162e1     -1.2170e1
  26 159      8.7500e0      2.3133e1    -1.2176e1     -1.2310e1
  26 160      8.8750e0      2.3258e1    -1.2192e1     -1.2450e1
  26 161      9.0000e0      2.3383e1    -1.2207e1     -1.2591e1
  26 162      9.1250e0      2.3508e1    -1.2223e1     -1.2731e1
  26 163      9.2500e0      2.3633e1    -1.2239e1     -1.2872e1
  26 164      9.3750e0      2.3758e1    -1.2254e1     -1.3012e1
  26 165      9.5000e0      2.3883e1    -1.2268e1     -1.3152e1
  26 166      9.6250e0      2.4008e1    -1.2283e1     -1.3291e1
  26 167      9.7500e0      2.4133e1    -1.2297e1     -1.3430e1
  26 168      9.8750e0      2.4258e1    -1.2311e1     -1.3569e1
  26 169      1.0000e1      2.4383e1    -1.2325e1     -1.3708e1
  26 170      1.0125e1      2.4508e1    -1.2339e1     -1.3848e1
  26 171      1.0250e1      2.4633e1    -1.2353e1     -1.3987e1
  26 172      1.0375e1      2.4758e1    -1.2368e1     -1.4126e1
  26 173      1.0500e1      2.4883e1    -1.2382e1     -1.4266e1
  26 174      1.0625e1      2.5008e1    -1.2398e1     -1.4406e1
  26 175      1.0750e1      2.5133e1    -1.2414e1     -1.4547e1
  26 176      1.0875e1      2.5258e1    -1.2430e1     -1.4689e1
  26 177      1.1000e1      2.5383e1    -1.2448e1     -1.4831e1
  26 178      1.1125e1      2.5508e1    -1.2466e1     -1.4974e1
  26 179      1.1250e1      2.5633e1    -1.2483e1     -1.5117e1
  26 180      1.1375e1      2.5758e1    -1.2501e1     -1.5259e1
  26 181      1.1500e1      2.5883e1    -1.2518e1     -1.5402e1
  26 182      1.1625e1      2.6008e1    -1.2536e1     -1.5545e1
  26 183      1.1750e1      2.6133e1    -1.2555e1     -1.5688e1
  26 184      1.1875e1      2.6258e1    -1.2574e1     -1.5832e1
  26 185      1.2000e1      2.6383e1    -1.2594e1     -1.5977e1
  26 186      1.2125e1      2.6508e1    -1.2614e1     -1.6122e1
  26 187      1.2250e1      2.6633e1    -1.2634e1     -1.6268e1
  26 188      1.2375e1      2.6758e1    -1.2655e1     -1.6414e1
  26 189      1.2500e1      2.6883e1    -1.2677e1     -1.6560e1
  26 190      1.2625e1      2.7008e1    -1.2700e1     -1.6709e1
  26 191      1.2750e1      2.7133e1    -1.2727e1     -1.6860e1
  26 192      1.2875e1      2.7258e1    -1.2758e1     -1.7016e1
  26 193      1.3000e1      2.7383e1    -1.2793e1     -1.7176e1
  26 194      1.3125e1      2.7508e1    -1.2832e1     -1.7341e1
  26 195      1.3250e1      2.7633e1    -1.2875e1     -1.7509e1
  26 196      1.3375e1      2.7758e1    -1.2921e1     -1.7680e1
  26 197      1.3500e1      2.7883e1    -1.2969e1     -1.7853e1
  26 198      1.3625e1      2.8008e1    -1.3021e1     -1.8029e1
  26 199      1.3750e1      2.8133e1    -1.3075e1     -1.8209e1
  26 200      1.3875e1      2.8258e1    -1.3134e1     -1.8392e1
  26 201      1.4000e1      2.8383e1    -1.3195e1     -1.8579e1
  26 202      1.4125e1      2.8508e1    -1.3258e1     -1.8767e1
  26 203      1.4250e1      2.8633e1    -1.3322e1     -1.8956e1
  26 204      1.4375e1      2.8758e1    -1.3387e1     -1.9145e1
  26 205      1.4500e1      2.8883e1    -1.3454e1     -1.9337e1
  26 206      1.4625e1      2.9008e1    -1.3525e1     -1.9533e1
  26 207      1.4750e1      2.9133e1    -1.3602e1     -1.9735e1
  26 208      1.4875e1      2.9258e1    -1.3686e1     -1.9945e1
  26 209      1.5000e1      2.9383e1    -1.3780e1     -2.0164e1
            log10(eV)     log10(Hz)    log10(nuFnu)  log10(Jy)

i_tm =  27;  t_obs =      4.341e3
  27   1     -1.1000e1      3.3834e0    -2.6184e1     -6.5677e0
  27   2     -1.0875e1      3.5084e0    -2.6018e1     -6.5260e0
  27   3     -1.0750e1      3.6334e0    -2.5851e1     -6.4843e0
  27   4     -1.0625e1      3.7584e0    -2.5684e1     -6.4427e0
  27   5     -1.0500e1      3.8834e0    -2.5518e1     -6.4010e0
  27   6     -1.0375e1      4.0084e0    -2.5351e1     -6.3593e0
  27   7     -1.0250e1      4.1334e0    -2.5184e1     -6.3177e0
  27   8     -1.0125e1      4.2584e0    -2.5018e1     -6.2760e0
  27   9     -1.0000e1      4.3834e0    -2.4851e1     -6.2343e0
  27  10     -9.8750e0      4.5084e0    -2.4684e1     -6.1927e0
  27  11     -9.7500e0      4.6334e0    -2.4518e1     -6.1510e0
  27  12     -9.6250e0      4.7584e0    -2.4351e1     -6.1093e0
  27  13     -9.5000e0      4.8834e0    -2.4184e1     -6.0677e0
  27  14     -9.3750e0      5.0084e0    -2.4018e1     -6.0260e0
  27  15     -9.2500e0      5.1334e0    -2.3851e1     -5.9843e0
  27  16     -9.1250e0      5.2584e0    -2.3684e1     -5.9427e0
  27  17     -9.0000e0      5.3834e0    -2.3518e1     -5.9010e0
  27  18     -8.8750e0      5.5084e0    -2.3351e1     -5.8593e0
  27  19     -8.7500e0      5.6334e0    -2.3184e1     -5.8177e0
  27  20     -8.6250e0      5.7584e0    -2.3018e1     -5.7760e0
  27  21     -8.5000e0      5.8834e0    -2.2851e1     -5.7343e0
  27  22     -8.3750e0      6.0084e0    -2.2684e1     -5.6927e0
  27  23     -8.2500e0      6.1334e0    -2.2518e1     -5.6510e0
  27  24     -8.1250e0      6.2584e0    -2.2351e1     -5.6093e0
  27  25     -8.0000e0      6.3834e0    -2.2184e1     -5.5677e0
  27  26     -7.8750e0      6.5084e0    -2.2018e1     -5.5260e0
  27  27     -7.7500e0      6.6334e0    -2.1851e1     -5.4844e0
  27  28     -7.6250e0      6.7584e0    -2.1684e1     -5.4427e0
  27  29     -7.5000e0      6.8834e0    -2.1518e1     -5.4010e0
  27  30     -7.3750e0      7.0084e0    -2.1351e1     -5.3594e0
  27  31     -7.2500e0      7.1334e0    -2.1184e1     -5.3177e0
  27  32     -7.1250e0      7.2584e0    -2.1018e1     -5.2761e0
  27  33     -7.0000e0      7.3834e0    -2.0851e1     -5.2345e0
  27  34     -6.8750e0      7.5084e0    -2.0684e1     -5.1929e0
  27  35     -6.7500e0      7.6334e0    -2.0518e1     -5.1513e0
  27  36     -6.6250e0      7.7584e0    -2.0351e1     -5.1097e0
  27  37     -6.5000e0      7.8834e0    -2.0185e1     -5.0681e0
  27  38     -6.3750e0      8.0084e0    -2.0018e1     -5.0266e0
  27  39     -6.2500e0      8.1334e0    -1.9852e1     -4.9851e0
  27  40     -6.1250e0      8.2584e0    -1.9685e1     -4.9436e0
  27  41     -6.0000e0      8.3834e0    -1.9519e1     -4.9021e0
  27  42     -5.8750e0      8.5084e0    -1.9352e1     -4.8607e0
  27  43     -5.7500e0      8.6334e0    -1.9186e1     -4.8192e0
  27  44     -5.6250e0      8.7584e0    -1.9019e1     -4.7778e0
  27  45     -5.5000e0      8.8834e0    -1.8853e1     -4.7364e0
  27  46     -5.3750e0      9.0084e0    -1.8687e1     -4.6950e0
  27  47     -5.2500e0      9.1334e0    -1.8520e1     -4.6536e0
  27  48     -5.1250e0      9.2584e0    -1.8354e1     -4.6121e0
  27  49     -5.0000e0      9.3834e0    -1.8187e1     -4.5707e0
  27  50     -4.8750e0      9.5084e0    -1.8021e1     -4.5292e0
  27  51     -4.7500e0      9.6334e0    -1.7854e1     -4.4877e0
  27  52     -4.6250e0      9.7584e0    -1.7688e1     -4.4462e0
  27  53     -4.5000e0      9.8834e0    -1.7521e1     -4.4048e0
  27  54     -4.3750e0      1.0008e1    -1.7355e1     -4.3633e0
  27  55     -4.2500e0      1.0133e1    -1.7188e1     -4.3218e0
  27  56     -4.1250e0      1.0258e1    -1.7022e1     -4.2803e0
  27  57     -4.0000e0      1.0383e1    -1.6856e1     -4.2389e0
  27  58     -3.8750e0      1.0508e1    -1.6689e1     -4.1976e0
  27  59     -3.7500e0      1.0633e1    -1.6523e1     -4.1563e0
  27  60     -3.6250e0      1.0758e1    -1.6357e1     -4.1151e0
  27  61     -3.5000e0      1.0883e1    -1.6191e1     -4.0739e0
  27  62     -3.3750e0      1.1008e1    -1.6024e1     -4.0329e0
  27  63     -3.2500e0      1.1133e1    -1.5859e1     -3.9919e0
  27  64     -3.1250e0      1.1258e1    -1.5693e1     -3.9511e0
  27  65     -3.0000e0      1.1383e1    -1.5527e1     -3.9105e0
  27  66     -2.8750e0      1.1508e1    -1.5362e1     -3.8701e0
  27  67     -2.7500e0      1.1633e1    -1.5197e1     -3.8300e0
  27  68     -2.6250e0      1.1758e1    -1.5032e1     -3.7901e0
  27  69     -2.5000e0      1.1883e1    -1.4867e1     -3.7506e0
  27  70     -2.3750e0      1.2008e1    -1.4703e1     -3.7116e0
  27  71     -2.2500e0      1.2133e1    -1.4540e1     -3.6730e0
  27  72     -2.1250e0      1.2258e1    -1.4377e1     -3.6350e0
  27  73     -2.0000e0      1.2383e1    -1.4214e1     -3.5977e0
  27  74     -1.8750e0      1.2508e1    -1.4053e1     -3.5612e0
  27  75     -1.7500e0      1.2633e1    -1.3892e1     -3.5256e0
  27  76     -1.6250e0      1.2758e1    -1.3733e1     -3.4913e0
  27  77     -1.5000e0      1.2883e1    -1.3575e1     -3.4583e0
  27  78     -1.3750e0      1.3008e1    -1.3418e1     -3.4268e0
  27  79     -1.2500e0      1.3133e1    -1.3264e1     -3.3972e0
  27  80     -1.1250e0      1.3258e1    -1.3111e1     -3.3697e0
  27  81     -1.0000e0      1.3383e1    -1.2961e1     -3.3447e0
  27  82    -8.7501e-1      1.3508e1    -1.2814e1     -3.3226e0
  27  83    -7.5001e-1      1.3633e1    -1.2670e1     -3.3038e0
  27  84    -6.2501e-1      1.3758e1    -1.2530e1     -3.2888e0
  27  85    -5.0001e-1      1.3883e1    -1.2395e1     -3.2780e0
  27  86    -3.7501e-1      1.4008e1    -1.2264e1     -3.2721e0
  27  87    -2.5001e-1      1.4133e1    -1.2138e1     -3.2715e0
  27  88    -1.2501e-1      1.4258e1    -1.2018e1     -3.2768e0
  27  89    -1.3724e-5      1.4383e1    -1.1905e1     -3.2887e0
  27  90     1.2499e-1      1.4508e1    -1.1799e1     -3.3078e0
  27  91     2.4999e-1      1.4633e1    -1.1701e1     -3.3348e0
  27  92     3.7499e-1      1.4758e1    -1.1612e1     -3.3702e0
  27  93     4.9999e-1      1.4883e1    -1.1531e1     -3.4147e0
  27  94     6.2499e-1      1.5008e1    -1.1461e1     -3.4690e0
  27  95     7.4999e-1      1.5133e1    -1.1400e1     -3.5335e0
  27  96     8.7499e-1      1.5258e1    -1.1350e1     -3.6088e0
  27  97     9.9999e-1      1.5383e1    -1.1312e1     -3.6951e0
  27  98      1.1250e0      1.5508e1    -1.1284e1     -3.7927e0
  27  99      1.2500e0      1.5633e1    -1.1268e1     -3.9016e0
  27 100      1.3750e0      1.5758e1    -1.1263e1     -4.0217e0
  27 101      1.5000e0      1.5883e1    -1.1269e1     -4.1528e0
  27 102      1.6250e0      1.6008e1    -1.1286e1     -4.2945e0
  27 103      1.7500e0      1.6133e1    -1.1312e1     -4.4458e0
  27 104      1.8750e0      1.6258e1    -1.1347e1     -4.6056e0
  27 105      2.0000e0      1.6383e1    -1.1389e1     -4.7721e0
  27 106      2.1250e0      1.6508e1    -1.1435e1     -4.9430e0
  27 107      2.2500e0      1.6633e1    -1.1482e1     -5.1155e0
  27 108      2.3750e0      1.6758e1    -1.1528e1     -5.2865e0
  27 109      2.5000e0      1.6883e1    -1.1570e1     -5.4531e0
  27 110      2.6250e0      1.7008e1    -1.1605e1     -5.6130e0
  27 111      2.7500e0      1.7133e1    -1.1632e1     -5.7654e0
  27 112      2.8750e0      1.7258e1    -1.1652e1     -5.9108e0
  27 113      3.0000e0      1.7383e1    -1.1667e1     -6.0507e0
  27 114      3.1250e0      1.7508e1    -1.1679e1     -6.1872e0
  27 115      3.2500e0      1.7633e1    -1.1689e1     -6.3222e0
  27 116      3.3750e0      1.7758e1    -1.1699e1     -6.4574e0
  27 117      3.5000e0      1.7883e1    -1.1710e1     -6.5938e0
  27 118      3.6250e0      1.8008e1    -1.1723e1     -6.7319e0
  27 119      3.7500e0      1.8133e1    -1.1738e1     -6.8714e0
  27 120      3.8750e0      1.8258e1    -1.1753e1     -7.0116e0
  27 121      4.0000e0      1.8383e1    -1.1768e1     -7.1516e0
  27 122      4.1250e0      1.8508e1    -1.1782e1     -7.2907e0
  27 123      4.2500e0      1.8633e1    -1.1795e1     -7.4289e0
  27 124      4.3750e0      1.8758e1    -1.1808e1     -7.5663e0
  27 125      4.5000e0      1.8883e1    -1.1820e1     -7.7035e0
  27 126      4.6250e0      1.9008e1    -1.1832e1     -7.8407e0
  27 127      4.7500e0      1.9133e1    -1.1845e1     -7.9783e0
  27 128      4.8750e0      1.9258e1    -1.1858e1     -8.1162e0
  27 129      5.0000e0      1.9383e1    -1.1871e1     -8.2545e0
  27 130      5.1250e0      1.9508e1    -1.1885e1     -8.3931e0
  27 131      5.2500e0      1.9633e1    -1.1898e1     -8.5318e0
  27 132      5.3750e0      1.9758e1    -1.1912e1     -8.6705e0
  27 133      5.5000e0      1.9883e1    -1.1926e1     -8.8091e0
  27 134      5.6250e0      2.0008e1    -1.1939e1     -8.9474e0
  27 135      5.7500e0      2.0133e1    -1.1952e1     -9.0854e0
  27 136      5.8750e0      2.0258e1    -1.1965e1     -9.2233e0
  27 137      6.0000e0      2.0383e1    -1.1978e1     -9.3612e0
  27 138      6.1250e0      2.0508e1    -1.1991e1     -9.4993e0
  27 139      6.2500e0      2.0633e1    -1.2004e1     -9.6375e0
  27 140      6.3750e0      2.0758e1    -1.2018e1     -9.7759e0
  27 141      6.5000e0      2.0883e1    -1.2031e1     -9.9145e0
  27 142      6.6250e0      2.1008e1    -1.2045e1     -1.0053e1
  27 143      6.7500e0      2.1133e1    -1.2059e1     -1.0193e1
  27 144      6.8750e0      2.1258e1    -1.2074e1     -1.0333e1
  27 145      7.0000e0      2.1383e1    -1.2090e1     -1.0473e1
  27 146      7.1250e0      2.1508e1    -1.2106e1     -1.0614e1
  27 147      7.2500e0      2.1633e1    -1.2121e1     -1.0754e1
  27 148      7.3750e0      2.1758e1    -1.2136e1     -1.0894e1
  27 149      7.5000e0      2.1883e1    -1.2150e1     -1.1034e1
  27 150      7.6250e0      2.2008e1    -1.2165e1     -1.1173e1
  27 151      7.7500e0      2.2133e1    -1.2179e1     -1.1312e1
  27 152      7.8750e0      2.2258e1    -1.2193e1     -1.1451e1
  27 153      8.0000e0      2.2383e1    -1.2207e1     -1.1590e1
  27 154      8.1250e0      2.2508e1    -1.2220e1     -1.1729e1
  27 155      8.2500e0      2.2633e1    -1.2234e1     -1.1867e1
  27 156      8.3750e0      2.2758e1    -1.2247e1     -1.2006e1
  27 157      8.5000e0      2.2883e1    -1.2261e1     -1.2144e1
  27 158      8.6250e0      2.3008e1    -1.2275e1     -1.2284e1
  27 159      8.7500e0      2.3133e1    -1.2290e1     -1.2423e1
  27 160      8.8750e0      2.3258e1    -1.2306e1     -1.2564e1
  27 161      9.0000e0      2.3383e1    -1.2322e1     -1.2705e1
  27 162      9.1250e0      2.3508e1    -1.2338e1     -1.2846e1
  27 163      9.2500e0      2.3633e1    -1.2353e1     -1.2987e1
  27 164      9.3750e0      2.3758e1    -1.2368e1     -1.3127e1
  27 165      9.5000e0      2.3883e1    -1.2383e1     -1.3266e1
  27 166      9.6250e0      2.4008e1    -1.2397e1     -1.3406e1
  27 167      9.7500e0      2.4133e1    -1.2412e1     -1.3545e1
  27 168      9.8750e0      2.4258e1    -1.2426e1     -1.3684e1
  27 169      1.0000e1      2.4383e1    -1.2440e1     -1.3824e1
  27 170      1.0125e1      2.4508e1    -1.2454e1     -1.3963e1
  27 171      1.0250e1      2.4633e1    -1.2469e1     -1.4102e1
  27 172      1.0375e1      2.4758e1    -1.2484e1     -1.4242e1
  27 173      1.0500e1      2.4883e1    -1.2499e1     -1.4382e1
  27 174      1.0625e1      2.5008e1    -1.2515e1     -1.4523e1
  27 175      1.0750e1      2.5133e1    -1.2531e1     -1.4665e1
  27 176      1.0875e1      2.5258e1    -1.2549e1     -1.4808e1
  27 177      1.1000e1      2.5383e1    -1.2568e1     -1.4951e1
  27 178      1.1125e1      2.5508e1    -1.2586e1     -1.5095e1
  27 179      1.1250e1      2.5633e1    -1.2605e1     -1.5239e1
  27 180      1.1375e1      2.5758e1    -1.2624e1     -1.5383e1
  27 181      1.1500e1      2.5883e1    -1.2643e1     -1.5527e1
  27 182      1.1625e1      2.6008e1    -1.2662e1     -1.5671e1
  27 183      1.1750e1      2.6133e1    -1.2682e1     -1.5816e1
  27 184      1.1875e1      2.6258e1    -1.2702e1     -1.5961e1
  27 185      1.2000e1      2.6383e1    -1.2723e1     -1.6106e1
  27 186      1.2125e1      2.6508e1    -1.2743e1     -1.6251e1
  27 187      1.2250e1      2.6633e1    -1.2763e1     -1.6396e1
  27 188      1.2375e1      2.6758e1    -1.2784e1     -1.6542e1
  27 189      1.2500e1      2.6883e1    -1.2806e1     -1.6690e1
  27 190      1.2625e1      2.7008e1    -1.2830e1     -1.6839e1
  27 191      1.2750e1      2.7133e1    -1.2857e1     -1.6990e1
  27 192      1.2875e1      2.7258e1    -1.2886e1     -1.7144e1
  27 193      1.3000e1      2.7383e1    -1.2918e1     -1.7301e1
  27 194      1.3125e1      2.7508e1    -1.2952e1     -1.7461e1
  27 195      1.3250e1      2.7633e1    -1.2989e1     -1.7622e1
  27 196      1.3375e1      2.7758e1    -1.3028e1     -1.7787e1
  27 197      1.3500e1      2.7883e1    -1.3072e1     -1.7955e1
  27 198      1.3625e1      2.8008e1    -1.3120e1     -1.8128e1
  27 199      1.3750e1      2.8133e1    -1.3174e1     -1.8307e1
  27 200      1.3875e1      2.8258e1    -1.3233e1     -1.8492e1
  27 201      1.4000e1      2.8383e1    -1.3297e1     -1.8681e1
  27 202      1.4125e1      2.8508e1    -1.3365e1     -1.8874e1
  27 203      1.4250e1      2.8633e1    -1.3435e1     -1.9068e1
  27 204      1.4375e1      2.8758e1    -1.3505e1     -1.9263e1
  27 205      1.4500e1      2.8883e1    -1.3575e1     -1.9458e1
  27 206      1.4625e1      2.9008e1    -1.3646e1     -1.9654e1
  27 207      1.4750e1      2.9133e1    -1.3722e1     -1.9856e1
  27 208      1.4875e1      2.9258e1    -1.3806e1     -2.0065e1
  27 209      1.5000e1      2.9383e1    -1.3902e1     -2.0285e1
            log10(eV)     log10(Hz)    log10(nuFnu)  log10(Jy)

i_tm =  28;  t_obs =      5.483e3
  28   1     -1.1000e1      3.3834e0    -2.6138e1     -6.5217e0
  28   2     -1.0875e1      3.5084e0    -2.5972e1     -6.4801e0
  28   3     -1.0750e1      3.6334e0    -2.5805e1     -6.4384e0
  28   4     -1.0625e1      3.7584e0    -2.5638e1     -6.3967e0
  28   5     -1.0500e1      3.8834e0    -2.5472e1     -6.3551e0
  28   6     -1.0375e1      4.0084e0    -2.5305e1     -6.3134e0
  28   7     -1.0250e1      4.1334e0    -2.5138e1     -6.2717e0
  28   8     -1.0125e1      4.2584e0    -2.4972e1     -6.2301e0
  28   9     -1.0000e1      4.3834e0    -2.4805e1     -6.1884e0
  28  10     -9.8750e0      4.5084e0    -2.4638e1     -6.1467e0
  28  11     -9.7500e0      4.6334e0    -2.4472e1     -6.1051e0
  28  12     -9.6250e0      4.7584e0    -2.4305e1     -6.0634e0
  28  13     -9.5000e0      4.8834e0    -2.4138e1     -6.0217e0
  28  14     -9.3750e0      5.0084e0    -2.3972e1     -5.9801e0
  28  15     -9.2500e0      5.1334e0    -2.3805e1     -5.9384e0
  28  16     -9.1250e0      5.2584e0    -2.3638e1     -5.8967e0
  28  17     -9.0000e0      5.3834e0    -2.3472e1     -5.8551e0
  28  18     -8.8750e0      5.5084e0    -2.3305e1     -5.8134e0
  28  19     -8.7500e0      5.6334e0    -2.3138e1     -5.7717e0
  28  20     -8.6250e0      5.7584e0    -2.2972e1     -5.7301e0
  28  21     -8.5000e0      5.8834e0    -2.2805e1     -5.6884e0
  28  22     -8.3750e0      6.0084e0    -2.2638e1     -5.6467e0
  28  23     -8.2500e0      6.1334e0    -2.2472e1     -5.6051e0
  28  24     -8.1250e0      6.2584e0    -2.2305e1     -5.5634e0
  28  25     -8.0000e0      6.3834e0    -2.2138e1     -5.5217e0
  28  26     -7.8750e0      6.5084e0    -2.1972e1     -5.4801e0
  28  27     -7.7500e0      6.6334e0    -2.1805e1     -5.4384e0
  28  28     -7.6250e0      6.7584e0    -2.1638e1     -5.3968e0
  28  29     -7.5000e0      6.8834e0    -2.1472e1     -5.3551e0
  28  30     -7.3750e0      7.0084e0    -2.1305e1     -5.3135e0
  28  31     -7.2500e0      7.1334e0    -2.1138e1     -5.2718e0
  28  32     -7.1250e0      7.2584e0    -2.0972e1     -5.2302e0
  28  33     -7.0000e0      7.3834e0    -2.0805e1     -5.1886e0
  28  34     -6.8750e0      7.5084e0    -2.0639e1     -5.1470e0
  28  35     -6.7500e0      7.6334e0    -2.0472e1     -5.1054e0
  28  36     -6.6250e0      7.7584e0    -2.0305e1     -5.0638e0
  28  37     -6.5000e0      7.8834e0    -2.0139e1     -5.0223e0
  28  38     -6.3750e0      8.0084e0    -1.9972e1     -4.9808e0
  28  39     -6.2500e0      8.1334e0    -1.9806e1     -4.9393e0
  28  40     -6.1250e0      8.2584e0    -1.9639e1     -4.8979e0
  28  41     -6.0000e0      8.3834e0    -1.9473e1     -4.8564e0
  28  42     -5.8750e0      8.5084e0    -1.9307e1     -4.8150e0
  28  43     -5.7500e0      8.6334e0    -1.9140e1     -4.7736e0
  28  44     -5.6250e0      8.7584e0    -1.8974e1     -4.7322e0
  28  45     -5.5000e0      8.8834e0    -1.8807e1     -4.6908e0
  28  46     -5.3750e0      9.0084e0    -1.8641e1     -4.6493e0
  28  47     -5.2500e0      9.1334e0    -1.8474e1     -4.6079e0
  28  48     -5.1250e0      9.2584e0    -1.8308e1     -4.5664e0
  28  49     -5.0000e0      9.3834e0    -1.8142e1     -4.5250e0
  28  50     -4.8750e0      9.5084e0    -1.7975e1     -4.4835e0
  28  51     -4.7500e0      9.6334e0    -1.7809e1     -4.4420e0
  28  52     -4.6250e0      9.7584e0    -1.7642e1     -4.4005e0
  28  53     -4.5000e0      9.8834e0    -1.7476e1     -4.3590e0
  28  54     -4.3750e0      1.0008e1    -1.7309e1     -4.3176e0
  28  55     -4.2500e0      1.0133e1    -1.7143e1     -4.2761e0
  28  56     -4.1250e0      1.0258e1    -1.6976e1     -4.2347e0
  28  57     -4.0000e0      1.0383e1    -1.6810e1     -4.1933e0
  28  58     -3.8750e0      1.0508e1    -1.6644e1     -4.1521e0
  28  59     -3.7500e0      1.0633e1    -1.6477e1     -4.1108e0
  28  60     -3.6250e0      1.0758e1    -1.6311e1     -4.0697e0
  28  61     -3.5000e0      1.0883e1    -1.6145e1     -4.0287e0
  28  62     -3.3750e0      1.1008e1    -1.5979e1     -3.9878e0
  28  63     -3.2500e0      1.1133e1    -1.5814e1     -3.9470e0
  28  64     -3.1250e0      1.1258e1    -1.5648e1     -3.9064e0
  28  65     -3.0000e0      1.1383e1    -1.5483e1     -3.8660e0
  28  66     -2.8750e0      1.1508e1    -1.5318e1     -3.8259e0
  28  67     -2.7500e0      1.1633e1    -1.5153e1     -3.7861e0
  28  68     -2.6250e0      1.1758e1    -1.4988e1     -3.7467e0
  28  69     -2.5000e0      1.1883e1    -1.4824e1     -3.7076e0
  28  70     -2.3750e0      1.2008e1    -1.4661e1     -3.6691e0
  28  71     -2.2500e0      1.2133e1    -1.4498e1     -3.6312e0
  28  72     -2.1250e0      1.2258e1    -1.4336e1     -3.5940e0
  28  73     -2.0000e0      1.2383e1    -1.4174e1     -3.5576e0
  28  74     -1.8750e0      1.2508e1    -1.4014e1     -3.5223e0
  28  75     -1.7500e0      1.2633e1    -1.3855e1     -3.4881e0
  28  76     -1.6250e0      1.2758e1    -1.3697e1     -3.4552e0
  28  77     -1.5000e0      1.2883e1    -1.3541e1     -3.4240e0
  28  78     -1.3750e0      1.3008e1    -1.3386e1     -3.3946e0
  28  79     -1.2500e0      1.3133e1    -1.3234e1     -3.3674e0
  28  80     -1.1250e0      1.3258e1    -1.3084e1     -3.3427e0
  28  81     -1.0000e0      1.3383e1    -1.2938e1     -3.3210e0
  28  82    -8.7501e-1      1.3508e1    -1.2794e1     -3.3026e0
  28  83    -7.5001e-1      1.3633e1    -1.2655e1     -3.2880e0
  28  84    -6.2501e-1      1.3758e1    -1.2519e1     -3.2777e0
  28  85    -5.0001e-1      1.3883e1    -1.2389e1     -3.2723e0
  28  86    -3.7501e-1      1.4008e1    -1.2264e1     -3.2723e0
  28  87    -2.5001e-1      1.4133e1    -1.2145e1     -3.2783e0
  28  88    -1.2501e-1      1.4258e1    -1.2033e1     -3.2909e0
  28  89    -1.3724e-5      1.4383e1    -1.1927e1     -3.3108e0
  28  90     1.2499e-1      1.4508e1    -1.1830e1     -3.3384e0
  28  91     2.4999e-1      1.4633e1    -1.1741e1     -3.3746e0
  28  92     3.7499e-1      1.4758e1    -1.1661e1     -3.4199e0
  28  93     4.9999e-1      1.4883e1    -1.1591e1     -3.4749e0
  28  94     6.2499e-1      1.5008e1    -1.1532e1     -3.5401e0
  28  95     7.4999e-1      1.5133e1    -1.1483e1     -3.6160e0
  28  96     8.7499e-1      1.5258e1    -1.1445e1     -3.7029e0
  28  97     9.9999e-1      1.5383e1    -1.1418e1     -3.8010e0
  28  98      1.1250e0      1.5508e1    -1.1402e1     -3.9103e0
  28  99      1.2500e0      1.5633e1    -1.1397e1     -4.0307e0
  28 100      1.3750e0      1.5758e1    -1.1404e1     -4.1620e0
  28 101      1.5000e0      1.5883e1    -1.1420e1     -4.3035e0
  28 102      1.6250e0      1.6008e1    -1.1446e1     -4.4544e0
  28 103      1.7500e0      1.6133e1    -1.1480e1     -4.6134e0
  28 104      1.8750e0      1.6258e1    -1.1520e1     -4.7787e0
  28 105      2.0000e0      1.6383e1    -1.1564e1     -4.9478e0
  28 106      2.1250e0      1.6508e1    -1.1609e1     -5.1179e0
  28 107      2.2500e0      1.6633e1    -1.1653e1     -5.2859e0
  28 108      2.3750e0      1.6758e1    -1.1691e1     -5.4491e0
  28 109      2.5000e0      1.6883e1    -1.1722e1     -5.6057e0
  28 110      2.6250e0      1.7008e1    -1.1747e1     -5.7551e0
  28 111      2.7500e0      1.7133e1    -1.1765e1     -5.8979e0
  28 112      2.8750e0      1.7258e1    -1.1777e1     -6.0356e0
  28 113      3.0000e0      1.7383e1    -1.1787e1     -6.1701e0
  28 114      3.1250e0      1.7508e1    -1.1795e1     -6.3033e0
  28 115      3.2500e0      1.7633e1    -1.1803e1     -6.4369e0
  28 116      3.3750e0      1.7758e1    -1.1814e1     -6.5720e0
  28 117      3.5000e0      1.7883e1    -1.1826e1     -6.7091e0
  28 118      3.6250e0      1.8008e1    -1.1840e1     -6.8482e0
  28 119      3.7500e0      1.8133e1    -1.1855e1     -6.9886e0
  28 120      3.8750e0      1.8258e1    -1.1871e1     -7.1294e0
  28 121      4.0000e0      1.8383e1    -1.1886e1     -7.2698e0
  28 122      4.1250e0      1.8508e1    -1.1901e1     -7.4091e0
  28 123      4.2500e0      1.8633e1    -1.1914e1     -7.5474e0
  28 124      4.3750e0      1.8758e1    -1.1927e1     -7.6851e0
  28 125      4.5000e0      1.8883e1    -1.1939e1     -7.8227e0
  28 126      4.6250e0      1.9008e1    -1.1952e1     -7.9604e0
  28 127      4.7500e0      1.9133e1    -1.1965e1     -8.0983e0
  28 128      4.8750e0      1.9258e1    -1.1978e1     -8.2366e0
  28 129      5.0000e0      1.9383e1    -1.1992e1     -8.3750e0
  28 130      5.1250e0      1.9508e1    -1.2005e1     -8.5135e0
  28 131      5.2500e0      1.9633e1    -1.2019e1     -8.6521e0
  28 132      5.3750e0      1.9758e1    -1.2032e1     -8.7905e0
  28 133      5.5000e0      1.9883e1    -1.2045e1     -8.9288e0
  28 134      5.6250e0      2.0008e1    -1.2058e1     -9.0668e0
  28 135      5.7500e0      2.0133e1    -1.2071e1     -9.2048e0
  28 136      5.8750e0      2.0258e1    -1.2084e1     -9.3426e0
  28 137      6.0000e0      2.0383e1    -1.2097e1     -9.4806e0
  28 138      6.1250e0      2.0508e1    -1.2110e1     -9.6187e0
  28 139      6.2500e0      2.0633e1    -1.2124e1     -9.7571e0
  28 140      6.3750e0      2.0758e1    -1.2137e1     -9.8954e0
  28 141      6.5000e0      2.0883e1    -1.2150e1     -1.0034e1
  28 142      6.6250e0      2.1008e1    -1.2164e1     -1.0173e1
  28 143      6.7500e0      2.1133e1    -1.2179e1     -1.0312e1
  28 144      6.8750e0      2.1258e1    -1.2194e1     -1.0452e1
  28 145      7.0000e0      2.1383e1    -1.2209e1     -1.0593e1
  28 146      7.1250e0      2.1508e1    -1.2225e1     -1.0733e1
  28 147      7.2500e0      2.1633e1    -1.2240e1     -1.0873e1
  28 148      7.3750e0      2.1758e1    -1.2255e1     -1.1013e1
  28 149      7.5000e0      2.1883e1    -1.2269e1     -1.1153e1
  28 150      7.6250e0      2.2008e1    -1.2283e1     -1.1292e1
  28 151      7.7500e0      2.2133e1    -1.2298e1     -1.1431e1
  28 152      7.8750e0      2.2258e1    -1.2312e1     -1.1570e1
  28 153      8.0000e0      2.2383e1    -1.2325e1     -1.1709e1
  28 154      8.1250e0      2.2508e1    -1.2339e1     -1.1848e1
  28 155      8.2500e0      2.2633e1    -1.2353e1     -1.1986e1
  28 156      8.3750e0      2.2758e1    -1.2367e1     -1.2125e1
  28 157      8.5000e0      2.2883e1    -1.2380e1     -1.2264e1
  28 158      8.6250e0      2.3008e1    -1.2395e1     -1.2403e1
  28 159      8.7500e0      2.3133e1    -1.2410e1     -1.2543e1
  28 160      8.8750e0      2.3258e1    -1.2425e1     -1.2684e1
  28 161      9.0000e0      2.3383e1    -1.2441e1     -1.2825e1
  28 162      9.1250e0      2.3508e1    -1.2457e1     -1.2965e1
  28 163      9.2500e0      2.3633e1    -1.2472e1     -1.3106e1
  28 164      9.3750e0      2.3758e1    -1.2487e1     -1.3246e1
  28 165      9.5000e0      2.3883e1    -1.2502e1     -1.3385e1
  28 166      9.6250e0      2.4008e1    -1.2516e1     -1.3525e1
  28 167      9.7500e0      2.4133e1    -1.2531e1     -1.3664e1
  28 168      9.8750e0      2.4258e1    -1.2545e1     -1.3803e1
  28 169      1.0000e1      2.4383e1    -1.2559e1     -1.3943e1
  28 170      1.0125e1      2.4508e1    -1.2574e1     -1.4082e1
  28 171      1.0250e1      2.4633e1    -1.2589e1     -1.4222e1
  28 172      1.0375e1      2.4758e1    -1.2604e1     -1.4362e1
  28 173      1.0500e1      2.4883e1    -1.2619e1     -1.4502e1
  28 174      1.0625e1      2.5008e1    -1.2635e1     -1.4643e1
  28 175      1.0750e1      2.5133e1    -1.2651e1     -1.4785e1
  28 176      1.0875e1      2.5258e1    -1.2668e1     -1.4927e1
  28 177      1.1000e1      2.5383e1    -1.2686e1     -1.5070e1
  28 178      1.1125e1      2.5508e1    -1.2704e1     -1.5212e1
  28 179      1.1250e1      2.5633e1    -1.2722e1     -1.5355e1
  28 180      1.1375e1      2.5758e1    -1.2740e1     -1.5498e1
  28 181      1.1500e1      2.5883e1    -1.2758e1     -1.5641e1
  28 182      1.1625e1      2.6008e1    -1.2776e1     -1.5784e1
  28 183      1.1750e1      2.6133e1    -1.2795e1     -1.5928e1
  28 184      1.1875e1      2.6258e1    -1.2814e1     -1.6073e1
  28 185      1.2000e1      2.6383e1    -1.2834e1     -1.6217e1
  28 186      1.2125e1      2.6508e1    -1.2853e1     -1.6361e1
  28 187      1.2250e1      2.6633e1    -1.2872e1     -1.6506e1
  28 188      1.2375e1      2.6758e1    -1.2892e1     -1.6651e1
  28 189      1.2500e1      2.6883e1    -1.2913e1     -1.6797e1
  28 190      1.2625e1      2.7008e1    -1.2936e1     -1.6945e1
  28 191      1.2750e1      2.7133e1    -1.2962e1     -1.7096e1
  28 192      1.2875e1      2.7258e1    -1.2991e1     -1.7249e1
  28 193      1.3000e1      2.7383e1    -1.3022e1     -1.7405e1
  28 194      1.3125e1      2.7508e1    -1.3056e1     -1.7564e1
  28 195      1.3250e1      2.7633e1    -1.3092e1     -1.7726e1
  28 196      1.3375e1      2.7758e1    -1.3131e1     -1.7890e1
  28 197      1.3500e1      2.7883e1    -1.3174e1     -1.8058e1
  28 198      1.3625e1      2.8008e1    -1.3221e1     -1.8229e1
  28 199      1.3750e1      2.8133e1    -1.3273e1     -1.8406e1
  28 200      1.3875e1      2.8258e1    -1.3330e1     -1.8589e1
  28 201      1.4000e1      2.8383e1    -1.3394e1     -1.8777e1
  28 202      1.4125e1      2.8508e1    -1.3464e1     -1.8973e1
  28 203      1.4250e1      2.8633e1    -1.3541e1     -1.9174e1
  28 204      1.4375e1      2.8758e1    -1.3622e1     -1.9380e1
  28 205      1.4500e1      2.8883e1    -1.3706e1     -1.9589e1
  28 206      1.4625e1      2.9008e1    -1.3792e1     -1.9801e1
  28 207      1.4750e1      2.9133e1    -1.3881e1     -2.0014e1
  28 208      1.4875e1      2.9258e1    -1.3974e1     -2.0233e1
  28 209      1.5000e1      2.9383e1    -1.4078e1     -2.0462e1
            log10(eV)     log10(Hz)    log10(nuFnu)  log10(Jy)

i_tm =  29;  t_obs =      6.926e3
  29   1     -1.1000e1      3.3834e0    -2.6092e1     -6.4754e0
  29   2     -1.0875e1      3.5084e0    -2.5925e1     -6.4337e0
  29   3     -1.0750e1      3.6334e0    -2.5759e1     -6.3920e0
  29   4     -1.0625e1      3.7584e0    -2.5592e1     -6.3504e0
  29   5     -1.0500e1      3.8834e0    -2.5425e1     -6.3087e0
  29   6     -1.0375e1      4.0084e0    -2.5259e1     -6.2670e0
  29   7     -1.0250e1      4.1334e0    -2.5092e1     -6.2254e0
  29   8     -1.0125e1      4.2584e0    -2.4925e1     -6.1837e0
  29   9     -1.0000e1      4.3834e0    -2.4759e1     -6.1420e0
  29  10     -9.8750e0      4.5084e0    -2.4592e1     -6.1004e0
  29  11     -9.7500e0      4.6334e0    -2.4425e1     -6.0587e0
  29  12     -9.6250e0      4.7584e0    -2.4259e1     -6.0170e0
  29  13     -9.5000e0      4.8834e0    -2.4092e1     -5.9754e0
  29  14     -9.3750e0      5.0084e0    -2.3925e1     -5.9337e0
  29  15     -9.2500e0      5.1334e0    -2.3759e1     -5.8920e0
  29  16     -9.1250e0      5.2584e0    -2.3592e1     -5.8504e0
  29  17     -9.0000e0      5.3834e0    -2.3425e1     -5.8087e0
  29  18     -8.8750e0      5.5084e0    -2.3259e1     -5.7670e0
  29  19     -8.7500e0      5.6334e0    -2.3092e1     -5.7254e0
  29  20     -8.6250e0      5.7584e0    -2.2925e1     -5.6837e0
  29  21     -8.5000e0      5.8834e0    -2.2759e1     -5.6421e0
  29  22     -8.3750e0      6.0084e0    -2.2592e1     -5.6004e0
  29  23     -8.2500e0      6.1334e0    -2.2425e1     -5.5587e0
  29  24     -8.1250e0      6.2584e0    -2.2259e1     -5.5171e0
  29  25     -8.0000e0      6.3834e0    -2.2092e1     -5.4754e0
  29  26     -7.8750e0      6.5084e0    -2.1925e1     -5.4337e0
  29  27     -7.7500e0      6.6334e0    -2.1759e1     -5.3921e0
  29  28     -7.6250e0      6.7584e0    -2.1592e1     -5.3504e0
  29  29     -7.5000e0      6.8834e0    -2.1425e1     -5.3088e0
  29  30     -7.3750e0      7.0084e0    -2.1259e1     -5.2672e0
  29  31     -7.2500e0      7.1334e0    -2.1092e1     -5.2255e0
  29  32     -7.1250e0      7.2584e0    -2.0926e1     -5.1839e0
  29  33     -7.0000e0      7.3834e0    -2.0759e1     -5.1423e0
  29  34     -6.8750e0      7.5084e0    -2.0592e1     -5.1007e0
  29  35     -6.7500e0      7.6334e0    -2.0426e1     -5.0592e0
  29  36     -6.6250e0      7.7584e0    -2.0259e1     -5.0177e0
  29  37     -6.5000e0      7.8834e0    -2.0093e1     -4.9761e0
  29  38     -6.3750e0      8.0084e0    -1.9926e1     -4.9347e0
  29  39     -6.2500e0      8.1334e0    -1.9760e1     -4.8932e0
  29  40     -6.1250e0      8.2584e0    -1.9593e1     -4.8518e0
  29  41     -6.0000e0      8.3834e0    -1.9427e1     -4.8103e0
  29  42     -5.8750e0      8.5084e0    -1.9261e1     -4.7689e0
  29  43     -5.7500e0      8.6334e0    -1.9094e1     -4.7275e0
  29  44     -5.6250e0      8.7584e0    -1.8928e1     -4.6861e0
  29  45     -5.5000e0      8.8834e0    -1.8761e1     -4.6447e0
  29  46     -5.3750e0      9.0084e0    -1.8595e1     -4.6032e0
  29  47     -5.2500e0      9.1334e0    -1.8428e1     -4.5618e0
  29  48     -5.1250e0      9.2584e0    -1.8262e1     -4.5203e0
  29  49     -5.0000e0      9.3834e0    -1.8095e1     -4.4788e0
  29  50     -4.8750e0      9.5084e0    -1.7929e1     -4.4373e0
  29  51     -4.7500e0      9.6334e0    -1.7762e1     -4.3958e0
  29  52     -4.6250e0      9.7584e0    -1.7596e1     -4.3544e0
  29  53     -4.5000e0      9.8834e0    -1.7429e1     -4.3129e0
  29  54     -4.3750e0      1.0008e1    -1.7263e1     -4.2715e0
  29  55     -4.2500e0      1.0133e1    -1.7097e1     -4.2301e0
  29  56     -4.1250e0      1.0258e1    -1.6930e1     -4.1887e0
  29  57     -4.0000e0      1.0383e1    -1.6764e1     -4.1474e0
  29  58     -3.8750e0      1.0508e1    -1.6598e1     -4.1062e0
  29  59     -3.7500e0      1.0633e1    -1.6432e1     -4.0651e0
  29  60     -3.6250e0      1.0758e1    -1.6266e1     -4.0241e0
  29  61     -3.5000e0      1.0883e1    -1.6100e1     -3.9832e0
  29  62     -3.3750e0      1.1008e1    -1.5934e1     -3.9424e0
  29  63     -3.2500e0      1.1133e1    -1.5768e1     -3.9019e0
  29  64     -3.1250e0      1.1258e1    -1.5603e1     -3.8615e0
  29  65     -3.0000e0      1.1383e1    -1.5438e1     -3.8215e0
  29  66     -2.8750e0      1.1508e1    -1.5273e1     -3.7817e0
  29  67     -2.7500e0      1.1633e1    -1.5109e1     -3.7423e0
  29  68     -2.6250e0      1.1758e1    -1.4945e1     -3.7034e0
  29  69     -2.5000e0      1.1883e1    -1.4782e1     -3.6649e0
  29  70     -2.3750e0      1.2008e1    -1.4619e1     -3.6271e0
  29  71     -2.2500e0      1.2133e1    -1.4457e1     -3.5900e0
  29  72     -2.1250e0      1.2258e1    -1.4295e1     -3.5538e0
  29  73     -2.0000e0      1.2383e1    -1.4135e1     -3.5186e0
  29  74     -1.8750e0      1.2508e1    -1.3976e1     -3.4845e0
  29  75     -1.7500e0      1.2633e1    -1.3818e1     -3.4519e0
  29  76     -1.6250e0      1.2758e1    -1.3662e1     -3.4209e0
  29  77     -1.5000e0      1.2883e1    -1.3508e1     -3.3918e0
  29  78     -1.3750e0      1.3008e1    -1.3357e1     -3.3649e0
  29  79     -1.2500e0      1.3133e1    -1.3207e1     -3.3406e0
  29  80     -1.1250e0      1.3258e1    -1.3061e1     -3.3193e0
  29  81     -1.0000e0      1.3383e1    -1.2918e1     -3.3013e0
  29  82    -8.7501e-1      1.3508e1    -1.2779e1     -3.2872e0
  29  83    -7.5001e-1      1.3633e1    -1.2644e1     -3.2775e0
  29  84    -6.2501e-1      1.3758e1    -1.2514e1     -3.2727e0
  29  85    -5.0001e-1      1.3883e1    -1.2390e1     -3.2733e0
  29  86    -3.7501e-1      1.4008e1    -1.2272e1     -3.2800e0
  29  87    -2.5001e-1      1.4133e1    -1.2160e1     -3.2933e0
  29  88    -1.2501e-1      1.4258e1    -1.2056e1     -3.3139e0
  29  89    -1.3724e-5      1.4383e1    -1.1959e1     -3.3424e0
  29  90     1.2499e-1      1.4508e1    -1.1871e1     -3.3794e0
  29  91     2.4999e-1      1.4633e1    -1.1792e1     -3.4255e0
  29  92     3.7499e-1      1.4758e1    -1.1723e1     -3.4813e0
  29  93     4.9999e-1      1.4883e1    -1.1664e1     -3.5473e0
  29  94     6.2499e-1      1.5008e1    -1.1616e1     -3.6239e0
  29  95     7.4999e-1      1.5133e1    -1.1578e1     -3.7115e0
  29  96     8.7499e-1      1.5258e1    -1.1552e1     -3.8102e0
  29  97     9.9999e-1      1.5383e1    -1.1537e1     -3.9200e0
  29  98      1.1250e0      1.5508e1    -1.1532e1     -4.0408e0
  29  99      1.2500e0      1.5633e1    -1.1539e1     -4.1724e0
  29 100      1.3750e0      1.5758e1    -1.1556e1     -4.3141e0
  29 101      1.5000e0      1.5883e1    -1.1582e1     -4.4651e0
  29 102      1.6250e0      1.6008e1    -1.1616e1     -4.6240e0
  29 103      1.7500e0      1.6133e1    -1.1655e1     -4.7888e0
  29 104      1.8750e0      1.6258e1    -1.1699e1     -4.9572e0
  29 105      2.0000e0      1.6383e1    -1.1743e1     -5.1260e0
  29 106      2.1250e0      1.6508e1    -1.1784e1     -5.2924e0
  29 107      2.2500e0      1.6633e1    -1.1820e1     -5.4537e0
  29 108      2.3750e0      1.6758e1    -1.1850e1     -5.6081e0
  29 109      2.5000e0      1.6883e1    -1.1872e1     -5.7550e0
  29 110      2.6250e0      1.7008e1    -1.1887e1     -5.8953e0
  29 111      2.7500e0      1.7133e1    -1.1897e1     -6.0306e0
  29 112      2.8750e0      1.7258e1    -1.1905e1     -6.1630e0
  29 113      3.0000e0      1.7383e1    -1.1911e1     -6.2944e0
  29 114      3.1250e0      1.7508e1    -1.1918e1     -6.4262e0
  29 115      3.2500e0      1.7633e1    -1.1926e1     -6.5595e0
  29 116      3.3750e0      1.7758e1    -1.1937e1     -6.6951e0
  29 117      3.5000e0      1.7883e1    -1.1949e1     -6.8328e0
  29 118      3.6250e0      1.8008e1    -1.1964e1     -6.9724e0
  29 119      3.7500e0      1.8133e1    -1.1979e1     -7.1129e0
  29 120      3.8750e0      1.8258e1    -1.1995e1     -7.2532e0
  29 121      4.0000e0      1.8383e1    -1.2009e1     -7.3927e0
  29 122      4.1250e0      1.8508e1    -1.2023e1     -7.5311e0
  29 123      4.2500e0      1.8633e1    -1.2035e1     -7.6686e0
  29 124      4.3750e0      1.8758e1    -1.2047e1     -7.8056e0
  29 125      4.5000e0      1.8883e1    -1.2059e1     -7.9426e0
  29 126      4.6250e0      1.9008e1    -1.2071e1     -8.0798e0
  29 127      4.7500e0      1.9133e1    -1.2084e1     -8.2173e0
  29 128      4.8750e0      1.9258e1    -1.2097e1     -8.3553e0
  29 129      5.0000e0      1.9383e1    -1.2110e1     -8.4935e0
  29 130      5.1250e0      1.9508e1    -1.2123e1     -8.6319e0
  29 131      5.2500e0      1.9633e1    -1.2137e1     -8.7704e0
  29 132      5.3750e0      1.9758e1    -1.2150e1     -8.9089e0
  29 133      5.5000e0      1.9883e1    -1.2164e1     -9.0473e0
  29 134      5.6250e0      2.0008e1    -1.2177e1     -9.1855e0
  29 135      5.7500e0      2.0133e1    -1.2190e1     -9.3236e0
  29 136      5.8750e0      2.0258e1    -1.2203e1     -9.4617e0
  29 137      6.0000e0      2.0383e1    -1.2216e1     -9.5998e0
  29 138      6.1250e0      2.0508e1    -1.2230e1     -9.7380e0
  29 139      6.2500e0      2.0633e1    -1.2243e1     -9.8764e0
  29 140      6.3750e0      2.0758e1    -1.2256e1     -1.0015e1
  29 141      6.5000e0      2.0883e1    -1.2270e1     -1.0154e1
  29 142      6.6250e0      2.1008e1    -1.2285e1     -1.0293e1
  29 143      6.7500e0      2.1133e1    -1.2300e1     -1.0433e1
  29 144      6.8750e0      2.1258e1    -1.2315e1     -1.0574e1
  29 145      7.0000e0      2.1383e1    -1.2331e1     -1.0715e1
  29 146      7.1250e0      2.1508e1    -1.2347e1     -1.0856e1
  29 147      7.2500e0      2.1633e1    -1.2362e1     -1.0996e1
  29 148      7.3750e0      2.1758e1    -1.2377e1     -1.1136e1
  29 149      7.5000e0      2.1883e1    -1.2392e1     -1.1275e1
  29 150      7.6250e0      2.2008e1    -1.2407e1     -1.1415e1
  29 151      7.7500e0      2.2133e1    -1.2421e1     -1.1554e1
  29 152      7.8750e0      2.2258e1    -1.2435e1     -1.1694e1
  29 153      8.0000e0      2.2383e1    -1.2449e1     -1.1833e1
  29 154      8.1250e0      2.2508e1    -1.2463e1     -1.1971e1
  29 155      8.2500e0      2.2633e1    -1.2476e1     -1.2110e1
  29 156      8.3750e0      2.2758e1    -1.2490e1     -1.2249e1
  29 157      8.5000e0      2.2883e1    -1.2504e1     -1.2388e1
  29 158      8.6250e0      2.3008e1    -1.2519e1     -1.2528e1
  29 159      8.7500e0      2.3133e1    -1.2535e1     -1.2668e1
  29 160      8.8750e0      2.3258e1    -1.2550e1     -1.2809e1
  29 161      9.0000e0      2.3383e1    -1.2566e1     -1.2950e1
  29 162      9.1250e0      2.3508e1    -1.2582e1     -1.3090e1
  29 163      9.2500e0      2.3633e1    -1.2597e1     -1.3230e1
  29 164      9.3750e0      2.3758e1    -1.2611e1     -1.3370e1
  29 165      9.5000e0      2.3883e1    -1.2625e1     -1.3509e1
  29 166      9.6250e0      2.4008e1    -1.2640e1     -1.3648e1
  29 167      9.7500e0      2.4133e1    -1.2654e1     -1.3787e1
  29 168      9.8750e0      2.4258e1    -1.2668e1     -1.3927e1
  29 169      1.0000e1      2.4383e1    -1.2682e1     -1.4066e1
  29 170      1.0125e1      2.4508e1    -1.2697e1     -1.4205e1
  29 171      1.0250e1      2.4633e1    -1.2711e1     -1.4344e1
  29 172      1.0375e1      2.4758e1    -1.2726e1     -1.4484e1
  29 173      1.0500e1      2.4883e1    -1.2741e1     -1.4625e1
  29 174      1.0625e1      2.5008e1    -1.2757e1     -1.4766e1
  29 175      1.0750e1      2.5133e1    -1.2774e1     -1.4908e1
  29 176      1.0875e1      2.5258e1    -1.2791e1     -1.5050e1
  29 177      1.1000e1      2.5383e1    -1.2809e1     -1.5192e1
  29 178      1.1125e1      2.5508e1    -1.2826e1     -1.5335e1
  29 179      1.1250e1      2.5633e1    -1.2843e1     -1.5477e1
  29 180      1.1375e1      2.5758e1    -1.2860e1     -1.5619e1
  29 181      1.1500e1      2.5883e1    -1.2878e1     -1.5761e1
  29 182      1.1625e1      2.6008e1    -1.2895e1     -1.5904e1
  29 183      1.1750e1      2.6133e1    -1.2913e1     -1.6047e1
  29 184      1.1875e1      2.6258e1    -1.2932e1     -1.6190e1
  29 185      1.2000e1      2.6383e1    -1.2950e1     -1.6333e1
  29 186      1.2125e1      2.6508e1    -1.2968e1     -1.6476e1
  29 187      1.2250e1      2.6633e1    -1.2986e1     -1.6619e1
  29 188      1.2375e1      2.6758e1    -1.3005e1     -1.6763e1
  29 189      1.2500e1      2.6883e1    -1.3025e1     -1.6909e1
  29 190      1.2625e1      2.7008e1    -1.3048e1     -1.7057e1
  29 191      1.2750e1      2.7133e1    -1.3074e1     -1.7208e1
  29 192      1.2875e1      2.7258e1    -1.3103e1     -1.7362e1
  29 193      1.3000e1      2.7383e1    -1.3135e1     -1.7519e1
  29 194      1.3125e1      2.7508e1    -1.3169e1     -1.7678e1
  29 195      1.3250e1      2.7633e1    -1.3205e1     -1.7838e1
  29 196      1.3375e1      2.7758e1    -1.3243e1     -1.8001e1
  29 197      1.3500e1      2.7883e1    -1.3283e1     -1.8166e1
  29 198      1.3625e1      2.8008e1    -1.3326e1     -1.8334e1
  29 199      1.3750e1      2.8133e1    -1.3372e1     -1.8506e1
  29 200      1.3875e1      2.8258e1    -1.3422e1     -1.8681e1
  29 201      1.4000e1      2.8383e1    -1.3477e1     -1.8861e1
  29 202      1.4125e1      2.8508e1    -1.3539e1     -1.9048e1
  29 203      1.4250e1      2.8633e1    -1.3610e1     -1.9244e1
  29 204      1.4375e1      2.8758e1    -1.3691e1     -1.9449e1
  29 205      1.4500e1      2.8883e1    -1.3781e1     -1.9664e1
  29 206      1.4625e1      2.9008e1    -1.3878e1     -1.9886e1
  29 207      1.4750e1      2.9133e1    -1.3980e1     -2.0113e1
  29 208      1.4875e1      2.9258e1    -1.4085e1     -2.0343e1
  29 209      1.5000e1      2.9383e1    -1.4196e1     -2.0580e1
            log10(eV)     log10(Hz)    log10(nuFnu)  log10(Jy)

i_tm =  30;  t_obs =      8.748e3
  30   1     -1.1000e1      3.3834e0    -2.6045e1     -6.4286e0
  30   2     -1.0875e1      3.5084e0    -2.5879e1     -6.3869e0
  30   3     -1.0750e1      3.6334e0    -2.5712e1     -6.3452e0
  30   4     -1.0625e1      3.7584e0    -2.5545e1     -6.3036e0
  30   5     -1.0500e1      3.8834e0    -2.5379e1     -6.2619e0
  30   6     -1.0375e1      4.0084e0    -2.5212e1     -6.2202e0
  30   7     -1.0250e1      4.1334e0    -2.5045e1     -6.1786e0
  30   8     -1.0125e1      4.2584e0    -2.4879e1     -6.1369e0
  30   9     -1.0000e1      4.3834e0    -2.4712e1     -6.0952e0
  30  10     -9.8750e0      4.5084e0    -2.4545e1     -6.0536e0
  30  11     -9.7500e0      4.6334e0    -2.4379e1     -6.0119e0
  30  12     -9.6250e0      4.7584e0    -2.4212e1     -5.9702e0
  30  13     -9.5000e0      4.8834e0    -2.4045e1     -5.9286e0
  30  14     -9.3750e0      5.0084e0    -2.3879e1     -5.8869e0
  30  15     -9.2500e0      5.1334e0    -2.3712e1     -5.8452e0
  30  16     -9.1250e0      5.2584e0    -2.3545e1     -5.8036e0
  30  17     -9.0000e0      5.3834e0    -2.3379e1     -5.7619e0
  30  18     -8.8750e0      5.5084e0    -2.3212e1     -5.7203e0
  30  19     -8.7500e0      5.6334e0    -2.3045e1     -5.6786e0
  30  20     -8.6250e0      5.7584e0    -2.2879e1     -5.6369e0
  30  21     -8.5000e0      5.8834e0    -2.2712e1     -5.5953e0
  30  22     -8.3750e0      6.0084e0    -2.2545e1     -5.5536e0
  30  23     -8.2500e0      6.1334e0    -2.2379e1     -5.5119e0
  30  24     -8.1250e0      6.2584e0    -2.2212e1     -5.4703e0
  30  25     -8.0000e0      6.3834e0    -2.2045e1     -5.4286e0
  30  26     -7.8750e0      6.5084e0    -2.1879e1     -5.3870e0
  30  27     -7.7500e0      6.6334e0    -2.1712e1     -5.3453e0
  30  28     -7.6250e0      6.7584e0    -2.1545e1     -5.3037e0
  30  29     -7.5000e0      6.8834e0    -2.1379e1     -5.2620e0
  30  30     -7.3750e0      7.0084e0    -2.1212e1     -5.2204e0
  30  31     -7.2500e0      7.1334e0    -2.1045e1     -5.1788e0
  30  32     -7.1250e0      7.2584e0    -2.0879e1     -5.1372e0
  30  33     -7.0000e0      7.3834e0    -2.0712e1     -5.0956e0
  30  34     -6.8750e0      7.5084e0    -2.0546e1     -5.0541e0
  30  35     -6.7500e0      7.6334e0    -2.0379e1     -5.0125e0
  30  36     -6.6250e0      7.7584e0    -2.0213e1     -4.9710e0
  30  37     -6.5000e0      7.8834e0    -2.0046e1     -4.9296e0
  30  38     -6.3750e0      8.0084e0    -1.9880e1     -4.8881e0
  30  39     -6.2500e0      8.1334e0    -1.9713e1     -4.8467e0
  30  40     -6.1250e0      8.2584e0    -1.9547e1     -4.8053e0
  30  41     -6.0000e0      8.3834e0    -1.9380e1     -4.7638e0
  30  42     -5.8750e0      8.5084e0    -1.9214e1     -4.7224e0
  30  43     -5.7500e0      8.6334e0    -1.9048e1     -4.6810e0
  30  44     -5.6250e0      8.7584e0    -1.8881e1     -4.6396e0
  30  45     -5.5000e0      8.8834e0    -1.8715e1     -4.5981e0
  30  46     -5.3750e0      9.0084e0    -1.8548e1     -4.5567e0
  30  47     -5.2500e0      9.1334e0    -1.8382e1     -4.5152e0
  30  48     -5.1250e0      9.2584e0    -1.8215e1     -4.4737e0
  30  49     -5.0000e0      9.3834e0    -1.8049e1     -4.4322e0
  30  50     -4.8750e0      9.5084e0    -1.7882e1     -4.3907e0
  30  51     -4.7500e0      9.6334e0    -1.7716e1     -4.3492e0
  30  52     -4.6250e0      9.7584e0    -1.7549e1     -4.3078e0
  30  53     -4.5000e0      9.8834e0    -1.7383e1     -4.2664e0
  30  54     -4.3750e0      1.0008e1    -1.7217e1     -4.2250e0
  30  55     -4.2500e0      1.0133e1    -1.7050e1     -4.1836e0
  30  56     -4.1250e0      1.0258e1    -1.6884e1     -4.1424e0
  30  57     -4.0000e0      1.0383e1    -1.6718e1     -4.1012e0
  30  58     -3.8750e0      1.0508e1    -1.6552e1     -4.0600e0
  30  59     -3.7500e0      1.0633e1    -1.6386e1     -4.0191e0
  30  60     -3.6250e0      1.0758e1    -1.6220e1     -3.9782e0
  30  61     -3.5000e0      1.0883e1    -1.6054e1     -3.9375e0
  30  62     -3.3750e0      1.1008e1    -1.5889e1     -3.8969e0
  30  63     -3.2500e0      1.1133e1    -1.5723e1     -3.8566e0
  30  64     -3.1250e0      1.1258e1    -1.5558e1     -3.8166e0
  30  65     -3.0000e0      1.1383e1    -1.5393e1     -3.7769e0
  30  66     -2.8750e0      1.1508e1    -1.5229e1     -3.7376e0
  30  67     -2.7500e0      1.1633e1    -1.5065e1     -3.6987e0
  30  68     -2.6250e0      1.1758e1    -1.4902e1     -3.6603e0
  30  69     -2.5000e0      1.1883e1    -1.4739e1     -3.6226e0
  30  70     -2.3750e0      1.2008e1    -1.4577e1     -3.5857e0
  30  71     -2.2500e0      1.2133e1    -1.4416e1     -3.5496e0
  30  72     -2.1250e0      1.2258e1    -1.4256e1     -3.5145e0
  30  73     -2.0000e0      1.2383e1    -1.4097e1     -3.4807e0
  30  74     -1.8750e0      1.2508e1    -1.3940e1     -3.4483e0
  30  75     -1.7500e0      1.2633e1    -1.3784e1     -3.4175e0
  30  76     -1.6250e0      1.2758e1    -1.3630e1     -3.3887e0
  30  77     -1.5000e0      1.2883e1    -1.3479e1     -3.3622e0
  30  78     -1.3750e0      1.3008e1    -1.3330e1     -3.3383e0
  30  79     -1.2500e0      1.3133e1    -1.3184e1     -3.3174e0
  30  80     -1.1250e0      1.3258e1    -1.3042e1     -3.2999e0
  30  81     -1.0000e0      1.3383e1    -1.2903e1     -3.2864e0
  30  82    -8.7501e-1      1.3508e1    -1.2769e1     -3.2772e0
  30  83    -7.5001e-1      1.3633e1    -1.2640e1     -3.2731e0
  30  84    -6.2501e-1      1.3758e1    -1.2516e1     -3.2744e0
  30  85    -5.0001e-1      1.3883e1    -1.2398e1     -3.2818e0
  30  86    -3.7501e-1      1.4008e1    -1.2288e1     -3.2960e0
  30  87    -2.5001e-1      1.4133e1    -1.2184e1     -3.3175e0
  30  88    -1.2501e-1      1.4258e1    -1.2088e1     -3.3469e0
  30  89    -1.3724e-5      1.4383e1    -1.2001e1     -3.3848e0
  30  90     1.2499e-1      1.4508e1    -1.1923e1     -3.4318e0
  30  91     2.4999e-1      1.4633e1    -1.1855e1     -3.4885e0
  30  92     3.7499e-1      1.4758e1    -1.1797e1     -3.5554e0
  30  93     4.9999e-1      1.4883e1    -1.1749e1     -3.6329e0
  30  94     6.2499e-1      1.5008e1    -1.1713e1     -3.7212e0
  30  95     7.4999e-1      1.5133e1    -1.1687e1     -3.8206e0
  30  96     8.7499e-1      1.5258e1    -1.1673e1     -3.9310e0
  30  97     9.9999e-1      1.5383e1    -1.1669e1     -4.0524e0
  30  98      1.1250e0      1.5508e1    -1.1676e1     -4.1843e0
  30  99      1.2500e0      1.5633e1    -1.1693e1     -4.3263e0
  30 100      1.3750e0      1.5758e1    -1.1719e1     -4.4772e0
  30 101      1.5000e0      1.5883e1    -1.1752e1     -4.6358e0
  30 102      1.6250e0      1.6008e1    -1.1792e1     -4.8000e0
  30 103      1.7500e0      1.6133e1    -1.1834e1     -4.9672e0
  30 104      1.8750e0      1.6258e1    -1.1876e1     -5.1343e0
  30 105      2.0000e0      1.6383e1    -1.1915e1     -5.2982e0
  30 106      2.1250e0      1.6508e1    -1.1948e1     -5.4561e0
  30 107      2.2500e0      1.6633e1    -1.1973e1     -5.6066e0
  30 108      2.3750e0      1.6758e1    -1.1991e1     -5.7496e0
  30 109      2.5000e0      1.6883e1    -1.2003e1     -5.8864e0
  30 110      2.6250e0      1.7008e1    -1.2010e1     -6.0186e0
  30 111      2.7500e0      1.7133e1    -1.2015e1     -6.1482e0
  30 112      2.8750e0      1.7258e1    -1.2019e1     -6.2770e0
  30 113      3.0000e0      1.7383e1    -1.2023e1     -6.4063e0
  30 114      3.1250e0      1.7508e1    -1.2029e1     -6.5372e0
  30 115      3.2500e0      1.7633e1    -1.2037e1     -6.6704e0
  30 116      3.3750e0      1.7758e1    -1.2048e1     -6.8062e0
  30 117      3.5000e0      1.7883e1    -1.2061e1     -6.9444e0
  30 118      3.6250e0      1.8008e1    -1.2076e1     -7.0843e0
  30 119      3.7500e0      1.8133e1    -1.2092e1     -7.2250e0
  30 120      3.8750e0      1.8258e1    -1.2107e1     -7.3657e0
  30 121      4.0000e0      1.8383e1    -1.2122e1     -7.5057e0
  30 122      4.1250e0      1.8508e1    -1.2136e1     -7.6447e0
  30 123      4.2500e0      1.8633e1    -1.2150e1     -7.7832e0
  30 124      4.3750e0      1.8758e1    -1.2163e1     -7.9213e0
  30 125      4.5000e0      1.8883e1    -1.2176e1     -8.0595e0
  30 126      4.6250e0      1.9008e1    -1.2189e1     -8.1978e0
  30 127      4.7500e0      1.9133e1    -1.2203e1     -8.3363e0
  30 128      4.8750e0      1.9258e1    -1.2217e1     -8.4750e0
  30 129      5.0000e0      1.9383e1    -1.2230e1     -8.6137e0
  30 130      5.1250e0      1.9508e1    -1.2244e1     -8.7524e0
  30 131      5.2500e0      1.9633e1    -1.2258e1     -8.8910e0
  30 132      5.3750e0      1.9758e1    -1.2271e1     -9.0295e0
  30 133      5.5000e0      1.9883e1    -1.2284e1     -9.1676e0
  30 134      5.6250e0      2.0008e1    -1.2297e1     -9.3054e0
  30 135      5.7500e0      2.0133e1    -1.2310e1     -9.4431e0
  30 136      5.8750e0      2.0258e1    -1.2322e1     -9.5808e0
  30 137      6.0000e0      2.0383e1    -1.2335e1     -9.7188e0
  30 138      6.1250e0      2.0508e1    -1.2348e1     -9.8569e0
  30 139      6.2500e0      2.0633e1    -1.2362e1     -9.9953e0
  30 140      6.3750e0      2.0758e1    -1.2375e1     -1.0134e1
  30 141      6.5000e0      2.0883e1    -1.2389e1     -1.0273e1
  30 142      6.6250e0      2.1008e1    -1.2404e1     -1.0412e1
  30 143      6.7500e0      2.1133e1    -1.2419e1     -1.0552e1
  30 144      6.8750e0      2.1258e1    -1.2434e1     -1.0693e1
  30 145      7.0000e0      2.1383e1    -1.2450e1     -1.0833e1
  30 146      7.1250e0      2.1508e1    -1.2465e1     -1.0974e1
  30 147      7.2500e0      2.1633e1    -1.2480e1     -1.1113e1
  30 148      7.3750e0      2.1758e1    -1.2494e1     -1.1253e1
  30 149      7.5000e0      2.1883e1    -1.2509e1     -1.1392e1
  30 150      7.6250e0      2.2008e1    -1.2523e1     -1.1531e1
  30 151      7.7500e0      2.2133e1    -1.2537e1     -1.1670e1
  30 152      7.8750e0      2.2258e1    -1.2551e1     -1.1809e1
  30 153      8.0000e0      2.2383e1    -1.2564e1     -1.1948e1
  30 154      8.1250e0      2.2508e1    -1.2578e1     -1.2086e1
  30 155      8.2500e0      2.2633e1    -1.2592e1     -1.2225e1
  30 156      8.3750e0      2.2758e1    -1.2606e1     -1.2364e1
  30 157      8.5000e0      2.2883e1    -1.2620e1     -1.2503e1
  30 158      8.6250e0      2.3008e1    -1.2635e1     -1.2644e1
  30 159      8.7500e0      2.3133e1    -1.2651e1     -1.2784e1
  30 160      8.8750e0      2.3258e1    -1.2667e1     -1.2925e1
  30 161      9.0000e0      2.3383e1    -1.2683e1     -1.3066e1
  30 162      9.1250e0      2.3508e1    -1.2698e1     -1.3207e1
  30 163      9.2500e0      2.3633e1    -1.2713e1     -1.3347e1
  30 164      9.3750e0      2.3758e1    -1.2728e1     -1.3486e1
  30 165      9.5000e0      2.3883e1    -1.2743e1     -1.3626e1
  30 166      9.6250e0      2.4008e1    -1.2757e1     -1.3765e1
  30 167      9.7500e0      2.4133e1    -1.2772e1     -1.3905e1
  30 168      9.8750e0      2.4258e1    -1.2786e1     -1.4045e1
  30 169      1.0000e1      2.4383e1    -1.2801e1     -1.4184e1
  30 170      1.0125e1      2.4508e1    -1.2816e1     -1.4324e1
  30 171      1.0250e1      2.4633e1    -1.2831e1     -1.4465e1
  30 172      1.0375e1      2.4758e1    -1.2847e1     -1.4605e1
  30 173      1.0500e1      2.4883e1    -1.2864e1     -1.4747e1
  30 174      1.0625e1      2.5008e1    -1.2881e1     -1.4890e1
  30 175      1.0750e1      2.5133e1    -1.2900e1     -1.5033e1
  30 176      1.0875e1      2.5258e1    -1.2919e1     -1.5177e1
  30 177      1.1000e1      2.5383e1    -1.2938e1     -1.5321e1
  30 178      1.1125e1      2.5508e1    -1.2957e1     -1.5465e1
  30 179      1.1250e1      2.5633e1    -1.2976e1     -1.5609e1
  30 180      1.1375e1      2.5758e1    -1.2996e1     -1.5754e1
  30 181      1.1500e1      2.5883e1    -1.3017e1     -1.5900e1
  30 182      1.1625e1      2.6008e1    -1.3039e1     -1.6047e1
  30 183      1.1750e1      2.6133e1    -1.3062e1     -1.6196e1
  30 184      1.1875e1      2.6258e1    -1.3087e1     -1.6345e1
  30 185      1.2000e1      2.6383e1    -1.3111e1     -1.6495e1
  30 186      1.2125e1      2.6508e1    -1.3136e1     -1.6644e1
  30 187      1.2250e1      2.6633e1    -1.3161e1     -1.6795e1
  30 188      1.2375e1      2.6758e1    -1.3188e1     -1.6947e1
  30 189      1.2500e1      2.6883e1    -1.3217e1     -1.7100e1
  30 190      1.2625e1      2.7008e1    -1.3249e1     -1.7257e1
  30 191      1.2750e1      2.7133e1    -1.3284e1     -1.7417e1
  30 192      1.2875e1      2.7258e1    -1.3322e1     -1.7580e1
  30 193      1.3000e1      2.7383e1    -1.3361e1     -1.7745e1
  30 194      1.3125e1      2.7508e1    -1.3402e1     -1.7911e1
  30 195      1.3250e1      2.7633e1    -1.3445e1     -1.8078e1
  30 196      1.3375e1      2.7758e1    -1.3489e1     -1.8247e1
  30 197      1.3500e1      2.7883e1    -1.3535e1     -1.8419e1
  30 198      1.3625e1      2.8008e1    -1.3584e1     -1.8592e1
  30 199      1.3750e1      2.8133e1    -1.3636e1     -1.8769e1
  30 200      1.3875e1      2.8258e1    -1.3690e1     -1.8949e1
  30 201      1.4000e1      2.8383e1    -1.3747e1     -1.9131e1
  30 202      1.4125e1      2.8508e1    -1.3806e1     -1.9315e1
  30 203      1.4250e1      2.8633e1    -1.3868e1     -1.9502e1
  30 204      1.4375e1      2.8758e1    -1.3934e1     -1.9692e1
  30 205      1.4500e1      2.8883e1    -1.4006e1     -1.9889e1
  30 206      1.4625e1      2.9008e1    -1.4084e1     -2.0093e1
  30 207      1.4750e1      2.9133e1    -1.4172e1     -2.0306e1
  30 208      1.4875e1      2.9258e1    -1.4273e1     -2.0531e1
  30 209      1.5000e1      2.9383e1    -1.4388e1     -2.0771e1
            log10(eV)     log10(Hz)    log10(nuFnu)  log10(Jy)

i_tm =  31;  t_obs =      1.105e4
  31   1     -1.1000e1      3.3834e0    -2.5998e1     -6.3815e0
  31   2     -1.0875e1      3.5084e0    -2.5831e1     -6.3398e0
  31   3     -1.0750e1      3.6334e0    -2.5665e1     -6.2982e0
  31   4     -1.0625e1      3.7584e0    -2.5498e1     -6.2565e0
  31   5     -1.0500e1      3.8834e0    -2.5331e1     -6.2148e0
  31   6     -1.0375e1      4.0084e0    -2.5165e1     -6.1732e0
  31   7     -1.0250e1      4.1334e0    -2.4998e1     -6.1315e0
  31   8     -1.0125e1      4.2584e0    -2.4831e1     -6.0898e0
  31   9     -1.0000e1      4.3834e0    -2.4665e1     -6.0482e0
  31  10     -9.8750e0      4.5084e0    -2.4498e1     -6.0065e0
  31  11     -9.7500e0      4.6334e0    -2.4331e1     -5.9648e0
  31  12     -9.6250e0      4.7584e0    -2.4165e1     -5.9232e0
  31  13     -9.5000e0      4.8834e0    -2.3998e1     -5.8815e0
  31  14     -9.3750e0      5.0084e0    -2.3831e1     -5.8398e0
  31  15     -9.2500e0      5.1334e0    -2.3665e1     -5.7982e0
  31  16     -9.1250e0      5.2584e0    -2.3498e1     -5.7565e0
  31  17     -9.0000e0      5.3834e0    -2.3331e1     -5.7148e0
  31  18     -8.8750e0      5.5084e0    -2.3165e1     -5.6732e0
  31  19     -8.7500e0      5.6334e0    -2.2998e1     -5.6315e0
  31  20     -8.6250e0      5.7584e0    -2.2831e1     -5.5898e0
  31  21     -8.5000e0      5.8834e0    -2.2665e1     -5.5482e0
  31  22     -8.3750e0      6.0084e0    -2.2498e1     -5.5065e0
  31  23     -8.2500e0      6.1334e0    -2.2331e1     -5.4649e0
  31  24     -8.1250e0      6.2584e0    -2.2165e1     -5.4232e0
  31  25     -8.0000e0      6.3834e0    -2.1998e1     -5.3816e0
  31  26     -7.8750e0      6.5084e0    -2.1831e1     -5.3399e0
  31  27     -7.7500e0      6.6334e0    -2.1665e1     -5.2983e0
  31  28     -7.6250e0      6.7584e0    -2.1498e1     -5.2566e0
  31  29     -7.5000e0      6.8834e0    -2.1332e1     -5.2150e0
  31  30     -7.3750e0      7.0084e0    -2.1165e1     -5.1734e0
  31  31     -7.2500e0      7.1334e0    -2.0998e1     -5.1318e0
  31  32     -7.1250e0      7.2584e0    -2.0832e1     -5.0902e0
  31  33     -7.0000e0      7.3834e0    -2.0665e1     -5.0487e0
  31  34     -6.8750e0      7.5084e0    -2.0499e1     -5.0071e0
  31  35     -6.7500e0      7.6334e0    -2.0332e1     -4.9656e0
  31  36     -6.6250e0      7.7584e0    -2.0166e1     -4.9242e0
  31  37     -6.5000e0      7.8834e0    -1.9999e1     -4.8827e0
  31  38     -6.3750e0      8.0084e0    -1.9833e1     -4.8413e0
  31  39     -6.2500e0      8.1334e0    -1.9666e1     -4.7999e0
  31  40     -6.1250e0      8.2584e0    -1.9500e1     -4.7585e0
  31  41     -6.0000e0      8.3834e0    -1.9334e1     -4.7170e0
  31  42     -5.8750e0      8.5084e0    -1.9167e1     -4.6756e0
  31  43     -5.7500e0      8.6334e0    -1.9001e1     -4.6342e0
  31  44     -5.6250e0      8.7584e0    -1.8834e1     -4.5928e0
  31  45     -5.5000e0      8.8834e0    -1.8668e1     -4.5513e0
  31  46     -5.3750e0      9.0084e0    -1.8501e1     -4.5098e0
  31  47     -5.2500e0      9.1334e0    -1.8335e1     -4.4683e0
  31  48     -5.1250e0      9.2584e0    -1.8168e1     -4.4268e0
  31  49     -5.0000e0      9.3834e0    -1.8002e1     -4.3853e0
  31  50     -4.8750e0      9.5084e0    -1.7835e1     -4.3439e0
  31  51     -4.7500e0      9.6334e0    -1.7669e1     -4.3024e0
  31  52     -4.6250e0      9.7584e0    -1.7503e1     -4.2610e0
  31  53     -4.5000e0      9.8834e0    -1.7336e1     -4.2196e0
  31  54     -4.3750e0      1.0008e1    -1.7170e1     -4.1783e0
  31  55     -4.2500e0      1.0133e1    -1.7004e1     -4.1370e0
  31  56     -4.1250e0      1.0258e1    -1.6837e1     -4.0958e0
  31  57     -4.0000e0      1.0383e1    -1.6671e1     -4.0547e0
  31  58     -3.8750e0      1.0508e1    -1.6505e1     -4.0137e0
  31  59     -3.7500e0      1.0633e1    -1.6339e1     -3.9729e0
  31  60     -3.6250e0      1.0758e1    -1.6174e1     -3.9322e0
  31  61     -3.5000e0      1.0883e1    -1.6008e1     -3.8917e0
  31  62     -3.3750e0      1.1008e1    -1.5843e1     -3.8515e0
  31  63     -3.2500e0      1.1133e1    -1.5678e1     -3.8115e0
  31  64     -3.1250e0      1.1258e1    -1.5513e1     -3.7718e0
  31  65     -3.0000e0      1.1383e1    -1.5349e1     -3.7326e0
  31  66     -2.8750e0      1.1508e1    -1.5185e1     -3.6938e0
  31  67     -2.7500e0      1.1633e1    -1.5022e1     -3.6555e0
  31  68     -2.6250e0      1.1758e1    -1.4860e1     -3.6179e0
  31  69     -2.5000e0      1.1883e1    -1.4698e1     -3.5811e0
  31  70     -2.3750e0      1.2008e1    -1.4537e1     -3.5451e0
  31  71     -2.2500e0      1.2133e1    -1.4377e1     -3.5103e0
  31  72     -2.1250e0      1.2258e1    -1.4218e1     -3.4767e0
  31  73     -2.0000e0      1.2383e1    -1.4061e1     -3.4445e0
  31  74     -1.8750e0      1.2508e1    -1.3906e1     -3.4140e0
  31  75     -1.7500e0      1.2633e1    -1.3752e1     -3.3856e0
  31  76     -1.6250e0      1.2758e1    -1.3601e1     -3.3594e0
  31  77     -1.5000e0      1.2883e1    -1.3453e1     -3.3359e0
  31  78     -1.3750e0      1.3008e1    -1.3307e1     -3.3155e0
  31  79     -1.2500e0      1.3133e1    -1.3165e1     -3.2986e0
  31  80     -1.1250e0      1.3258e1    -1.3027e1     -3.2856e0
  31  81     -1.0000e0      1.3383e1    -1.2894e1     -3.2771e0
  31  82    -8.7501e-1      1.3508e1    -1.2765e1     -3.2736e0
  31  83    -7.5001e-1      1.3633e1    -1.2642e1     -3.2757e0
  31  84    -6.2501e-1      1.3758e1    -1.2526e1     -3.2839e0
  31  85    -5.0001e-1      1.3883e1    -1.2416e1     -3.2990e0
  31  86    -3.7501e-1      1.4008e1    -1.2313e1     -3.3214e0
  31  87    -2.5001e-1      1.4133e1    -1.2218e1     -3.3517e0
  31  88    -1.2501e-1      1.4258e1    -1.2132e1     -3.3906e0
  31  89    -1.3724e-5      1.4383e1    -1.2055e1     -3.4386e0
  31  90     1.2499e-1      1.4508e1    -1.1988e1     -3.4963e0
  31  91     2.4999e-1      1.4633e1    -1.1931e1     -3.5641e0
  31  92     3.7499e-1      1.4758e1    -1.1884e1     -3.6424e0
  31  93     4.9999e-1      1.4883e1    -1.1848e1     -3.7314e0
  31  94     6.2499e-1      1.5008e1    -1.1823e1     -3.8315e0
  31  95     7.4999e-1      1.5133e1    -1.1809e1     -3.9424e0
  31  96     8.7499e-1      1.5258e1    -1.1806e1     -4.0642e0
  31  97     9.9999e-1      1.5383e1    -1.1813e1     -4.1963e0
  31  98      1.1250e0      1.5508e1    -1.1830e1     -4.3382e0
  31  99      1.2500e0      1.5633e1    -1.1855e1     -4.4888e0
  31 100      1.3750e0      1.5758e1    -1.1888e1     -4.6465e0
  31 101      1.5000e0      1.5883e1    -1.1926e1     -4.8094e0
  31 102      1.6250e0      1.6008e1    -1.1966e1     -4.9747e0
  31 103      1.7500e0      1.6133e1    -1.2006e1     -5.1394e0
  31 104      1.8750e0      1.6258e1    -1.2042e1     -5.3004e0
  31 105      2.0000e0      1.6383e1    -1.2072e1     -5.4553e0
  31 106      2.1250e0      1.6508e1    -1.2095e1     -5.6029e0
  31 107      2.2500e0      1.6633e1    -1.2110e1     -5.7435e0
  31 108      2.3750e0      1.6758e1    -1.2120e1     -5.8781e0
  31 109      2.5000e0      1.6883e1    -1.2125e1     -6.0085e0
  31 110      2.6250e0      1.7008e1    -1.2128e1     -6.1367e0
  31 111      2.7500e0      1.7133e1    -1.2131e1     -6.2643e0
  31 112      2.8750e0      1.7258e1    -1.2134e1     -6.3924e0
  31 113      3.0000e0      1.7383e1    -1.2139e1     -6.5221e0
  31 114      3.1250e0      1.7508e1    -1.2146e1     -6.6540e0
  31 115      3.2500e0      1.7633e1    -1.2155e1     -6.7884e0
  31 116      3.3750e0      1.7758e1    -1.2167e1     -6.9253e0
  31 117      3.5000e0      1.7883e1    -1.2181e1     -7.0643e0
  31 118      3.6250e0      1.8008e1    -1.2196e1     -7.2046e0
  31 119      3.7500e0      1.8133e1    -1.2212e1     -7.3451e0
  31 120      3.8750e0      1.8258e1    -1.2227e1     -7.4850e0
  31 121      4.0000e0      1.8383e1    -1.2240e1     -7.6239e0
  31 122      4.1250e0      1.8508e1    -1.2253e1     -7.7618e0
  31 123      4.2500e0      1.8633e1    -1.2266e1     -7.8993e0
  31 124      4.3750e0      1.8758e1    -1.2278e1     -8.0367e0
  31 125      4.5000e0      1.8883e1    -1.2291e1     -8.1744e0
  31 126      4.6250e0      1.9008e1    -1.2304e1     -8.3123e0
  31 127      4.7500e0      1.9133e1    -1.2317e1     -8.4506e0
  31 128      4.8750e0      1.9258e1    -1.2331e1     -8.5892e0
  31 129      5.0000e0      1.9383e1    -1.2345e1     -8.7280e0
  31 130      5.1250e0      1.9508e1    -1.2359e1     -8.8670e0
  31 131      5.2500e0      1.9633e1    -1.2373e1     -9.0061e0
  31 132      5.3750e0      1.9758e1    -1.2387e1     -9.1450e0
  31 133      5.5000e0      1.9883e1    -1.2400e1     -9.2838e0
  31 134      5.6250e0      2.0008e1    -1.2414e1     -9.4224e0
  31 135      5.7500e0      2.0133e1    -1.2428e1     -9.5609e0
  31 136      5.8750e0      2.0258e1    -1.2441e1     -9.6996e0
  31 137      6.0000e0      2.0383e1    -1.2455e1     -9.8383e0
  31 138      6.1250e0      2.0508e1    -1.2469e1     -9.9772e0
  31 139      6.2500e0      2.0633e1    -1.2483e1     -1.0116e1
  31 140      6.3750e0      2.0758e1    -1.2497e1     -1.0255e1
  31 141      6.5000e0      2.0883e1    -1.2511e1     -1.0394e1
  31 142      6.6250e0      2.1008e1    -1.2526e1     -1.0534e1
  31 143      6.7500e0      2.1133e1    -1.2541e1     -1.0675e1
  31 144      6.8750e0      2.1258e1    -1.2557e1     -1.0815e1
  31 145      7.0000e0      2.1383e1    -1.2573e1     -1.0956e1
  31 146      7.1250e0      2.1508e1    -1.2588e1     -1.1096e1
  31 147      7.2500e0      2.1633e1    -1.2603e1     -1.1236e1
  31 148      7.3750e0      2.1758e1    -1.2618e1     -1.1376e1
  31 149      7.5000e0      2.1883e1    -1.2633e1     -1.1516e1
  31 150      7.6250e0      2.2008e1    -1.2647e1     -1.1655e1
  31 151      7.7500e0      2.2133e1    -1.2661e1     -1.1795e1
  31 152      7.8750e0      2.2258e1    -1.2676e1     -1.1934e1
  31 153      8.0000e0      2.2383e1    -1.2690e1     -1.2073e1
  31 154      8.1250e0      2.2508e1    -1.2704e1     -1.2212e1
  31 155      8.2500e0      2.2633e1    -1.2718e1     -1.2351e1
  31 156      8.3750e0      2.2758e1    -1.2732e1     -1.2490e1
  31 157      8.5000e0      2.2883e1    -1.2747e1     -1.2630e1
  31 158      8.6250e0      2.3008e1    -1.2762e1     -1.2770e1
  31 159      8.7500e0      2.3133e1    -1.2778e1     -1.2911e1
  31 160      8.8750e0      2.3258e1    -1.2794e1     -1.3053e1
  31 161      9.0000e0      2.3383e1    -1.2811e1     -1.3194e1
  31 162      9.1250e0      2.3508e1    -1.2826e1     -1.3335e1
  31 163      9.2500e0      2.3633e1    -1.2842e1     -1.3475e1
  31 164      9.3750e0      2.3758e1    -1.2857e1     -1.3615e1
  31 165      9.5000e0      2.3883e1    -1.2872e1     -1.3755e1
  31 166      9.6250e0      2.4008e1    -1.2887e1     -1.3895e1
  31 167      9.7500e0      2.4133e1    -1.2902e1     -1.4036e1
  31 168      9.8750e0      2.4258e1    -1.2918e1     -1.4177e1
  31 169      1.0000e1      2.4383e1    -1.2934e1     -1.4318e1
  31 170      1.0125e1      2.4508e1    -1.2951e1     -1.4459e1
  31 171      1.0250e1      2.4633e1    -1.2968e1     -1.4601e1
  31 172      1.0375e1      2.4758e1    -1.2986e1     -1.4744e1
  31 173      1.0500e1      2.4883e1    -1.3005e1     -1.4888e1
  31 174      1.0625e1      2.5008e1    -1.3025e1     -1.5034e1
  31 175      1.0750e1      2.5133e1    -1.3047e1     -1.5180e1
  31 176      1.0875e1      2.5258e1    -1.3069e1     -1.5328e1
  31 177      1.1000e1      2.5383e1    -1.3092e1     -1.5476e1
  31 178      1.1125e1      2.5508e1    -1.3115e1     -1.5623e1
  31 179      1.1250e1      2.5633e1    -1.3137e1     -1.5770e1
  31 180      1.1375e1      2.5758e1    -1.3158e1     -1.5917e1
  31 181      1.1500e1      2.5883e1    -1.3180e1     -1.6064e1
  31 182      1.1625e1      2.6008e1    -1.3202e1     -1.6211e1
  31 183      1.1750e1      2.6133e1    -1.3225e1     -1.6358e1
  31 184      1.1875e1      2.6258e1    -1.3248e1     -1.6506e1
  31 185      1.2000e1      2.6383e1    -1.3271e1     -1.6654e1
  31 186      1.2125e1      2.6508e1    -1.3294e1     -1.6802e1
  31 187      1.2250e1      2.6633e1    -1.3318e1     -1.6951e1
  31 188      1.2375e1      2.6758e1    -1.3342e1     -1.7101e1
  31 189      1.2500e1      2.6883e1    -1.3368e1     -1.7252e1
  31 190      1.2625e1      2.7008e1    -1.3397e1     -1.7405e1
  31 191      1.2750e1      2.7133e1    -1.3427e1     -1.7560e1
  31 192      1.2875e1      2.7258e1    -1.3460e1     -1.7718e1
  31 193      1.3000e1      2.7383e1    -1.3495e1     -1.7879e1
  31 194      1.3125e1      2.7508e1    -1.3534e1     -1.8042e1
  31 195      1.3250e1      2.7633e1    -1.3576e1     -1.8209e1
  31 196      1.3375e1      2.7758e1    -1.3621e1     -1.8380e1
  31 197      1.3500e1      2.7883e1    -1.3670e1     -1.8554e1
  31 198      1.3625e1      2.8008e1    -1.3723e1     -1.8731e1
  31 199      1.3750e1      2.8133e1    -1.3777e1     -1.8911e1
  31 200      1.3875e1      2.8258e1    -1.3834e1     -1.9093e1
  31 201      1.4000e1      2.8383e1    -1.3894e1     -1.9277e1
  31 202      1.4125e1      2.8508e1    -1.3956e1     -1.9464e1
  31 203      1.4250e1      2.8633e1    -1.4022e1     -1.9655e1
  31 204      1.4375e1      2.8758e1    -1.4093e1     -1.9851e1
  31 205      1.4500e1      2.8883e1    -1.4170e1     -2.0053e1
  31 206      1.4625e1      2.9008e1    -1.4254e1     -2.0263e1
  31 207      1.4750e1      2.9133e1    -1.4348e1     -2.0482e1
  31 208      1.4875e1      2.9258e1    -1.4455e1     -2.0714e1
  31 209      1.5000e1      2.9383e1    -1.4579e1     -2.0963e1
            log10(eV)     log10(Hz)    log10(nuFnu)  log10(Jy)

i_tm =  32;  t_obs =      1.396e4
  32   1     -1.1000e1      3.3834e0    -2.5951e1     -6.3340e0
  32   2     -1.0875e1      3.5084e0    -2.5784e1     -6.2924e0
  32   3     -1.0750e1      3.6334e0    -2.5617e1     -6.2507e0
  32   4     -1.0625e1      3.7584e0    -2.5451e1     -6.2090e0
  32   5     -1.0500e1      3.8834e0    -2.5284e1     -6.1674e0
  32   6     -1.0375e1      4.0084e0    -2.5117e1     -6.1257e0
  32   7     -1.0250e1      4.1334e0    -2.4951e1     -6.0840e0
  32   8     -1.0125e1      4.2584e0    -2.4784e1     -6.0424e0
  32   9     -1.0000e1      4.3834e0    -2.4617e1     -6.0007e0
  32  10     -9.8750e0      4.5084e0    -2.4451e1     -5.9590e0
  32  11     -9.7500e0      4.6334e0    -2.4284e1     -5.9174e0
  32  12     -9.6250e0      4.7584e0    -2.4117e1     -5.8757e0
  32  13     -9.5000e0      4.8834e0    -2.3951e1     -5.8340e0
  32  14     -9.3750e0      5.0084e0    -2.3784e1     -5.7924e0
  32  15     -9.2500e0      5.1334e0    -2.3617e1     -5.7507e0
  32  16     -9.1250e0      5.2584e0    -2.3451e1     -5.7090e0
  32  17     -9.0000e0      5.3834e0    -2.3284e1     -5.6674e0
  32  18     -8.8750e0      5.5084e0    -2.3117e1     -5.6257e0
  32  19     -8.7500e0      5.6334e0    -2.2951e1     -5.5840e0
  32  20     -8.6250e0      5.7584e0    -2.2784e1     -5.5424e0
  32  21     -8.5000e0      5.8834e0    -2.2617e1     -5.5007e0
  32  22     -8.3750e0      6.0084e0    -2.2451e1     -5.4591e0
  32  23     -8.2500e0      6.1334e0    -2.2284e1     -5.4174e0
  32  24     -8.1250e0      6.2584e0    -2.2117e1     -5.3758e0
  32  25     -8.0000e0      6.3834e0    -2.1951e1     -5.3341e0
  32  26     -7.8750e0      6.5084e0    -2.1784e1     -5.2925e0
  32  27     -7.7500e0      6.6334e0    -2.1617e1     -5.2508e0
  32  28     -7.6250e0      6.7584e0    -2.1451e1     -5.2092e0
  32  29     -7.5000e0      6.8834e0    -2.1284e1     -5.1676e0
  32  30     -7.3750e0      7.0084e0    -2.1118e1     -5.1260e0
  32  31     -7.2500e0      7.1334e0    -2.0951e1     -5.0844e0
  32  32     -7.1250e0      7.2584e0    -2.0784e1     -5.0429e0
  32  33     -7.0000e0      7.3834e0    -2.0618e1     -5.0014e0
  32  34     -6.8750e0      7.5084e0    -2.0451e1     -4.9599e0
  32  35     -6.7500e0      7.6334e0    -2.0285e1     -4.9184e0
  32  36     -6.6250e0      7.7584e0    -2.0119e1     -4.8770e0
  32  37     -6.5000e0      7.8834e0    -1.9952e1     -4.8355e0
  32  38     -6.3750e0      8.0084e0    -1.9786e1     -4.7941e0
  32  39     -6.2500e0      8.1334e0    -1.9619e1     -4.7527e0
  32  40     -6.1250e0      8.2584e0    -1.9453e1     -4.7113e0
  32  41     -6.0000e0      8.3834e0    -1.9286e1     -4.6699e0
  32  42     -5.8750e0      8.5084e0    -1.9120e1     -4.6284e0
  32  43     -5.7500e0      8.6334e0    -1.8954e1     -4.5870e0
  32  44     -5.6250e0      8.7584e0    -1.8787e1     -4.5455e0
  32  45     -5.5000e0      8.8834e0    -1.8621e1     -4.5040e0
  32  46     -5.3750e0      9.0084e0    -1.8454e1     -4.4625e0
  32  47     -5.2500e0      9.1334e0    -1.8288e1     -4.4210e0
  32  48     -5.1250e0      9.2584e0    -1.8121e1     -4.3796e0
  32  49     -5.0000e0      9.3834e0    -1.7955e1     -4.3381e0
  32  50     -4.8750e0      9.5084e0    -1.7788e1     -4.2966e0
  32  51     -4.7500e0      9.6334e0    -1.7622e1     -4.2552e0
  32  52     -4.6250e0      9.7584e0    -1.7455e1     -4.2138e0
  32  53     -4.5000e0      9.8834e0    -1.7289e1     -4.1725e0
  32  54     -4.3750e0      1.0008e1    -1.7123e1     -4.1313e0
  32  55     -4.2500e0      1.0133e1    -1.6957e1     -4.0901e0
  32  56     -4.1250e0      1.0258e1    -1.6791e1     -4.0490e0
  32  57     -4.0000e0      1.0383e1    -1.6625e1     -4.0081e0
  32  58     -3.8750e0      1.0508e1    -1.6459e1     -3.9672e0
  32  59     -3.7500e0      1.0633e1    -1.6293e1     -3.9266e0
  32  60     -3.6250e0      1.0758e1    -1.6128e1     -3.8861e0
  32  61     -3.5000e0      1.0883e1    -1.5963e1     -3.8459e0
  32  62     -3.3750e0      1.1008e1    -1.5798e1     -3.8060e0
  32  63     -3.2500e0      1.1133e1    -1.5633e1     -3.7664e0
  32  64     -3.1250e0      1.1258e1    -1.5469e1     -3.7272e0
  32  65     -3.0000e0      1.1383e1    -1.5305e1     -3.6885e0
  32  66     -2.8750e0      1.1508e1    -1.5142e1     -3.6503e0
  32  67     -2.7500e0      1.1633e1    -1.4979e1     -3.6129e0
  32  68     -2.6250e0      1.1758e1    -1.4818e1     -3.5762e0
  32  69     -2.5000e0      1.1883e1    -1.4657e1     -3.5404e0
  32  70     -2.3750e0      1.2008e1    -1.4497e1     -3.5057e0
  32  71     -2.2500e0      1.2133e1    -1.4339e1     -3.4724e0
  32  72     -2.1250e0      1.2258e1    -1.4182e1     -3.4405e0
  32  73     -2.0000e0      1.2383e1    -1.4027e1     -3.4103e0
  32  74     -1.8750e0      1.2508e1    -1.3874e1     -3.3822e0
  32  75     -1.7500e0      1.2633e1    -1.3723e1     -3.3564e0
  32  76     -1.6250e0      1.2758e1    -1.3575e1     -3.3334e0
  32  77     -1.5000e0      1.2883e1    -1.3430e1     -3.3135e0
  32  78     -1.3750e0      1.3008e1    -1.3289e1     -3.2971e0
  32  79     -1.2500e0      1.3133e1    -1.3151e1     -3.2847e0
  32  80     -1.1250e0      1.3258e1    -1.3019e1     -3.2769e0
  32  81     -1.0000e0      1.3383e1    -1.2891e1     -3.2742e0
  32  82    -8.7501e-1      1.3508e1    -1.2769e1     -3.2771e0
  32  83    -7.5001e-1      1.3633e1    -1.2653e1     -3.2862e0
  32  84    -6.2501e-1      1.3758e1    -1.2544e1     -3.3021e0
  32  85    -5.0001e-1      1.3883e1    -1.2442e1     -3.3255e0
  32  86    -3.7501e-1      1.4008e1    -1.2348e1     -3.3569e0
  32  87    -2.5001e-1      1.4133e1    -1.2263e1     -3.3968e0
  32  88    -1.2501e-1      1.4258e1    -1.2188e1     -3.4459e0
  32  89    -1.3724e-5      1.4383e1    -1.2121e1     -3.5046e0
  32  90     1.2499e-1      1.4508e1    -1.2065e1     -3.5734e0
  32  91     2.4999e-1      1.4633e1    -1.2019e1     -3.6526e0
  32  92     3.7499e-1      1.4758e1    -1.1984e1     -3.7426e0
  32  93     4.9999e-1      1.4883e1    -1.1960e1     -3.8434e0
  32  94     6.2499e-1      1.5008e1    -1.1947e1     -3.9551e0
  32  95     7.4999e-1      1.5133e1    -1.1944e1     -4.0775e0
  32  96     8.7499e-1      1.5258e1    -1.1952e1     -4.2102e0
  32  97     9.9999e-1      1.5383e1    -1.1969e1     -4.3526e0
  32  98      1.1250e0      1.5508e1    -1.1995e1     -4.5035e0
  32  99      1.2500e0      1.5633e1    -1.2028e1     -4.6615e0
  32 100      1.3750e0      1.5758e1    -1.2066e1     -4.8243e0
  32 101      1.5000e0      1.5883e1    -1.2106e1     -4.9892e0
  32 102      1.6250e0      1.6008e1    -1.2145e1     -5.1530e0
  32 103      1.7500e0      1.6133e1    -1.2179e1     -5.3124e0
  32 104      1.8750e0      1.6258e1    -1.2207e1     -5.4652e0
  32 105      2.0000e0      1.6383e1    -1.2227e1     -5.6103e0
  32 106      2.1250e0      1.6508e1    -1.2240e1     -5.7479e0
  32 107      2.2500e0      1.6633e1    -1.2246e1     -5.8798e0
  32 108      2.3750e0      1.6758e1    -1.2250e1     -6.0080e0
  32 109      2.5000e0      1.6883e1    -1.2251e1     -6.1343e0
  32 110      2.6250e0      1.7008e1    -1.2252e1     -6.2604e0
  32 111      2.7500e0      1.7133e1    -1.2254e1     -6.3872e0
  32 112      2.8750e0      1.7258e1    -1.2257e1     -6.5157e0
  32 113      3.0000e0      1.7383e1    -1.2263e1     -6.6463e0
  32 114      3.1250e0      1.7508e1    -1.2271e1     -6.7794e0
  32 115      3.2500e0      1.7633e1    -1.2282e1     -6.9152e0
  32 116      3.3750e0      1.7758e1    -1.2295e1     -7.0535e0
  32 117      3.5000e0      1.7883e1    -1.2310e1     -7.1935e0
  32 118      3.6250e0      1.8008e1    -1.2326e1     -7.3343e0
  32 119      3.7500e0      1.8133e1    -1.2342e1     -7.4749e0
  32 120      3.8750e0      1.8258e1    -1.2356e1     -7.6146e0
  32 121      4.0000e0      1.8383e1    -1.2370e1     -7.7531e0
  32 122      4.1250e0      1.8508e1    -1.2382e1     -7.8908e0
  32 123      4.2500e0      1.8633e1    -1.2395e1     -8.0281e0
  32 124      4.3750e0      1.8758e1    -1.2407e1     -8.1653e0
  32 125      4.5000e0      1.8883e1    -1.2419e1     -8.3028e0
  32 126      4.6250e0      1.9008e1    -1.2432e1     -8.4407e0
  32 127      4.7500e0      1.9133e1    -1.2446e1     -8.5790e0
  32 128      4.8750e0      1.9258e1    -1.2459e1     -8.7176e0
  32 129      5.0000e0      1.9383e1    -1.2473e1     -8.8564e0
  32 130      5.1250e0      1.9508e1    -1.2487e1     -8.9952e0
  32 131      5.2500e0      1.9633e1    -1.2501e1     -9.1339e0
  32 132      5.3750e0      1.9758e1    -1.2514e1     -9.2725e0
  32 133      5.5000e0      1.9883e1    -1.2527e1     -9.4107e0
  32 134      5.6250e0      2.0008e1    -1.2540e1     -9.5487e0
  32 135      5.7500e0      2.0133e1    -1.2553e1     -9.6865e0
  32 136      5.8750e0      2.0258e1    -1.2566e1     -9.8245e0
  32 137      6.0000e0      2.0383e1    -1.2579e1     -9.9625e0
  32 138      6.1250e0      2.0508e1    -1.2592e1     -1.0101e1
  32 139      6.2500e0      2.0633e1    -1.2606e1     -1.0239e1
  32 140      6.3750e0      2.0758e1    -1.2619e1     -1.0378e1
  32 141      6.5000e0      2.0883e1    -1.2633e1     -1.0517e1
  32 142      6.6250e0      2.1008e1    -1.2648e1     -1.0657e1
  32 143      6.7500e0      2.1133e1    -1.2664e1     -1.0797e1
  32 144      6.8750e0      2.1258e1    -1.2680e1     -1.0938e1
  32 145      7.0000e0      2.1383e1    -1.2695e1     -1.1078e1
  32 146      7.1250e0      2.1508e1    -1.2710e1     -1.1218e1
  32 147      7.2500e0      2.1633e1    -1.2725e1     -1.1358e1
  32 148      7.3750e0      2.1758e1    -1.2739e1     -1.1498e1
  32 149      7.5000e0      2.1883e1    -1.2753e1     -1.1637e1
  32 150      7.6250e0      2.2008e1    -1.2768e1     -1.1776e1
  32 151      7.7500e0      2.2133e1    -1.2782e1     -1.1915e1
  32 152      7.8750e0      2.2258e1    -1.2795e1     -1.2054e1
  32 153      8.0000e0      2.2383e1    -1.2809e1     -1.2192e1
  32 154      8.1250e0      2.2508e1    -1.2823e1     -1.2331e1
  32 155      8.2500e0      2.2633e1    -1.2837e1     -1.2470e1
  32 156      8.3750e0      2.2758e1    -1.2851e1     -1.2609e1
  32 157      8.5000e0      2.2883e1    -1.2866e1     -1.2749e1
  32 158      8.6250e0      2.3008e1    -1.2882e1     -1.2890e1
  32 159      8.7500e0      2.3133e1    -1.2898e1     -1.3032e1
  32 160      8.8750e0      2.3258e1    -1.2915e1     -1.3173e1
  32 161      9.0000e0      2.3383e1    -1.2931e1     -1.3314e1
  32 162      9.1250e0      2.3508e1    -1.2946e1     -1.3455e1
  32 163      9.2500e0      2.3633e1    -1.2961e1     -1.3595e1
  32 164      9.3750e0      2.3758e1    -1.2977e1     -1.3735e1
  32 165      9.5000e0      2.3883e1    -1.2992e1     -1.3876e1
  32 166      9.6250e0      2.4008e1    -1.3008e1     -1.4016e1
  32 167      9.7500e0      2.4133e1    -1.3023e1     -1.4157e1
  32 168      9.8750e0      2.4258e1    -1.3039e1     -1.4297e1
  32 169      1.0000e1      2.4383e1    -1.3054e1     -1.4438e1
  32 170      1.0125e1      2.4508e1    -1.3070e1     -1.4579e1
  32 171      1.0250e1      2.4633e1    -1.3087e1     -1.4720e1
  32 172      1.0375e1      2.4758e1    -1.3103e1     -1.4862e1
  32 173      1.0500e1      2.4883e1    -1.3121e1     -1.5004e1
  32 174      1.0625e1      2.5008e1    -1.3139e1     -1.5147e1
  32 175      1.0750e1      2.5133e1    -1.3158e1     -1.5291e1
  32 176      1.0875e1      2.5258e1    -1.3177e1     -1.5436e1
  32 177      1.1000e1      2.5383e1    -1.3197e1     -1.5580e1
  32 178      1.1125e1      2.5508e1    -1.3217e1     -1.5725e1
  32 179      1.1250e1      2.5633e1    -1.3236e1     -1.5870e1
  32 180      1.1375e1      2.5758e1    -1.3256e1     -1.6015e1
  32 181      1.1500e1      2.5883e1    -1.3277e1     -1.6160e1
  32 182      1.1625e1      2.6008e1    -1.3297e1     -1.6306e1
  32 183      1.1750e1      2.6133e1    -1.3318e1     -1.6451e1
  32 184      1.1875e1      2.6258e1    -1.3338e1     -1.6597e1
  32 185      1.2000e1      2.6383e1    -1.3359e1     -1.6743e1
  32 186      1.2125e1      2.6508e1    -1.3381e1     -1.6889e1
  32 187      1.2250e1      2.6633e1    -1.3404e1     -1.7037e1
  32 188      1.2375e1      2.6758e1    -1.3428e1     -1.7187e1
  32 189      1.2500e1      2.6883e1    -1.3455e1     -1.7338e1
  32 190      1.2625e1      2.7008e1    -1.3483e1     -1.7492e1
  32 191      1.2750e1      2.7133e1    -1.3515e1     -1.7648e1
  32 192      1.2875e1      2.7258e1    -1.3548e1     -1.7807e1
  32 193      1.3000e1      2.7383e1    -1.3585e1     -1.7968e1
  32 194      1.3125e1      2.7508e1    -1.3625e1     -1.8133e1
  32 195      1.3250e1      2.7633e1    -1.3669e1     -1.8303e1
  32 196      1.3375e1      2.7758e1    -1.3719e1     -1.8477e1
  32 197      1.3500e1      2.7883e1    -1.3774e1     -1.8657e1
  32 198      1.3625e1      2.8008e1    -1.3833e1     -1.8841e1
  32 199      1.3750e1      2.8133e1    -1.3894e1     -1.9027e1
  32 200      1.3875e1      2.8258e1    -1.3956e1     -1.9214e1
  32 201      1.4000e1      2.8383e1    -1.4018e1     -1.9401e1
  32 202      1.4125e1      2.8508e1    -1.4080e1     -1.9589e1
  32 203      1.4250e1      2.8633e1    -1.4145e1     -1.9779e1
  32 204      1.4375e1      2.8758e1    -1.4214e1     -1.9973e1
  32 205      1.4500e1      2.8883e1    -1.4290e1     -2.0173e1
  32 206      1.4625e1      2.9008e1    -1.4374e1     -2.0382e1
  32 207      1.4750e1      2.9133e1    -1.4470e1     -2.0603e1
  32 208      1.4875e1      2.9258e1    -1.4581e1     -2.0839e1
  32 209      1.5000e1      2.9383e1    -1.4710e1     -2.1094e1
            log10(eV)     log10(Hz)    log10(nuFnu)  log10(Jy)

i_tm =  33;  t_obs =      1.763e4
  33   1     -1.1000e1      3.3834e0    -2.5903e1     -6.2863e0
  33   2     -1.0875e1      3.5084e0    -2.5736e1     -6.2446e0
  33   3     -1.0750e1      3.6334e0    -2.5570e1     -6.2030e0
  33   4     -1.0625e1      3.7584e0    -2.5403e1     -6.1613e0
  33   5     -1.0500e1      3.8834e0    -2.5236e1     -6.1196e0
  33   6     -1.0375e1      4.0084e0    -2.5070e1     -6.0780e0
  33   7     -1.0250e1      4.1334e0    -2.4903e1     -6.0363e0
  33   8     -1.0125e1      4.2584e0    -2.4736e1     -5.9946e0
  33   9     -1.0000e1      4.3834e0    -2.4570e1     -5.9530e0
  33  10     -9.8750e0      4.5084e0    -2.4403e1     -5.9113e0
  33  11     -9.7500e0      4.6334e0    -2.4236e1     -5.8697e0
  33  12     -9.6250e0      4.7584e0    -2.4070e1     -5.8280e0
  33  13     -9.5000e0      4.8834e0    -2.3903e1     -5.7863e0
  33  14     -9.3750e0      5.0084e0    -2.3736e1     -5.7447e0
  33  15     -9.2500e0      5.1334e0    -2.3570e1     -5.7030e0
  33  16     -9.1250e0      5.2584e0    -2.3403e1     -5.6613e0
  33  17     -9.0000e0      5.3834e0    -2.3236e1     -5.6197e0
  33  18     -8.8750e0      5.5084e0    -2.3070e1     -5.5780e0
  33  19     -8.7500e0      5.6334e0    -2.2903e1     -5.5363e0
  33  20     -8.6250e0      5.7584e0    -2.2736e1     -5.4947e0
  33  21     -8.5000e0      5.8834e0    -2.2570e1     -5.4530e0
  33  22     -8.3750e0      6.0084e0    -2.2403e1     -5.4114e0
  33  23     -8.2500e0      6.1334e0    -2.2236e1     -5.3697e0
  33  24     -8.1250e0      6.2584e0    -2.2070e1     -5.3281e0
  33  25     -8.0000e0      6.3834e0    -2.1903e1     -5.2864e0
  33  26     -7.8750e0      6.5084e0    -2.1736e1     -5.2448e0
  33  27     -7.7500e0      6.6334e0    -2.1570e1     -5.2032e0
  33  28     -7.6250e0      6.7584e0    -2.1403e1     -5.1616e0
  33  29     -7.5000e0      6.8834e0    -2.1237e1     -5.1200e0
  33  30     -7.3750e0      7.0084e0    -2.1070e1     -5.0784e0
  33  31     -7.2500e0      7.1334e0    -2.0903e1     -5.0369e0
  33  32     -7.1250e0      7.2584e0    -2.0737e1     -4.9954e0
  33  33     -7.0000e0      7.3834e0    -2.0570e1     -4.9539e0
  33  34     -6.8750e0      7.5084e0    -2.0404e1     -4.9124e0
  33  35     -6.7500e0      7.6334e0    -2.0238e1     -4.8710e0
  33  36     -6.6250e0      7.7584e0    -2.0071e1     -4.8295e0
  33  37     -6.5000e0      7.8834e0    -1.9905e1     -4.7881e0
  33  38     -6.3750e0      8.0084e0    -1.9738e1     -4.7467e0
  33  39     -6.2500e0      8.1334e0    -1.9572e1     -4.7053e0
  33  40     -6.1250e0      8.2584e0    -1.9405e1     -4.6638e0
  33  41     -6.0000e0      8.3834e0    -1.9239e1     -4.6224e0
  33  42     -5.8750e0      8.5084e0    -1.9073e1     -4.5810e0
  33  43     -5.7500e0      8.6334e0    -1.8906e1     -4.5395e0
  33  44     -5.6250e0      8.7584e0    -1.8740e1     -4.4980e0
  33  45     -5.5000e0      8.8834e0    -1.8573e1     -4.4565e0
  33  46     -5.3750e0      9.0084e0    -1.8407e1     -4.4150e0
  33  47     -5.2500e0      9.1334e0    -1.8240e1     -4.3735e0
  33  48     -5.1250e0      9.2584e0    -1.8074e1     -4.3321e0
  33  49     -5.0000e0      9.3834e0    -1.7907e1     -4.2906e0
  33  50     -4.8750e0      9.5084e0    -1.7741e1     -4.2492e0
  33  51     -4.7500e0      9.6334e0    -1.7574e1     -4.2079e0
  33  52     -4.6250e0      9.7584e0    -1.7408e1     -4.1666e0
  33  53     -4.5000e0      9.8834e0    -1.7242e1     -4.1253e0
  33  54     -4.3750e0      1.0008e1    -1.7076e1     -4.0841e0
  33  55     -4.2500e0      1.0133e1    -1.6910e1     -4.0431e0
  33  56     -4.1250e0      1.0258e1    -1.6744e1     -4.0022e0
  33  57     -4.0000e0      1.0383e1    -1.6578e1     -3.9614e0
  33  58     -3.8750e0      1.0508e1    -1.6412e1     -3.9207e0
  33  59     -3.7500e0      1.0633e1    -1.6247e1     -3.8803e0
  33  60     -3.6250e0      1.0758e1    -1.6082e1     -3.8402e0
  33  61     -3.5000e0      1.0883e1    -1.5917e1     -3.8003e0
  33  62     -3.3750e0      1.1008e1    -1.5752e1     -3.7607e0
  33  63     -3.2500e0      1.1133e1    -1.5588e1     -3.7216e0
  33  64     -3.1250e0      1.1258e1    -1.5425e1     -3.6830e0
  33  65     -3.0000e0      1.1383e1    -1.5262e1     -3.6450e0
  33  66     -2.8750e0      1.1508e1    -1.5099e1     -3.6076e0
  33  67     -2.7500e0      1.1633e1    -1.4938e1     -3.5711e0
  33  68     -2.6250e0      1.1758e1    -1.4777e1     -3.5355e0
  33  69     -2.5000e0      1.1883e1    -1.4618e1     -3.5011e0
  33  70     -2.3750e0      1.2008e1    -1.4460e1     -3.4679e0
  33  71     -2.2500e0      1.2133e1    -1.4303e1     -3.4363e0
  33  72     -2.1250e0      1.2258e1    -1.4148e1     -3.4065e0
  33  73     -2.0000e0      1.2383e1    -1.3995e1     -3.3787e0
  33  74     -1.8750e0      1.2508e1    -1.3845e1     -3.3534e0
  33  75     -1.7500e0      1.2633e1    -1.3697e1     -3.3308e0
  33  76     -1.6250e0      1.2758e1    -1.3553e1     -3.3114e0
  33  77     -1.5000e0      1.2883e1    -1.3412e1     -3.2957e0
  33  78     -1.3750e0      1.3008e1    -1.3276e1     -3.2840e0
  33  79     -1.2500e0      1.3133e1    -1.3144e1     -3.2769e0
  33  80     -1.1250e0      1.3258e1    -1.3017e1     -3.2750e0
  33  81     -1.0000e0      1.3383e1    -1.2895e1     -3.2787e0
  33  82    -8.7501e-1      1.3508e1    -1.2780e1     -3.2888e0
  33  83    -7.5001e-1      1.3633e1    -1.2672e1     -3.3057e0
  33  84    -6.2501e-1      1.3758e1    -1.2572e1     -3.3301e0
  33  85    -5.0001e-1      1.3883e1    -1.2479e1     -3.3625e0
  33  86    -3.7501e-1      1.4008e1    -1.2395e1     -3.4036e0
  33  87    -2.5001e-1      1.4133e1    -1.2320e1     -3.4538e0
  33  88    -1.2501e-1      1.4258e1    -1.2255e1     -3.5136e0
  33  89    -1.3724e-5      1.4383e1    -1.2200e1     -3.5834e0
  33  90     1.2499e-1      1.4508e1    -1.2155e1     -3.6637e0
  33  91     2.4999e-1      1.4633e1    -1.2121e1     -3.7545e0
  33  92     3.7499e-1      1.4758e1    -1.2098e1     -3.8561e0
  33  93     4.9999e-1      1.4883e1    -1.2085e1     -3.9684e0
  33  94     6.2499e-1      1.5008e1    -1.2083e1     -4.0912e0
  33  95     7.4999e-1      1.5133e1    -1.2091e1     -4.2241e0
  33  96     8.7499e-1      1.5258e1    -1.2108e1     -4.3663e0
  33  97     9.9999e-1      1.5383e1    -1.2133e1     -4.5168e0
  33  98      1.1250e0      1.5508e1    -1.2165e1     -4.6738e0
  33  99      1.2500e0      1.5633e1    -1.2202e1     -4.8351e0
  33 100      1.3750e0      1.5758e1    -1.2239e1     -4.9978e0
  33 101      1.5000e0      1.5883e1    -1.2275e1     -5.1585e0
  33 102      1.6250e0      1.6008e1    -1.2306e1     -5.3145e0
  33 103      1.7500e0      1.6133e1    -1.2330e1     -5.4635e0
  33 104      1.8750e0      1.6258e1    -1.2346e1     -5.6047e0
  33 105      2.0000e0      1.6383e1    -1.2356e1     -5.7390e0
  33 106      2.1250e0      1.6508e1    -1.2360e1     -5.8680e0
  33 107      2.2500e0      1.6633e1    -1.2360e1     -5.9937e0
  33 108      2.3750e0      1.6758e1    -1.2359e1     -6.1179e0
  33 109      2.5000e0      1.6883e1    -1.2359e1     -6.2419e0
  33 110      2.6250e0      1.7008e1    -1.2359e1     -6.3669e0
  33 111      2.7500e0      1.7133e1    -1.2360e1     -6.4935e0
  33 112      2.8750e0      1.7258e1    -1.2364e1     -6.6222e0
  33 113      3.0000e0      1.7383e1    -1.2370e1     -6.7532e0
  33 114      3.1250e0      1.7508e1    -1.2379e1     -6.8870e0
  33 115      3.2500e0      1.7633e1    -1.2390e1     -7.0234e0
  33 116      3.3750e0      1.7758e1    -1.2404e1     -7.1621e0
  33 117      3.5000e0      1.7883e1    -1.2419e1     -7.3023e0
  33 118      3.6250e0      1.8008e1    -1.2435e1     -7.4430e0
  33 119      3.7500e0      1.8133e1    -1.2450e1     -7.5834e0
  33 120      3.8750e0      1.8258e1    -1.2464e1     -7.7228e0
  33 121      4.0000e0      1.8383e1    -1.2478e1     -7.8611e0
  33 122      4.1250e0      1.8508e1    -1.2491e1     -7.9989e0
  33 123      4.2500e0      1.8633e1    -1.2503e1     -8.1365e0
  33 124      4.3750e0      1.8758e1    -1.2516e1     -8.2742e0
  33 125      4.5000e0      1.8883e1    -1.2529e1     -8.4121e0
  33 126      4.6250e0      1.9008e1    -1.2542e1     -8.5503e0
  33 127      4.7500e0      1.9133e1    -1.2555e1     -8.6887e0
  33 128      4.8750e0      1.9258e1    -1.2569e1     -8.8272e0
  33 129      5.0000e0      1.9383e1    -1.2582e1     -8.9657e0
  33 130      5.1250e0      1.9508e1    -1.2596e1     -9.1042e0
  33 131      5.2500e0      1.9633e1    -1.2609e1     -9.2425e0
  33 132      5.3750e0      1.9758e1    -1.2622e1     -9.3806e0
  33 133      5.5000e0      1.9883e1    -1.2635e1     -9.5186e0
  33 134      5.6250e0      2.0008e1    -1.2648e1     -9.6565e0
  33 135      5.7500e0      2.0133e1    -1.2661e1     -9.7946e0
  33 136      5.8750e0      2.0258e1    -1.2674e1     -9.9328e0
  33 137      6.0000e0      2.0383e1    -1.2688e1     -1.0071e1
  33 138      6.1250e0      2.0508e1    -1.2701e1     -1.0210e1
  33 139      6.2500e0      2.0633e1    -1.2715e1     -1.0348e1
  33 140      6.3750e0      2.0758e1    -1.2729e1     -1.0487e1
  33 141      6.5000e0      2.0883e1    -1.2743e1     -1.0627e1
  33 142      6.6250e0      2.1008e1    -1.2758e1     -1.0767e1
  33 143      6.7500e0      2.1133e1    -1.2774e1     -1.0907e1
  33 144      6.8750e0      2.1258e1    -1.2789e1     -1.1048e1
  33 145      7.0000e0      2.1383e1    -1.2804e1     -1.1188e1
  33 146      7.1250e0      2.1508e1    -1.2819e1     -1.1328e1
  33 147      7.2500e0      2.1633e1    -1.2834e1     -1.1467e1
  33 148      7.3750e0      2.1758e1    -1.2848e1     -1.1606e1
  33 149      7.5000e0      2.1883e1    -1.2862e1     -1.1746e1
  33 150      7.6250e0      2.2008e1    -1.2876e1     -1.1885e1
  33 151      7.7500e0      2.2133e1    -1.2890e1     -1.2023e1
  33 152      7.8750e0      2.2258e1    -1.2904e1     -1.2162e1
  33 153      8.0000e0      2.2383e1    -1.2918e1     -1.2301e1
  33 154      8.1250e0      2.2508e1    -1.2932e1     -1.2440e1
  33 155      8.2500e0      2.2633e1    -1.2946e1     -1.2579e1
  33 156      8.3750e0      2.2758e1    -1.2960e1     -1.2718e1
  33 157      8.5000e0      2.2883e1    -1.2975e1     -1.2858e1
  33 158      8.6250e0      2.3008e1    -1.2991e1     -1.2999e1
  33 159      8.7500e0      2.3133e1    -1.3007e1     -1.3140e1
  33 160      8.8750e0      2.3258e1    -1.3022e1     -1.3281e1
  33 161      9.0000e0      2.3383e1    -1.3038e1     -1.3421e1
  33 162      9.1250e0      2.3508e1    -1.3053e1     -1.3561e1
  33 163      9.2500e0      2.3633e1    -1.3068e1     -1.3701e1
  33 164      9.3750e0      2.3758e1    -1.3082e1     -1.3841e1
  33 165      9.5000e0      2.3883e1    -1.3097e1     -1.3980e1
  33 166      9.6250e0      2.4008e1    -1.3111e1     -1.4120e1
  33 167      9.7500e0      2.4133e1    -1.3126e1     -1.4260e1
  33 168      9.8750e0      2.4258e1    -1.3141e1     -1.4400e1
  33 169      1.0000e1      2.4383e1    -1.3156e1     -1.4540e1
  33 170      1.0125e1      2.4508e1    -1.3171e1     -1.4680e1
  33 171      1.0250e1      2.4633e1    -1.3187e1     -1.4820e1
  33 172      1.0375e1      2.4758e1    -1.3203e1     -1.4961e1
  33 173      1.0500e1      2.4883e1    -1.3219e1     -1.5103e1
  33 174      1.0625e1      2.5008e1    -1.3237e1     -1.5245e1
  33 175      1.0750e1      2.5133e1    -1.3255e1     -1.5388e1
  33 176      1.0875e1      2.5258e1    -1.3273e1     -1.5531e1
  33 177      1.1000e1      2.5383e1    -1.3291e1     -1.5674e1
  33 178      1.1125e1      2.5508e1    -1.3309e1     -1.5817e1
  33 179      1.1250e1      2.5633e1    -1.3327e1     -1.5961e1
  33 180      1.1375e1      2.5758e1    -1.3346e1     -1.6104e1
  33 181      1.1500e1      2.5883e1    -1.3364e1     -1.6248e1
  33 182      1.1625e1      2.6008e1    -1.3383e1     -1.6392e1
  33 183      1.1750e1      2.6133e1    -1.3402e1     -1.6536e1
  33 184      1.1875e1      2.6258e1    -1.3421e1     -1.6679e1
  33 185      1.2000e1      2.6383e1    -1.3440e1     -1.6823e1
  33 186      1.2125e1      2.6508e1    -1.3460e1     -1.6968e1
  33 187      1.2250e1      2.6633e1    -1.3480e1     -1.7114e1
  33 188      1.2375e1      2.6758e1    -1.3503e1     -1.7261e1
  33 189      1.2500e1      2.6883e1    -1.3528e1     -1.7411e1
  33 190      1.2625e1      2.7008e1    -1.3555e1     -1.7564e1
  33 191      1.2750e1      2.7133e1    -1.3586e1     -1.7719e1
  33 192      1.2875e1      2.7258e1    -1.3618e1     -1.7877e1
  33 193      1.3000e1      2.7383e1    -1.3653e1     -1.8037e1
  33 194      1.3125e1      2.7508e1    -1.3691e1     -1.8199e1
  33 195      1.3250e1      2.7633e1    -1.3732e1     -1.8365e1
  33 196      1.3375e1      2.7758e1    -1.3776e1     -1.8534e1
  33 197      1.3500e1      2.7883e1    -1.3824e1     -1.8708e1
  33 198      1.3625e1      2.8008e1    -1.3877e1     -1.8886e1
  33 199      1.3750e1      2.8133e1    -1.3937e1     -1.9070e1
  33 200      1.3875e1      2.8258e1    -1.4003e1     -1.9262e1
  33 201      1.4000e1      2.8383e1    -1.4078e1     -1.9462e1
  33 202      1.4125e1      2.8508e1    -1.4161e1     -1.9670e1
  33 203      1.4250e1      2.8633e1    -1.4251e1     -1.9884e1
  33 204      1.4375e1      2.8758e1    -1.4344e1     -2.0103e1
  33 205      1.4500e1      2.8883e1    -1.4441e1     -2.0325e1
  33 206      1.4625e1      2.9008e1    -1.4541e1     -2.0549e1
  33 207      1.4750e1      2.9133e1    -1.4649e1     -2.0782e1
  33 208      1.4875e1      2.9258e1    -1.4769e1     -2.1028e1
  33 209      1.5000e1      2.9383e1    -1.4912e1     -2.1295e1
            log10(eV)     log10(Hz)    log10(nuFnu)  log10(Jy)

i_tm =  34;  t_obs =      2.227e4
  34   1     -1.1000e1      3.3834e0    -2.5855e1     -6.2383e0
  34   2     -1.0875e1      3.5084e0    -2.5688e1     -6.1967e0
  34   3     -1.0750e1      3.6334e0    -2.5522e1     -6.1550e0
  34   4     -1.0625e1      3.7584e0    -2.5355e1     -6.1133e0
  34   5     -1.0500e1      3.8834e0    -2.5188e1     -6.0717e0
  34   6     -1.0375e1      4.0084e0    -2.5022e1     -6.0300e0
  34   7     -1.0250e1      4.1334e0    -2.4855e1     -5.9883e0
  34   8     -1.0125e1      4.2584e0    -2.4688e1     -5.9467e0
  34   9     -1.0000e1      4.3834e0    -2.4522e1     -5.9050e0
  34  10     -9.8750e0      4.5084e0    -2.4355e1     -5.8633e0
  34  11     -9.7500e0      4.6334e0    -2.4188e1     -5.8217e0
  34  12     -9.6250e0      4.7584e0    -2.4022e1     -5.7800e0
  34  13     -9.5000e0      4.8834e0    -2.3855e1     -5.7383e0
  34  14     -9.3750e0      5.0084e0    -2.3688e1     -5.6967e0
  34  15     -9.2500e0      5.1334e0    -2.3522e1     -5.6550e0
  34  16     -9.1250e0      5.2584e0    -2.3355e1     -5.6133e0
  34  17     -9.0000e0      5.3834e0    -2.3188e1     -5.5717e0
  34  18     -8.8750e0      5.5084e0    -2.3022e1     -5.5300e0
  34  19     -8.7500e0      5.6334e0    -2.2855e1     -5.4883e0
  34  20     -8.6250e0      5.7584e0    -2.2688e1     -5.4467e0
  34  21     -8.5000e0      5.8834e0    -2.2522e1     -5.4050e0
  34  22     -8.3750e0      6.0084e0    -2.2355e1     -5.3634e0
  34  23     -8.2500e0      6.1334e0    -2.2188e1     -5.3217e0
  34  24     -8.1250e0      6.2584e0    -2.2022e1     -5.2801e0
  34  25     -8.0000e0      6.3834e0    -2.1855e1     -5.2385e0
  34  26     -7.8750e0      6.5084e0    -2.1688e1     -5.1969e0
  34  27     -7.7500e0      6.6334e0    -2.1522e1     -5.1553e0
  34  28     -7.6250e0      6.7584e0    -2.1355e1     -5.1137e0
  34  29     -7.5000e0      6.8834e0    -2.1189e1     -5.0721e0
  34  30     -7.3750e0      7.0084e0    -2.1022e1     -5.0306e0
  34  31     -7.2500e0      7.1334e0    -2.0856e1     -4.9891e0
  34  32     -7.1250e0      7.2584e0    -2.0689e1     -4.9476e0
  34  33     -7.0000e0      7.3834e0    -2.0523e1     -4.9061e0
  34  34     -6.8750e0      7.5084e0    -2.0356e1     -4.8647e0
  34  35     -6.7500e0      7.6334e0    -2.0190e1     -4.8232e0
  34  36     -6.6250e0      7.7584e0    -2.0023e1     -4.7818e0
  34  37     -6.5000e0      7.8834e0    -1.9857e1     -4.7404e0
  34  38     -6.3750e0      8.0084e0    -1.9691e1     -4.6990e0
  34  39     -6.2500e0      8.1334e0    -1.9524e1     -4.6576e0
  34  40     -6.1250e0      8.2584e0    -1.9358e1     -4.6161e0
  34  41     -6.0000e0      8.3834e0    -1.9191e1     -4.5747e0
  34  42     -5.8750e0      8.5084e0    -1.9025e1     -4.5332e0
  34  43     -5.7500e0      8.6334e0    -1.8858e1     -4.4917e0
  34  44     -5.6250e0      8.7584e0    -1.8692e1     -4.4502e0
  34  45     -5.5000e0      8.8834e0    -1.8525e1     -4.4087e0
  34  46     -5.3750e0      9.0084e0    -1.8359e1     -4.3672e0
  34  47     -5.2500e0      9.1334e0    -1.8192e1     -4.3258e0
  34  48     -5.1250e0      9.2584e0    -1.8026e1     -4.2843e0
  34  49     -5.0000e0      9.3834e0    -1.7860e1     -4.2429e0
  34  50     -4.8750e0      9.5084e0    -1.7693e1     -4.2016e0
  34  51     -4.7500e0      9.6334e0    -1.7527e1     -4.1603e0
  34  52     -4.6250e0      9.7584e0    -1.7361e1     -4.1191e0
  34  53     -4.5000e0      9.8834e0    -1.7195e1     -4.0779e0
  34  54     -4.3750e0      1.0008e1    -1.7028e1     -4.0369e0
  34  55     -4.2500e0      1.0133e1    -1.6863e1     -3.9960e0
  34  56     -4.1250e0      1.0258e1    -1.6697e1     -3.9552e0
  34  57     -4.0000e0      1.0383e1    -1.6531e1     -3.9146e0
  34  58     -3.8750e0      1.0508e1    -1.6366e1     -3.8743e0
  34  59     -3.7500e0      1.0633e1    -1.6201e1     -3.8341e0
  34  60     -3.6250e0      1.0758e1    -1.6036e1     -3.7943e0
  34  61     -3.5000e0      1.0883e1    -1.5871e1     -3.7549e0
  34  62     -3.3750e0      1.1008e1    -1.5707e1     -3.7158e0
  34  63     -3.2500e0      1.1133e1    -1.5544e1     -3.6773e0
  34  64     -3.1250e0      1.1258e1    -1.5381e1     -3.6394e0
  34  65     -3.0000e0      1.1383e1    -1.5219e1     -3.6022e0
  34  66     -2.8750e0      1.1508e1    -1.5057e1     -3.5658e0
  34  67     -2.7500e0      1.1633e1    -1.4897e1     -3.5304e0
  34  68     -2.6250e0      1.1758e1    -1.4738e1     -3.4962e0
  34  69     -2.5000e0      1.1883e1    -1.4580e1     -3.4633e0
  34  70     -2.3750e0      1.2008e1    -1.4424e1     -3.4320e0
  34  71     -2.2500e0      1.2133e1    -1.4269e1     -3.4025e0
  34  72     -2.1250e0      1.2258e1    -1.4117e1     -3.3751e0
  34  73     -2.0000e0      1.2383e1    -1.3967e1     -3.3503e0
  34  74     -1.8750e0      1.2508e1    -1.3820e1     -3.3282e0
  34  75     -1.7500e0      1.2633e1    -1.3676e1     -3.3094e0
  34  76     -1.6250e0      1.2758e1    -1.3536e1     -3.2942e0
  34  77     -1.5000e0      1.2883e1    -1.3400e1     -3.2833e0
  34  78     -1.3750e0      1.3008e1    -1.3269e1     -3.2770e0
  34  79     -1.2500e0      1.3133e1    -1.3142e1     -3.2758e0
  34  80     -1.1250e0      1.3258e1    -1.3022e1     -3.2805e0
  34  81     -1.0000e0      1.3383e1    -1.2908e1     -3.2915e0
  34  82    -8.7501e-1      1.3508e1    -1.2801e1     -3.3094e0
  34  83    -7.5001e-1      1.3633e1    -1.2701e1     -3.3349e0
  34  84    -6.2501e-1      1.3758e1    -1.2610e1     -3.3685e0
  34  85    -5.0001e-1      1.3883e1    -1.2527e1     -3.4107e0
  34  86    -3.7501e-1      1.4008e1    -1.2454e1     -3.4621e0
  34  87    -2.5001e-1      1.4133e1    -1.2390e1     -3.5230e0
  34  88    -1.2501e-1      1.4258e1    -1.2336e1     -3.5940e0
  34  89    -1.3724e-5      1.4383e1    -1.2292e1     -3.6753e0
  34  90     1.2499e-1      1.4508e1    -1.2259e1     -3.7671e0
  34  91     2.4999e-1      1.4633e1    -1.2236e1     -3.8695e0
  34  92     3.7499e-1      1.4758e1    -1.2224e1     -3.9825e0
  34  93     4.9999e-1      1.4883e1    -1.2223e1     -4.1059e0
  34  94     6.2499e-1      1.5008e1    -1.2231e1     -4.2393e0
  34  95     7.4999e-1      1.5133e1    -1.2248e1     -4.3817e0
  34  96     8.7499e-1      1.5258e1    -1.2274e1     -4.5322e0
  34  97     9.9999e-1      1.5383e1    -1.2305e1     -4.6889e0
  34  98      1.1250e0      1.5508e1    -1.2341e1     -4.8494e0
  34  99      1.2500e0      1.5633e1    -1.2377e1     -5.0107e0
  34 100      1.3750e0      1.5758e1    -1.2411e1     -5.1697e0
  34 101      1.5000e0      1.5883e1    -1.2440e1     -5.3233e0
  34 102      1.6250e0      1.6008e1    -1.2461e1     -5.4697e0
  34 103      1.7500e0      1.6133e1    -1.2475e1     -5.6083e0
  34 104      1.8750e0      1.6258e1    -1.2482e1     -5.7400e0
  34 105      2.0000e0      1.6383e1    -1.2483e1     -5.8666e0
  34 106      2.1250e0      1.6508e1    -1.2482e1     -5.9903e0
  34 107      2.2500e0      1.6633e1    -1.2479e1     -6.1127e0
  34 108      2.3750e0      1.6758e1    -1.2477e1     -6.2355e0
  34 109      2.5000e0      1.6883e1    -1.2476e1     -6.3592e0
  34 110      2.6250e0      1.7008e1    -1.2476e1     -6.4847e0
  34 111      2.7500e0      1.7133e1    -1.2479e1     -6.6121e0
  34 112      2.8750e0      1.7258e1    -1.2483e1     -6.7418e0
  34 113      3.0000e0      1.7383e1    -1.2491e1     -6.8740e0
  34 114      3.1250e0      1.7508e1    -1.2501e1     -7.0090e0
  34 115      3.2500e0      1.7633e1    -1.2513e1     -7.1465e0
  34 116      3.3750e0      1.7758e1    -1.2528e1     -7.2860e0
  34 117      3.5000e0      1.7883e1    -1.2543e1     -7.4265e0
  34 118      3.6250e0      1.8008e1    -1.2559e1     -7.5670e0
  34 119      3.7500e0      1.8133e1    -1.2573e1     -7.7068e0
  34 120      3.8750e0      1.8258e1    -1.2587e1     -7.8454e0
  34 121      4.0000e0      1.8383e1    -1.2600e1     -7.9831e0
  34 122      4.1250e0      1.8508e1    -1.2612e1     -8.1204e0
  34 123      4.2500e0      1.8633e1    -1.2624e1     -8.2577e0
  34 124      4.3750e0      1.8758e1    -1.2637e1     -8.3952e0
  34 125      4.5000e0      1.8883e1    -1.2650e1     -8.5330e0
  34 126      4.6250e0      1.9008e1    -1.2663e1     -8.6712e0
  34 127      4.7500e0      1.9133e1    -1.2676e1     -8.8097e0
  34 128      4.8750e0      1.9258e1    -1.2690e1     -8.9483e0
  34 129      5.0000e0      1.9383e1    -1.2704e1     -9.0869e0
  34 130      5.1250e0      1.9508e1    -1.2717e1     -9.2255e0
  34 131      5.2500e0      1.9633e1    -1.2730e1     -9.3638e0
  34 132      5.3750e0      1.9758e1    -1.2743e1     -9.5019e0
  34 133      5.5000e0      1.9883e1    -1.2756e1     -9.6399e0
  34 134      5.6250e0      2.0008e1    -1.2769e1     -9.7777e0
  34 135      5.7500e0      2.0133e1    -1.2782e1     -9.9157e0
  34 136      5.8750e0      2.0258e1    -1.2795e1     -1.0054e1
  34 137      6.0000e0      2.0383e1    -1.2809e1     -1.0192e1
  34 138      6.1250e0      2.0508e1    -1.2822e1     -1.0330e1
  34 139      6.2500e0      2.0633e1    -1.2836e1     -1.0469e1
  34 140      6.3750e0      2.0758e1    -1.2850e1     -1.0608e1
  34 141      6.5000e0      2.0883e1    -1.2865e1     -1.0748e1
  34 142      6.6250e0      2.1008e1    -1.2880e1     -1.0888e1
  34 143      6.7500e0      2.1133e1    -1.2896e1     -1.1029e1
  34 144      6.8750e0      2.1258e1    -1.2911e1     -1.1170e1
  34 145      7.0000e0      2.1383e1    -1.2926e1     -1.1309e1
  34 146      7.1250e0      2.1508e1    -1.2941e1     -1.1449e1
  34 147      7.2500e0      2.1633e1    -1.2955e1     -1.1588e1
  34 148      7.3750e0      2.1758e1    -1.2969e1     -1.1728e1
  34 149      7.5000e0      2.1883e1    -1.2983e1     -1.1867e1
  34 150      7.6250e0      2.2008e1    -1.2997e1     -1.2006e1
  34 151      7.7500e0      2.2133e1    -1.3011e1     -1.2144e1
  34 152      7.8750e0      2.2258e1    -1.3024e1     -1.2283e1
  34 153      8.0000e0      2.2383e1    -1.3038e1     -1.2421e1
  34 154      8.1250e0      2.2508e1    -1.3052e1     -1.2560e1
  34 155      8.2500e0      2.2633e1    -1.3066e1     -1.2699e1
  34 156      8.3750e0      2.2758e1    -1.3080e1     -1.2839e1
  34 157      8.5000e0      2.2883e1    -1.3096e1     -1.2979e1
  34 158      8.6250e0      2.3008e1    -1.3112e1     -1.3120e1
  34 159      8.7500e0      2.3133e1    -1.3127e1     -1.3261e1
  34 160      8.8750e0      2.3258e1    -1.3143e1     -1.3401e1
  34 161      9.0000e0      2.3383e1    -1.3158e1     -1.3541e1
  34 162      9.1250e0      2.3508e1    -1.3172e1     -1.3681e1
  34 163      9.2500e0      2.3633e1    -1.3187e1     -1.3820e1
  34 164      9.3750e0      2.3758e1    -1.3201e1     -1.3959e1
  34 165      9.5000e0      2.3883e1    -1.3215e1     -1.4099e1
  34 166      9.6250e0      2.4008e1    -1.3229e1     -1.4238e1
  34 167      9.7500e0      2.4133e1    -1.3244e1     -1.4377e1
  34 168      9.8750e0      2.4258e1    -1.3258e1     -1.4516e1
  34 169      1.0000e1      2.4383e1    -1.3272e1     -1.4656e1
  34 170      1.0125e1      2.4508e1    -1.3287e1     -1.4795e1
  34 171      1.0250e1      2.4633e1    -1.3302e1     -1.4936e1
  34 172      1.0375e1      2.4758e1    -1.3318e1     -1.5077e1
  34 173      1.0500e1      2.4883e1    -1.3335e1     -1.5218e1
  34 174      1.0625e1      2.5008e1    -1.3352e1     -1.5360e1
  34 175      1.0750e1      2.5133e1    -1.3369e1     -1.5503e1
  34 176      1.0875e1      2.5258e1    -1.3386e1     -1.5645e1
  34 177      1.1000e1      2.5383e1    -1.3403e1     -1.5786e1
  34 178      1.1125e1      2.5508e1    -1.3420e1     -1.5928e1
  34 179      1.1250e1      2.5633e1    -1.3436e1     -1.6070e1
  34 180      1.1375e1      2.5758e1    -1.3454e1     -1.6212e1
  34 181      1.1500e1      2.5883e1    -1.3471e1     -1.6355e1
  34 182      1.1625e1      2.6008e1    -1.3489e1     -1.6498e1
  34 183      1.1750e1      2.6133e1    -1.3507e1     -1.6640e1
  34 184      1.1875e1      2.6258e1    -1.3524e1     -1.6783e1
  34 185      1.2000e1      2.6383e1    -1.3542e1     -1.6925e1
  34 186      1.2125e1      2.6508e1    -1.3560e1     -1.7068e1
  34 187      1.2250e1      2.6633e1    -1.3580e1     -1.7213e1
  34 188      1.2375e1      2.6758e1    -1.3602e1     -1.7360e1
  34 189      1.2500e1      2.6883e1    -1.3627e1     -1.7510e1
  34 190      1.2625e1      2.7008e1    -1.3655e1     -1.7664e1
  34 191      1.2750e1      2.7133e1    -1.3687e1     -1.7820e1
  34 192      1.2875e1      2.7258e1    -1.3721e1     -1.7979e1
  34 193      1.3000e1      2.7383e1    -1.3757e1     -1.8140e1
  34 194      1.3125e1      2.7508e1    -1.3794e1     -1.8303e1
  34 195      1.3250e1      2.7633e1    -1.3835e1     -1.8468e1
  34 196      1.3375e1      2.7758e1    -1.3877e1     -1.8635e1
  34 197      1.3500e1      2.7883e1    -1.3922e1     -1.8805e1
  34 198      1.3625e1      2.8008e1    -1.3970e1     -1.8978e1
  34 199      1.3750e1      2.8133e1    -1.4022e1     -1.9155e1
  34 200      1.3875e1      2.8258e1    -1.4079e1     -1.9338e1
  34 201      1.4000e1      2.8383e1    -1.4146e1     -1.9529e1
  34 202      1.4125e1      2.8508e1    -1.4223e1     -1.9731e1
  34 203      1.4250e1      2.8633e1    -1.4311e1     -1.9945e1
  34 204      1.4375e1      2.8758e1    -1.4412e1     -2.0170e1
  34 205      1.4500e1      2.8883e1    -1.4521e1     -2.0405e1
  34 206      1.4625e1      2.9008e1    -1.4638e1     -2.0647e1
  34 207      1.4750e1      2.9133e1    -1.4761e1     -2.0894e1
  34 208      1.4875e1      2.9258e1    -1.4894e1     -2.1152e1
  34 209      1.5000e1      2.9383e1    -1.5047e1     -2.1431e1
            log10(eV)     log10(Hz)    log10(nuFnu)  log10(Jy)

i_tm =  35;  t_obs =      2.813e4
  35   1     -1.1000e1      3.3834e0    -2.5807e1     -6.1901e0
  35   2     -1.0875e1      3.5084e0    -2.5640e1     -6.1484e0
  35   3     -1.0750e1      3.6334e0    -2.5473e1     -6.1067e0
  35   4     -1.0625e1      3.7584e0    -2.5307e1     -6.0651e0
  35   5     -1.0500e1      3.8834e0    -2.5140e1     -6.0234e0
  35   6     -1.0375e1      4.0084e0    -2.4973e1     -5.9817e0
  35   7     -1.0250e1      4.1334e0    -2.4807e1     -5.9401e0
  35   8     -1.0125e1      4.2584e0    -2.4640e1     -5.8984e0
  35   9     -1.0000e1      4.3834e0    -2.4473e1     -5.8567e0
  35  10     -9.8750e0      4.5084e0    -2.4307e1     -5.8151e0
  35  11     -9.7500e0      4.6334e0    -2.4140e1     -5.7734e0
  35  12     -9.6250e0      4.7584e0    -2.3973e1     -5.7317e0
  35  13     -9.5000e0      4.8834e0    -2.3807e1     -5.6901e0
  35  14     -9.3750e0      5.0084e0    -2.3640e1     -5.6484e0
  35  15     -9.2500e0      5.1334e0    -2.3473e1     -5.6068e0
  35  16     -9.1250e0      5.2584e0    -2.3307e1     -5.5651e0
  35  17     -9.0000e0      5.3834e0    -2.3140e1     -5.5234e0
  35  18     -8.8750e0      5.5084e0    -2.2973e1     -5.4818e0
  35  19     -8.7500e0      5.6334e0    -2.2807e1     -5.4401e0
  35  20     -8.6250e0      5.7584e0    -2.2640e1     -5.3985e0
  35  21     -8.5000e0      5.8834e0    -2.2473e1     -5.3568e0
  35  22     -8.3750e0      6.0084e0    -2.2307e1     -5.3152e0
  35  23     -8.2500e0      6.1334e0    -2.2140e1     -5.2735e0
  35  24     -8.1250e0      6.2584e0    -2.1974e1     -5.2319e0
  35  25     -8.0000e0      6.3834e0    -2.1807e1     -5.1903e0
  35  26     -7.8750e0      6.5084e0    -2.1640e1     -5.1487e0
  35  27     -7.7500e0      6.6334e0    -2.1474e1     -5.1071e0
  35  28     -7.6250e0      6.7584e0    -2.1307e1     -5.0656e0
  35  29     -7.5000e0      6.8834e0    -2.1141e1     -5.0240e0
  35  30     -7.3750e0      7.0084e0    -2.0974e1     -4.9825e0
  35  31     -7.2500e0      7.1334e0    -2.0808e1     -4.9410e0
  35  32     -7.1250e0      7.2584e0    -2.0641e1     -4.8996e0
  35  33     -7.0000e0      7.3834e0    -2.0475e1     -4.8581e0
  35  34     -6.8750e0      7.5084e0    -2.0308e1     -4.8167e0
  35  35     -6.7500e0      7.6334e0    -2.0142e1     -4.7753e0
  35  36     -6.6250e0      7.7584e0    -1.9975e1     -4.7339e0
  35  37     -6.5000e0      7.8834e0    -1.9809e1     -4.6924e0
  35  38     -6.3750e0      8.0084e0    -1.9643e1     -4.6510e0
  35  39     -6.2500e0      8.1334e0    -1.9476e1     -4.6096e0
  35  40     -6.1250e0      8.2584e0    -1.9310e1     -4.5681e0
  35  41     -6.0000e0      8.3834e0    -1.9143e1     -4.5266e0
  35  42     -5.8750e0      8.5084e0    -1.8977e1     -4.4852e0
  35  43     -5.7500e0      8.6334e0    -1.8810e1     -4.4437e0
  35  44     -5.6250e0      8.7584e0    -1.8644e1     -4.4022e0
  35  45     -5.5000e0      8.8834e0    -1.8477e1     -4.3607e0
  35  46     -5.3750e0      9.0084e0    -1.8311e1     -4.3192e0
  35  47     -5.2500e0      9.1334e0    -1.8144e1     -4.2778e0
  35  48     -5.1250e0      9.2584e0    -1.7978e1     -4.2364e0
  35  49     -5.0000e0      9.3834e0    -1.7812e1     -4.1951e0
  35  50     -4.8750e0      9.5084e0    -1.7645e1     -4.1538e0
  35  51     -4.7500e0      9.6334e0    -1.7479e1     -4.1126e0
  35  52     -4.6250e0      9.7584e0    -1.7313e1     -4.0715e0
  35  53     -4.5000e0      9.8834e0    -1.7147e1     -4.0304e0
  35  54     -4.3750e0      1.0008e1    -1.6981e1     -3.9895e0
  35  55     -4.2500e0      1.0133e1    -1.6815e1     -3.9488e0
  35  56     -4.1250e0      1.0258e1    -1.6650e1     -3.9083e0
  35  57     -4.0000e0      1.0383e1    -1.6485e1     -3.8679e0
  35  58     -3.8750e0      1.0508e1    -1.6319e1     -3.8279e0
  35  59     -3.7500e0      1.0633e1    -1.6155e1     -3.7881e0
  35  60     -3.6250e0      1.0758e1    -1.5990e1     -3.7487e0
  35  61     -3.5000e0      1.0883e1    -1.5826e1     -3.7098e0
  35  62     -3.3750e0      1.1008e1    -1.5663e1     -3.6714e0
  35  63     -3.2500e0      1.1133e1    -1.5500e1     -3.6336e0
  35  64     -3.1250e0      1.1258e1    -1.5338e1     -3.5965e0
  35  65     -3.0000e0      1.1383e1    -1.5177e1     -3.5603e0
  35  66     -2.8750e0      1.1508e1    -1.5017e1     -3.5251e0
  35  67     -2.7500e0      1.1633e1    -1.4858e1     -3.4911e0
  35  68     -2.6250e0      1.1758e1    -1.4700e1     -3.4585e0
  35  69     -2.5000e0      1.1883e1    -1.4544e1     -3.4275e0
  35  70     -2.3750e0      1.2008e1    -1.4390e1     -3.3984e0
  35  71     -2.2500e0      1.2133e1    -1.4238e1     -3.3715e0
  35  72     -2.1250e0      1.2258e1    -1.4089e1     -3.3470e0
  35  73     -2.0000e0      1.2383e1    -1.3942e1     -3.3255e0
  35  74     -1.8750e0      1.2508e1    -1.3799e1     -3.3073e0
  35  75     -1.7500e0      1.2633e1    -1.3659e1     -3.2928e0
  35  76     -1.6250e0      1.2758e1    -1.3524e1     -3.2826e0
  35  77     -1.5000e0      1.2883e1    -1.3394e1     -3.2771e0
  35  78     -1.3750e0      1.3008e1    -1.3268e1     -3.2769e0
  35  79     -1.2500e0      1.3133e1    -1.3149e1     -3.2825e0
  35  80     -1.1250e0      1.3258e1    -1.3036e1     -3.2945e0
  35  81     -1.0000e0      1.3383e1    -1.2930e1     -3.3135e0
  35  82    -8.7501e-1      1.3508e1    -1.2832e1     -3.3401e0
  35  83    -7.5001e-1      1.3633e1    -1.2741e1     -3.3748e0
  35  84    -6.2501e-1      1.3758e1    -1.2660e1     -3.4183e0
  35  85    -5.0001e-1      1.3883e1    -1.2587e1     -3.4709e0
  35  86    -3.7501e-1      1.4008e1    -1.2525e1     -3.5330e0
  35  87    -2.5001e-1      1.4133e1    -1.2472e1     -3.6052e0
  35  88    -1.2501e-1      1.4258e1    -1.2429e1     -3.6876e0
  35  89    -1.3724e-5      1.4383e1    -1.2397e1     -3.7804e0
  35  90     1.2499e-1      1.4508e1    -1.2375e1     -3.8837e0
  35  91     2.4999e-1      1.4633e1    -1.2364e1     -3.9976e0
  35  92     3.7499e-1      1.4758e1    -1.2363e1     -4.1216e0
  35  93     4.9999e-1      1.4883e1    -1.2372e1     -4.2554e0
  35  94     6.2499e-1      1.5008e1    -1.2390e1     -4.3982e0
  35  95     7.4999e-1      1.5133e1    -1.2415e1     -4.5487e0
  35  96     8.7499e-1      1.5258e1    -1.2447e1     -4.7051e0
  35  97     9.9999e-1      1.5383e1    -1.2481e1     -4.8648e0
  35  98      1.1250e0      1.5508e1    -1.2516e1     -5.0248e0
  35  99      1.2500e0      1.5633e1    -1.2548e1     -5.1817e0
  35 100      1.3750e0      1.5758e1    -1.2574e1     -5.3326e0
  35 101      1.5000e0      1.5883e1    -1.2593e1     -5.4759e0
  35 102      1.6250e0      1.6008e1    -1.2603e1     -5.6112e0
  35 103      1.7500e0      1.6133e1    -1.2606e1     -5.7397e0
  35 104      1.8750e0      1.6258e1    -1.2605e1     -5.8635e0
  35 105      2.0000e0      1.6383e1    -1.2601e1     -5.9846e0
  35 106      2.1250e0      1.6508e1    -1.2596e1     -6.1047e0
  35 107      2.2500e0      1.6633e1    -1.2592e1     -6.2253e0
  35 108      2.3750e0      1.6758e1    -1.2589e1     -6.3470e0
  35 109      2.5000e0      1.6883e1    -1.2587e1     -6.4704e0
  35 110      2.6250e0      1.7008e1    -1.2587e1     -6.5957e0
  35 111      2.7500e0      1.7133e1    -1.2590e1     -6.7232e0
  35 112      2.8750e0      1.7258e1    -1.2595e1     -6.8533e0
  35 113      3.0000e0      1.7383e1    -1.2603e1     -6.9860e0
  35 114      3.1250e0      1.7508e1    -1.2613e1     -7.1215e0
  35 115      3.2500e0      1.7633e1    -1.2626e1     -7.2594e0
  35 116      3.3750e0      1.7758e1    -1.2641e1     -7.3992e0
  35 117      3.5000e0      1.7883e1    -1.2656e1     -7.5397e0
  35 118      3.6250e0      1.8008e1    -1.2672e1     -7.6802e0
  35 119      3.7500e0      1.8133e1    -1.2686e1     -7.8199e0
  35 120      3.8750e0      1.8258e1    -1.2700e1     -7.9587e0
  35 121      4.0000e0      1.8383e1    -1.2713e1     -8.0967e0
  35 122      4.1250e0      1.8508e1    -1.2726e1     -8.2345e0
  35 123      4.2500e0      1.8633e1    -1.2739e1     -8.3723e0
  35 124      4.3750e0      1.8758e1    -1.2752e1     -8.5103e0
  35 125      4.5000e0      1.8883e1    -1.2765e1     -8.6486e0
  35 126      4.6250e0      1.9008e1    -1.2779e1     -8.7870e0
  35 127      4.7500e0      1.9133e1    -1.2792e1     -8.9255e0
  35 128      4.8750e0      1.9258e1    -1.2806e1     -9.0641e0
  35 129      5.0000e0      1.9383e1    -1.2819e1     -9.2026e0
  35 130      5.1250e0      1.9508e1    -1.2833e1     -9.3410e0
  35 131      5.2500e0      1.9633e1    -1.2846e1     -9.4790e0
  35 132      5.3750e0      1.9758e1    -1.2858e1     -9.6167e0
  35 133      5.5000e0      1.9883e1    -1.2871e1     -9.7543e0
  35 134      5.6250e0      2.0008e1    -1.2884e1     -9.8919e0
  35 135      5.7500e0      2.0133e1    -1.2896e1     -1.0030e1
  35 136      5.8750e0      2.0258e1    -1.2909e1     -1.0168e1
  35 137      6.0000e0      2.0383e1    -1.2923e1     -1.0306e1
  35 138      6.1250e0      2.0508e1    -1.2936e1     -1.0445e1
  35 139      6.2500e0      2.0633e1    -1.2950e1     -1.0583e1
  35 140      6.3750e0      2.0758e1    -1.2965e1     -1.0723e1
  35 141      6.5000e0      2.0883e1    -1.2980e1     -1.0863e1
  35 142      6.6250e0      2.1008e1    -1.2995e1     -1.1004e1
  35 143      6.7500e0      2.1133e1    -1.3011e1     -1.1144e1
  35 144      6.8750e0      2.1258e1    -1.3026e1     -1.1285e1
  35 145      7.0000e0      2.1383e1    -1.3041e1     -1.1424e1
  35 146      7.1250e0      2.1508e1    -1.3055e1     -1.1564e1
  35 147      7.2500e0      2.1633e1    -1.3070e1     -1.1703e1
  35 148      7.3750e0      2.1758e1    -1.3084e1     -1.1842e1
  35 149      7.5000e0      2.1883e1    -1.3098e1     -1.1981e1
  35 150      7.6250e0      2.2008e1    -1.3111e1     -1.2120e1
  35 151      7.7500e0      2.2133e1    -1.3125e1     -1.2258e1
  35 152      7.8750e0      2.2258e1    -1.3138e1     -1.2397e1
  35 153      8.0000e0      2.2383e1    -1.3152e1     -1.2535e1
  35 154      8.1250e0      2.2508e1    -1.3166e1     -1.2674e1
  35 155      8.2500e0      2.2633e1    -1.3180e1     -1.2813e1
  35 156      8.3750e0      2.2758e1    -1.3195e1     -1.2953e1
  35 157      8.5000e0      2.2883e1    -1.3211e1     -1.3094e1
  35 158      8.6250e0      2.3008e1    -1.3226e1     -1.3235e1
  35 159      8.7500e0      2.3133e1    -1.3242e1     -1.3376e1
  35 160      8.8750e0      2.3258e1    -1.3258e1     -1.3516e1
  35 161      9.0000e0      2.3383e1    -1.3272e1     -1.3656e1
  35 162      9.1250e0      2.3508e1    -1.3287e1     -1.3795e1
  35 163      9.2500e0      2.3633e1    -1.3301e1     -1.3934e1
  35 164      9.3750e0      2.3758e1    -1.3315e1     -1.4073e1
  35 165      9.5000e0      2.3883e1    -1.3329e1     -1.4212e1
  35 166      9.6250e0      2.4008e1    -1.3342e1     -1.4351e1
  35 167      9.7500e0      2.4133e1    -1.3356e1     -1.4490e1
  35 168      9.8750e0      2.4258e1    -1.3370e1     -1.4629e1
  35 169      1.0000e1      2.4383e1    -1.3385e1     -1.4768e1
  35 170      1.0125e1      2.4508e1    -1.3399e1     -1.4908e1
  35 171      1.0250e1      2.4633e1    -1.3415e1     -1.5048e1
  35 172      1.0375e1      2.4758e1    -1.3430e1     -1.5189e1
  35 173      1.0500e1      2.4883e1    -1.3447e1     -1.5330e1
  35 174      1.0625e1      2.5008e1    -1.3464e1     -1.5472e1
  35 175      1.0750e1      2.5133e1    -1.3481e1     -1.5615e1
  35 176      1.0875e1      2.5258e1    -1.3498e1     -1.5756e1
  35 177      1.1000e1      2.5383e1    -1.3514e1     -1.5898e1
  35 178      1.1125e1      2.5508e1    -1.3531e1     -1.6039e1
  35 179      1.1250e1      2.5633e1    -1.3548e1     -1.6181e1
  35 180      1.1375e1      2.5758e1    -1.3565e1     -1.6324e1
  35 181      1.1500e1      2.5883e1    -1.3583e1     -1.6467e1
  35 182      1.1625e1      2.6008e1    -1.3602e1     -1.6610e1
  35 183      1.1750e1      2.6133e1    -1.3620e1     -1.6753e1
  35 184      1.1875e1      2.6258e1    -1.3638e1     -1.6897e1
  35 185      1.2000e1      2.6383e1    -1.3657e1     -1.7041e1
  35 186      1.2125e1      2.6508e1    -1.3677e1     -1.7185e1
  35 187      1.2250e1      2.6633e1    -1.3697e1     -1.7331e1
  35 188      1.2375e1      2.6758e1    -1.3721e1     -1.7479e1
  35 189      1.2500e1      2.6883e1    -1.3747e1     -1.7631e1
  35 190      1.2625e1      2.7008e1    -1.3777e1     -1.7785e1
  35 191      1.2750e1      2.7133e1    -1.3809e1     -1.7943e1
  35 192      1.2875e1      2.7258e1    -1.3844e1     -1.8102e1
  35 193      1.3000e1      2.7383e1    -1.3880e1     -1.8264e1
  35 194      1.3125e1      2.7508e1    -1.3919e1     -1.8428e1
  35 195      1.3250e1      2.7633e1    -1.3960e1     -1.8593e1
  35 196      1.3375e1      2.7758e1    -1.4003e1     -1.8762e1
  35 197      1.3500e1      2.7883e1    -1.4049e1     -1.8932e1
  35 198      1.3625e1      2.8008e1    -1.4099e1     -1.9107e1
  35 199      1.3750e1      2.8133e1    -1.4154e1     -1.9287e1
  35 200      1.3875e1      2.8258e1    -1.4216e1     -1.9474e1
  35 201      1.4000e1      2.8383e1    -1.4288e1     -1.9671e1
  35 202      1.4125e1      2.8508e1    -1.4372e1     -1.9881e1
  35 203      1.4250e1      2.8633e1    -1.4471e1     -2.0104e1
  35 204      1.4375e1      2.8758e1    -1.4580e1     -2.0339e1
  35 205      1.4500e1      2.8883e1    -1.4699e1     -2.0582e1
  35 206      1.4625e1      2.9008e1    -1.4826e1     -2.0834e1
  35 207      1.4750e1      2.9133e1    -1.4956e1     -2.1089e1
  35 208      1.4875e1      2.9258e1    -1.5101e1     -2.1359e1
  35 209      1.5000e1      2.9383e1    -1.5272e1     -2.1656e1
            log10(eV)     log10(Hz)    log10(nuFnu)  log10(Jy)

i_tm =  36;  t_obs =      3.553e4
  36   1     -1.1000e1      3.3834e0    -2.5758e1     -6.1416e0
  36   2     -1.0875e1      3.5084e0    -2.5592e1     -6.1000e0
  36   3     -1.0750e1      3.6334e0    -2.5425e1     -6.0583e0
  36   4     -1.0625e1      3.7584e0    -2.5258e1     -6.0166e0
  36   5     -1.0500e1      3.8834e0    -2.5092e1     -5.9750e0
  36   6     -1.0375e1      4.0084e0    -2.4925e1     -5.9333e0
  36   7     -1.0250e1      4.1334e0    -2.4758e1     -5.8916e0
  36   8     -1.0125e1      4.2584e0    -2.4592e1     -5.8500e0
  36   9     -1.0000e1      4.3834e0    -2.4425e1     -5.8083e0
  36  10     -9.8750e0      4.5084e0    -2.4258e1     -5.7666e0
  36  11     -9.7500e0      4.6334e0    -2.4092e1     -5.7250e0
  36  12     -9.6250e0      4.7584e0    -2.3925e1     -5.6833e0
  36  13     -9.5000e0      4.8834e0    -2.3758e1     -5.6416e0
  36  14     -9.3750e0      5.0084e0    -2.3592e1     -5.6000e0
  36  15     -9.2500e0      5.1334e0    -2.3425e1     -5.5583e0
  36  16     -9.1250e0      5.2584e0    -2.3258e1     -5.5167e0
  36  17     -9.0000e0      5.3834e0    -2.3092e1     -5.4750e0
  36  18     -8.8750e0      5.5084e0    -2.2925e1     -5.4333e0
  36  19     -8.7500e0      5.6334e0    -2.2758e1     -5.3917e0
  36  20     -8.6250e0      5.7584e0    -2.2592e1     -5.3500e0
  36  21     -8.5000e0      5.8834e0    -2.2425e1     -5.3084e0
  36  22     -8.3750e0      6.0084e0    -2.2258e1     -5.2668e0
  36  23     -8.2500e0      6.1334e0    -2.2092e1     -5.2251e0
  36  24     -8.1250e0      6.2584e0    -2.1925e1     -5.1835e0
  36  25     -8.0000e0      6.3834e0    -2.1759e1     -5.1419e0
  36  26     -7.8750e0      6.5084e0    -2.1592e1     -5.1004e0
  36  27     -7.7500e0      6.6334e0    -2.1425e1     -5.0588e0
  36  28     -7.6250e0      6.7584e0    -2.1259e1     -5.0173e0
  36  29     -7.5000e0      6.8834e0    -2.1092e1     -4.9758e0
  36  30     -7.3750e0      7.0084e0    -2.0926e1     -4.9343e0
  36  31     -7.2500e0      7.1334e0    -2.0759e1     -4.8928e0
  36  32     -7.1250e0      7.2584e0    -2.0593e1     -4.8514e0
  36  33     -7.0000e0      7.3834e0    -2.0427e1     -4.8100e0
  36  34     -6.8750e0      7.5084e0    -2.0260e1     -4.7686e0
  36  35     -6.7500e0      7.6334e0    -2.0094e1     -4.7271e0
  36  36     -6.6250e0      7.7584e0    -1.9927e1     -4.6857e0
  36  37     -6.5000e0      7.8834e0    -1.9761e1     -4.6443e0
  36  38     -6.3750e0      8.0084e0    -1.9594e1     -4.6028e0
  36  39     -6.2500e0      8.1334e0    -1.9428e1     -4.5614e0
  36  40     -6.1250e0      8.2584e0    -1.9261e1     -4.5199e0
  36  41     -6.0000e0      8.3834e0    -1.9095e1     -4.4784e0
  36  42     -5.8750e0      8.5084e0    -1.8929e1     -4.4369e0
  36  43     -5.7500e0      8.6334e0    -1.8762e1     -4.3954e0
  36  44     -5.6250e0      8.7584e0    -1.8596e1     -4.3540e0
  36  45     -5.5000e0      8.8834e0    -1.8429e1     -4.3125e0
  36  46     -5.3750e0      9.0084e0    -1.8263e1     -4.2711e0
  36  47     -5.2500e0      9.1334e0    -1.8096e1     -4.2297e0
  36  48     -5.1250e0      9.2584e0    -1.7930e1     -4.1884e0
  36  49     -5.0000e0      9.3834e0    -1.7764e1     -4.1471e0
  36  50     -4.8750e0      9.5084e0    -1.7597e1     -4.1059e0
  36  51     -4.7500e0      9.6334e0    -1.7431e1     -4.0648e0
  36  52     -4.6250e0      9.7584e0    -1.7265e1     -4.0238e0
  36  53     -4.5000e0      9.8834e0    -1.7100e1     -3.9829e0
  36  54     -4.3750e0      1.0008e1    -1.6934e1     -3.9422e0
  36  55     -4.2500e0      1.0133e1    -1.6768e1     -3.9017e0
  36  56     -4.1250e0      1.0258e1    -1.6603e1     -3.8615e0
  36  57     -4.0000e0      1.0383e1    -1.6438e1     -3.8214e0
  36  58     -3.8750e0      1.0508e1    -1.6273e1     -3.7818e0
  36  59     -3.7500e0      1.0633e1    -1.6109e1     -3.7425e0
  36  60     -3.6250e0      1.0758e1    -1.5945e1     -3.7036e0
  36  61     -3.5000e0      1.0883e1    -1.5782e1     -3.6653e0
  36  62     -3.3750e0      1.1008e1    -1.5619e1     -3.6276e0
  36  63     -3.2500e0      1.1133e1    -1.5457e1     -3.5907e0
  36  64     -3.1250e0      1.1258e1    -1.5296e1     -3.5547e0
  36  65     -3.0000e0      1.1383e1    -1.5136e1     -3.5197e0
  36  66     -2.8750e0      1.1508e1    -1.4978e1     -3.4860e0
  36  67     -2.7500e0      1.1633e1    -1.4820e1     -3.4537e0
  36  68     -2.6250e0      1.1758e1    -1.4665e1     -3.4230e0
  36  69     -2.5000e0      1.1883e1    -1.4511e1     -3.3942e0
  36  70     -2.3750e0      1.2008e1    -1.4359e1     -3.3677e0
  36  71     -2.2500e0      1.2133e1    -1.4210e1     -3.3438e0
  36  72     -2.1250e0      1.2258e1    -1.4064e1     -3.3229e0
  36  73     -2.0000e0      1.2383e1    -1.3922e1     -3.3053e0
  36  74     -1.8750e0      1.2508e1    -1.3783e1     -3.2915e0
  36  75     -1.7500e0      1.2633e1    -1.3649e1     -3.2820e0
  36  76     -1.6250e0      1.2758e1    -1.3519e1     -3.2774e0
  36  77     -1.5000e0      1.2883e1    -1.3395e1     -3.2781e0
  36  78     -1.3750e0      1.3008e1    -1.3276e1     -3.2847e0
  36  79     -1.2500e0      1.3133e1    -1.3164e1     -3.2977e0
  36  80     -1.1250e0      1.3258e1    -1.3059e1     -3.3179e0
  36  81     -1.0000e0      1.3383e1    -1.2962e1     -3.3457e0
  36  82    -8.7501e-1      1.3508e1    -1.2873e1     -3.3816e0
  36  83    -7.5001e-1      1.3633e1    -1.2793e1     -3.4263e0
  36  84    -6.2501e-1      1.3758e1    -1.2722e1     -3.4802e0
  36  85    -5.0001e-1      1.3883e1    -1.2660e1     -3.5436e0
  36  86    -3.7501e-1      1.4008e1    -1.2609e1     -3.6170e0
  36  87    -2.5001e-1      1.4133e1    -1.2567e1     -3.7005e0
  36  88    -1.2501e-1      1.4258e1    -1.2536e1     -3.7943e0
  36  89    -1.3724e-5      1.4383e1    -1.2515e1     -3.8985e0
  36  90     1.2499e-1      1.4508e1    -1.2505e1     -4.0131e0
  36  91     2.4999e-1      1.4633e1    -1.2504e1     -4.1376e0
  36  92     3.7499e-1      1.4758e1    -1.2513e1     -4.2716e0
  36  93     4.9999e-1      1.4883e1    -1.2531e1     -4.4143e0
  36  94     6.2499e-1      1.5008e1    -1.2556e1     -4.5643e0
  36  95     7.4999e-1      1.5133e1    -1.2586e1     -4.7196e0
  36  96     8.7499e-1      1.5258e1    -1.2619e1     -4.8777e0
  36  97     9.9999e-1      1.5383e1    -1.2652e1     -5.0353e0
  36  98      1.1250e0      1.5508e1    -1.2681e1     -5.1892e0
  36  99      1.2500e0      1.5633e1    -1.2703e1     -5.3369e0
  36 100      1.3750e0      1.5758e1    -1.2718e1     -5.4767e0
  36 101      1.5000e0      1.5883e1    -1.2725e1     -5.6089e0
  36 102      1.6250e0      1.6008e1    -1.2726e1     -5.7347e0
  36 103      1.7500e0      1.6133e1    -1.2723e1     -5.8562e0
  36 104      1.8750e0      1.6258e1    -1.2717e1     -5.9753e0
  36 105      2.0000e0      1.6383e1    -1.2711e1     -6.0940e0
  36 106      2.1250e0      1.6508e1    -1.2705e1     -6.2133e0
  36 107      2.2500e0      1.6633e1    -1.2701e1     -6.3340e0
  36 108      2.3750e0      1.6758e1    -1.2698e1     -6.4564e0
  36 109      2.5000e0      1.6883e1    -1.2697e1     -6.5808e0
  36 110      2.6250e0      1.7008e1    -1.2699e1     -6.7073e0
  36 111      2.7500e0      1.7133e1    -1.2703e1     -6.8361e0
  36 112      2.8750e0      1.7258e1    -1.2709e1     -6.9676e0
  36 113      3.0000e0      1.7383e1    -1.2718e1     -7.1018e0
  36 114      3.1250e0      1.7508e1    -1.2730e1     -7.2387e0
  36 115      3.2500e0      1.7633e1    -1.2744e1     -7.3779e0
  36 116      3.3750e0      1.7758e1    -1.2760e1     -7.5185e0
  36 117      3.5000e0      1.7883e1    -1.2776e1     -7.6594e0
  36 118      3.6250e0      1.8008e1    -1.2792e1     -7.7999e0
  36 119      3.7500e0      1.8133e1    -1.2806e1     -7.9394e0
  36 120      3.8750e0      1.8258e1    -1.2820e1     -8.0780e0
  36 121      4.0000e0      1.8383e1    -1.2833e1     -8.2161e0
  36 122      4.1250e0      1.8508e1    -1.2846e1     -8.3542e0
  36 123      4.2500e0      1.8633e1    -1.2859e1     -8.4924e0
  36 124      4.3750e0      1.8758e1    -1.2873e1     -8.6310e0
  36 125      4.5000e0      1.8883e1    -1.2886e1     -8.7698e0
  36 126      4.6250e0      1.9008e1    -1.2901e1     -8.9089e0
  36 127      4.7500e0      1.9133e1    -1.2915e1     -9.0482e0
  36 128      4.8750e0      1.9258e1    -1.2929e1     -9.1874e0
  36 129      5.0000e0      1.9383e1    -1.2943e1     -9.3266e0
  36 130      5.1250e0      1.9508e1    -1.2957e1     -9.4655e0
  36 131      5.2500e0      1.9633e1    -1.2971e1     -9.6040e0
  36 132      5.3750e0      1.9758e1    -1.2984e1     -9.7422e0
  36 133      5.5000e0      1.9883e1    -1.2997e1     -9.8802e0
  36 134      5.6250e0      2.0008e1    -1.3010e1     -1.0018e1
  36 135      5.7500e0      2.0133e1    -1.3023e1     -1.0157e1
  36 136      5.8750e0      2.0258e1    -1.3036e1     -1.0295e1
  36 137      6.0000e0      2.0383e1    -1.3050e1     -1.0433e1
  36 138      6.1250e0      2.0508e1    -1.3063e1     -1.0572e1
  36 139      6.2500e0      2.0633e1    -1.3077e1     -1.0711e1
  36 140      6.3750e0      2.0758e1    -1.3092e1     -1.0851e1
  36 141      6.5000e0      2.0883e1    -1.3107e1     -1.0991e1
  36 142      6.6250e0      2.1008e1    -1.3123e1     -1.1131e1
  36 143      6.7500e0      2.1133e1    -1.3138e1     -1.1272e1
  36 144      6.8750e0      2.1258e1    -1.3153e1     -1.1412e1
  36 145      7.0000e0      2.1383e1    -1.3168e1     -1.1552e1
  36 146      7.1250e0      2.1508e1    -1.3183e1     -1.1691e1
  36 147      7.2500e0      2.1633e1    -1.3197e1     -1.1830e1
  36 148      7.3750e0      2.1758e1    -1.3211e1     -1.1969e1
  36 149      7.5000e0      2.1883e1    -1.3225e1     -1.2108e1
  36 150      7.6250e0      2.2008e1    -1.3239e1     -1.2247e1
  36 151      7.7500e0      2.2133e1    -1.3252e1     -1.2386e1
  36 152      7.8750e0      2.2258e1    -1.3266e1     -1.2524e1
  36 153      8.0000e0      2.2383e1    -1.3280e1     -1.2663e1
  36 154      8.1250e0      2.2508e1    -1.3293e1     -1.2802e1
  36 155      8.2500e0      2.2633e1    -1.3308e1     -1.2941e1
  36 156      8.3750e0      2.2758e1    -1.3323e1     -1.3082e1
  36 157      8.5000e0      2.2883e1    -1.3339e1     -1.3222e1
  36 158      8.6250e0      2.3008e1    -1.3355e1     -1.3363e1
  36 159      8.7500e0      2.3133e1    -1.3371e1     -1.3504e1
  36 160      8.8750e0      2.3258e1    -1.3386e1     -1.3644e1
  36 161      9.0000e0      2.3383e1    -1.3401e1     -1.3784e1
  36 162      9.1250e0      2.3508e1    -1.3415e1     -1.3924e1
  36 163      9.2500e0      2.3633e1    -1.3429e1     -1.4063e1
  36 164      9.3750e0      2.3758e1    -1.3444e1     -1.4202e1
  36 165      9.5000e0      2.3883e1    -1.3458e1     -1.4341e1
  36 166      9.6250e0      2.4008e1    -1.3472e1     -1.4481e1
  36 167      9.7500e0      2.4133e1    -1.3487e1     -1.4620e1
  36 168      9.8750e0      2.4258e1    -1.3502e1     -1.4760e1
  36 169      1.0000e1      2.4383e1    -1.3517e1     -1.4900e1
  36 170      1.0125e1      2.4508e1    -1.3532e1     -1.5041e1
  36 171      1.0250e1      2.4633e1    -1.3549e1     -1.5182e1
  36 172      1.0375e1      2.4758e1    -1.3566e1     -1.5325e1
  36 173      1.0500e1      2.4883e1    -1.3584e1     -1.5468e1
  36 174      1.0625e1      2.5008e1    -1.3603e1     -1.5611e1
  36 175      1.0750e1      2.5133e1    -1.3622e1     -1.5755e1
  36 176      1.0875e1      2.5258e1    -1.3640e1     -1.5899e1
  36 177      1.1000e1      2.5383e1    -1.3659e1     -1.6042e1
  36 178      1.1125e1      2.5508e1    -1.3678e1     -1.6186e1
  36 179      1.1250e1      2.5633e1    -1.3698e1     -1.6332e1
  36 180      1.1375e1      2.5758e1    -1.3719e1     -1.6478e1
  36 181      1.1500e1      2.5883e1    -1.3741e1     -1.6625e1
  36 182      1.1625e1      2.6008e1    -1.3764e1     -1.6772e1
  36 183      1.1750e1      2.6133e1    -1.3787e1     -1.6920e1
  36 184      1.1875e1      2.6258e1    -1.3810e1     -1.7068e1
  36 185      1.2000e1      2.6383e1    -1.3833e1     -1.7217e1
  36 186      1.2125e1      2.6508e1    -1.3859e1     -1.7367e1
  36 187      1.2250e1      2.6633e1    -1.3886e1     -1.7519e1
  36 188      1.2375e1      2.6758e1    -1.3917e1     -1.7675e1
  36 189      1.2500e1      2.6883e1    -1.3950e1     -1.7834e1
  36 190      1.2625e1      2.7008e1    -1.3988e1     -1.7996e1
  36 191      1.2750e1      2.7133e1    -1.4028e1     -1.8161e1
  36 192      1.2875e1      2.7258e1    -1.4072e1     -1.8330e1
  36 193      1.3000e1      2.7383e1    -1.4119e1     -1.8502e1
  36 194      1.3125e1      2.7508e1    -1.4170e1     -1.8678e1
  36 195      1.3250e1      2.7633e1    -1.4225e1     -1.8859e1
  36 196      1.3375e1      2.7758e1    -1.4285e1     -1.9043e1
  36 197      1.3500e1      2.7883e1    -1.4347e1     -1.9230e1
  36 198      1.3625e1      2.8008e1    -1.4410e1     -1.9418e1
  36 199      1.3750e1      2.8133e1    -1.4473e1     -1.9606e1
  36 200      1.3875e1      2.8258e1    -1.4536e1     -1.9794e1
  36 201      1.4000e1      2.8383e1    -1.4601e1     -1.9984e1
  36 202      1.4125e1      2.8508e1    -1.4670e1     -2.0179e1
  36 203      1.4250e1      2.8633e1    -1.4745e1     -2.0378e1
  36 204      1.4375e1      2.8758e1    -1.4828e1     -2.0587e1
  36 205      1.4500e1      2.8883e1    -1.4923e1     -2.0806e1
  36 206      1.4625e1      2.9008e1    -1.5031e1     -2.1040e1
  36 207      1.4750e1      2.9133e1    -1.5158e1     -2.1292e1
  36 208      1.4875e1      2.9258e1    -1.5311e1     -2.1569e1
  36 209      1.5000e1      2.9383e1    -1.5499e1     -2.1882e1
            log10(eV)     log10(Hz)    log10(nuFnu)  log10(Jy)

i_tm =  37;  t_obs =      4.488e4
  37   1     -1.1000e1      3.3834e0    -2.5710e1     -6.0929e0
  37   2     -1.0875e1      3.5084e0    -2.5543e1     -6.0513e0
  37   3     -1.0750e1      3.6334e0    -2.5376e1     -6.0096e0
  37   4     -1.0625e1      3.7584e0    -2.5210e1     -5.9679e0
  37   5     -1.0500e1      3.8834e0    -2.5043e1     -5.9263e0
  37   6     -1.0375e1      4.0084e0    -2.4876e1     -5.8846e0
  37   7     -1.0250e1      4.1334e0    -2.4710e1     -5.8429e0
  37   8     -1.0125e1      4.2584e0    -2.4543e1     -5.8013e0
  37   9     -1.0000e1      4.3834e0    -2.4376e1     -5.7596e0
  37  10     -9.8750e0      4.5084e0    -2.4210e1     -5.7179e0
  37  11     -9.7500e0      4.6334e0    -2.4043e1     -5.6763e0
  37  12     -9.6250e0      4.7584e0    -2.3876e1     -5.6346e0
  37  13     -9.5000e0      4.8834e0    -2.3710e1     -5.5929e0
  37  14     -9.3750e0      5.0084e0    -2.3543e1     -5.5513e0
  37  15     -9.2500e0      5.1334e0    -2.3376e1     -5.5096e0
  37  16     -9.1250e0      5.2584e0    -2.3210e1     -5.4679e0
  37  17     -9.0000e0      5.3834e0    -2.3043e1     -5.4263e0
  37  18     -8.8750e0      5.5084e0    -2.2876e1     -5.3846e0
  37  19     -8.7500e0      5.6334e0    -2.2710e1     -5.3430e0
  37  20     -8.6250e0      5.7584e0    -2.2543e1     -5.3014e0
  37  21     -8.5000e0      5.8834e0    -2.2376e1     -5.2597e0
  37  22     -8.3750e0      6.0084e0    -2.2210e1     -5.2181e0
  37  23     -8.2500e0      6.1334e0    -2.2043e1     -5.1765e0
  37  24     -8.1250e0      6.2584e0    -2.1876e1     -5.1349e0
  37  25     -8.0000e0      6.3834e0    -2.1710e1     -5.0933e0
  37  26     -7.8750e0      6.5084e0    -2.1543e1     -5.0518e0
  37  27     -7.7500e0      6.6334e0    -2.1377e1     -5.0103e0
  37  28     -7.6250e0      6.7584e0    -2.1210e1     -4.9688e0
  37  29     -7.5000e0      6.8834e0    -2.1044e1     -4.9273e0
  37  30     -7.3750e0      7.0084e0    -2.0877e1     -4.8858e0
  37  31     -7.2500e0      7.1334e0    -2.0711e1     -4.8444e0
  37  32     -7.1250e0      7.2584e0    -2.0545e1     -4.8030e0
  37  33     -7.0000e0      7.3834e0    -2.0378e1     -4.7616e0
  37  34     -6.8750e0      7.5084e0    -2.0212e1     -4.7201e0
  37  35     -6.7500e0      7.6334e0    -2.0045e1     -4.6787e0
  37  36     -6.6250e0      7.7584e0    -1.9879e1     -4.6373e0
  37  37     -6.5000e0      7.8834e0    -1.9712e1     -4.5958e0
  37  38     -6.3750e0      8.0084e0    -1.9546e1     -4.5544e0
  37  39     -6.2500e0      8.1334e0    -1.9379e1     -4.5129e0
  37  40     -6.1250e0      8.2584e0    -1.9213e1     -4.4714e0
  37  41     -6.0000e0      8.3834e0    -1.9047e1     -4.4299e0
  37  42     -5.8750e0      8.5084e0    -1.8880e1     -4.3884e0
  37  43     -5.7500e0      8.6334e0    -1.8714e1     -4.3469e0
  37  44     -5.6250e0      8.7584e0    -1.8547e1     -4.3055e0
  37  45     -5.5000e0      8.8834e0    -1.8381e1     -4.2641e0
  37  46     -5.3750e0      9.0084e0    -1.8214e1     -4.2227e0
  37  47     -5.2500e0      9.1334e0    -1.8048e1     -4.1814e0
  37  48     -5.1250e0      9.2584e0    -1.7882e1     -4.1401e0
  37  49     -5.0000e0      9.3834e0    -1.7716e1     -4.0990e0
  37  50     -4.8750e0      9.5084e0    -1.7549e1     -4.0579e0
  37  51     -4.7500e0      9.6334e0    -1.7383e1     -4.0169e0
  37  52     -4.6250e0      9.7584e0    -1.7218e1     -3.9761e0
  37  53     -4.5000e0      9.8834e0    -1.7052e1     -3.9354e0
  37  54     -4.3750e0      1.0008e1    -1.6887e1     -3.8949e0
  37  55     -4.2500e0      1.0133e1    -1.6721e1     -3.8547e0
  37  56     -4.1250e0      1.0258e1    -1.6556e1     -3.8148e0
  37  57     -4.0000e0      1.0383e1    -1.6392e1     -3.7751e0
  37  58     -3.8750e0      1.0508e1    -1.6228e1     -3.7359e0
  37  59     -3.7500e0      1.0633e1    -1.6064e1     -3.6972e0
  37  60     -3.6250e0      1.0758e1    -1.5901e1     -3.6590e0
  37  61     -3.5000e0      1.0883e1    -1.5738e1     -3.6215e0
  37  62     -3.3750e0      1.1008e1    -1.5576e1     -3.5847e0
  37  63     -3.2500e0      1.1133e1    -1.5415e1     -3.5489e0
  37  64     -3.1250e0      1.1258e1    -1.5256e1     -3.5141e0
  37  65     -3.0000e0      1.1383e1    -1.5097e1     -3.4807e0
  37  66     -2.8750e0      1.1508e1    -1.4940e1     -3.4486e0
  37  67     -2.7500e0      1.1633e1    -1.4785e1     -3.4183e0
  37  68     -2.6250e0      1.1758e1    -1.4632e1     -3.3900e0
  37  69     -2.5000e0      1.1883e1    -1.4481e1     -3.3639e0
  37  70     -2.3750e0      1.2008e1    -1.4332e1     -3.3405e0
  37  71     -2.2500e0      1.2133e1    -1.4187e1     -3.3201e0
  37  72     -2.1250e0      1.2258e1    -1.4045e1     -3.3032e0
  37  73     -2.0000e0      1.2383e1    -1.3907e1     -3.2902e0
  37  74     -1.8750e0      1.2508e1    -1.3773e1     -3.2815e0
  37  75     -1.7500e0      1.2633e1    -1.3644e1     -3.2777e0
  37  76     -1.6250e0      1.2758e1    -1.3521e1     -3.2794e0
  37  77     -1.5000e0      1.2883e1    -1.3404e1     -3.2870e0
  37  78     -1.3750e0      1.3008e1    -1.3293e1     -3.3012e0
  37  79     -1.2500e0      1.3133e1    -1.3189e1     -3.3225e0
  37  80     -1.1250e0      1.3258e1    -1.3093e1     -3.3515e0
  37  81     -1.0000e0      1.3383e1    -1.3005e1     -3.3888e0
  37  82    -8.7501e-1      1.3508e1    -1.2926e1     -3.4348e0
  37  83    -7.5001e-1      1.3633e1    -1.2857e1     -3.4900e0
  37  84    -6.2501e-1      1.3758e1    -1.2796e1     -3.5547e0
  37  85    -5.0001e-1      1.3883e1    -1.2746e1     -3.6294e0
  37  86    -3.7501e-1      1.4008e1    -1.2706e1     -3.7141e0
  37  87    -2.5001e-1      1.4133e1    -1.2676e1     -3.8091e0
  37  88    -1.2501e-1      1.4258e1    -1.2656e1     -3.9144e0
  37  89    -1.3724e-5      1.4383e1    -1.2646e1     -4.0299e0
  37  90     1.2499e-1      1.4508e1    -1.2647e1     -4.1552e0
  37  91     2.4999e-1      1.4633e1    -1.2657e1     -4.2900e0
  37  92     3.7499e-1      1.4758e1    -1.2675e1     -4.4332e0
  37  93     4.9999e-1      1.4883e1    -1.2700e1     -4.5835e0
  37  94     6.2499e-1      1.5008e1    -1.2730e1     -4.7388e0
  37  95     7.4999e-1      1.5133e1    -1.2763e1     -4.8965e0
  37  96     8.7499e-1      1.5258e1    -1.2795e1     -5.0532e0
  37  97     9.9999e-1      1.5383e1    -1.2822e1     -5.2057e0
  37  98      1.1250e0      1.5508e1    -1.2843e1     -5.3512e0
  37  99      1.2500e0      1.5633e1    -1.2855e1     -5.4885e0
  37 100      1.3750e0      1.5758e1    -1.2860e1     -5.6180e0
  37 101      1.5000e0      1.5883e1    -1.2858e1     -5.7412e0
  37 102      1.6250e0      1.6008e1    -1.2852e1     -5.8602e0
  37 103      1.7500e0      1.6133e1    -1.2844e1     -5.9774e0
  37 104      1.8750e0      1.6258e1    -1.2836e1     -6.0942e0
  37 105      2.0000e0      1.6383e1    -1.2829e1     -6.2120e0
  37 106      2.1250e0      1.6508e1    -1.2823e1     -6.3314e0
  37 107      2.2500e0      1.6633e1    -1.2819e1     -6.4527e0
  37 108      2.3750e0      1.6758e1    -1.2818e1     -6.5760e0
  37 109      2.5000e0      1.6883e1    -1.2818e1     -6.7014e0
  37 110      2.6250e0      1.7008e1    -1.2821e1     -6.8291e0
  37 111      2.7500e0      1.7133e1    -1.2826e1     -6.9593e0
  37 112      2.8750e0      1.7258e1    -1.2834e1     -7.0921e0
  37 113      3.0000e0      1.7383e1    -1.2844e1     -7.2276e0
  37 114      3.1250e0      1.7508e1    -1.2857e1     -7.3657e0
  37 115      3.2500e0      1.7633e1    -1.2872e1     -7.5057e0
  37 116      3.3750e0      1.7758e1    -1.2888e1     -7.6466e0
  37 117      3.5000e0      1.7883e1    -1.2904e1     -7.7874e0
  37 118      3.6250e0      1.8008e1    -1.2919e1     -7.9273e0
  37 119      3.7500e0      1.8133e1    -1.2933e1     -8.0661e0
  37 120      3.8750e0      1.8258e1    -1.2945e1     -8.2039e0
  37 121      4.0000e0      1.8383e1    -1.2958e1     -8.3412e0
  37 122      4.1250e0      1.8508e1    -1.2970e1     -8.4784e0
  37 123      4.2500e0      1.8633e1    -1.2982e1     -8.6159e0
  37 124      4.3750e0      1.8758e1    -1.2995e1     -8.7537e0
  37 125      4.5000e0      1.8883e1    -1.3008e1     -8.8918e0
  37 126      4.6250e0      1.9008e1    -1.3022e1     -9.0302e0
  37 127      4.7500e0      1.9133e1    -1.3035e1     -9.1687e0
  37 128      4.8750e0      1.9258e1    -1.3049e1     -9.3072e0
  37 129      5.0000e0      1.9383e1    -1.3062e1     -9.4456e0
  37 130      5.1250e0      1.9508e1    -1.3075e1     -9.5838e0
  37 131      5.2500e0      1.9633e1    -1.3088e1     -9.7217e0
  37 132      5.3750e0      1.9758e1    -1.3101e1     -9.8595e0
  37 133      5.5000e0      1.9883e1    -1.3114e1     -9.9972e0
  37 134      5.6250e0      2.0008e1    -1.3127e1     -1.0135e1
  37 135      5.7500e0      2.0133e1    -1.3139e1     -1.0273e1
  37 136      5.8750e0      2.0258e1    -1.3153e1     -1.0411e1
  37 137      6.0000e0      2.0383e1    -1.3166e1     -1.0549e1
  37 138      6.1250e0      2.0508e1    -1.3179e1     -1.0688e1
  37 139      6.2500e0      2.0633e1    -1.3194e1     -1.0827e1
  37 140      6.3750e0      2.0758e1    -1.3208e1     -1.0967e1
  37 141      6.5000e0      2.0883e1    -1.3224e1     -1.1107e1
  37 142      6.6250e0      2.1008e1    -1.3240e1     -1.1248e1
  37 143      6.7500e0      2.1133e1    -1.3255e1     -1.1388e1
  37 144      6.8750e0      2.1258e1    -1.3270e1     -1.1528e1
  37 145      7.0000e0      2.1383e1    -1.3285e1     -1.1668e1
  37 146      7.1250e0      2.1508e1    -1.3299e1     -1.1808e1
  37 147      7.2500e0      2.1633e1    -1.3313e1     -1.1947e1
  37 148      7.3750e0      2.1758e1    -1.3328e1     -1.2086e1
  37 149      7.5000e0      2.1883e1    -1.3341e1     -1.2225e1
  37 150      7.6250e0      2.2008e1    -1.3355e1     -1.2363e1
  37 151      7.7500e0      2.2133e1    -1.3368e1     -1.2502e1
  37 152      7.8750e0      2.2258e1    -1.3382e1     -1.2640e1
  37 153      8.0000e0      2.2383e1    -1.3396e1     -1.2779e1
  37 154      8.1250e0      2.2508e1    -1.3410e1     -1.2918e1
  37 155      8.2500e0      2.2633e1    -1.3425e1     -1.3058e1
  37 156      8.3750e0      2.2758e1    -1.3440e1     -1.3199e1
  37 157      8.5000e0      2.2883e1    -1.3456e1     -1.3340e1
  37 158      8.6250e0      2.3008e1    -1.3472e1     -1.3481e1
  37 159      8.7500e0      2.3133e1    -1.3488e1     -1.3621e1
  37 160      8.8750e0      2.3258e1    -1.3503e1     -1.3761e1
  37 161      9.0000e0      2.3383e1    -1.3518e1     -1.3901e1
  37 162      9.1250e0      2.3508e1    -1.3532e1     -1.4041e1
  37 163      9.2500e0      2.3633e1    -1.3547e1     -1.4180e1
  37 164      9.3750e0      2.3758e1    -1.3561e1     -1.4320e1
  37 165      9.5000e0      2.3883e1    -1.3576e1     -1.4459e1
  37 166      9.6250e0      2.4008e1    -1.3590e1     -1.4599e1
  37 167      9.7500e0      2.4133e1    -1.3605e1     -1.4738e1
  37 168      9.8750e0      2.4258e1    -1.3620e1     -1.4878e1
  37 169      1.0000e1      2.4383e1    -1.3635e1     -1.5019e1
  37 170      1.0125e1      2.4508e1    -1.3651e1     -1.5160e1
  37 171      1.0250e1      2.4633e1    -1.3668e1     -1.5302e1
  37 172      1.0375e1      2.4758e1    -1.3686e1     -1.5445e1
  37 173      1.0500e1      2.4883e1    -1.3705e1     -1.5589e1
  37 174      1.0625e1      2.5008e1    -1.3724e1     -1.5733e1
  37 175      1.0750e1      2.5133e1    -1.3743e1     -1.5877e1
  37 176      1.0875e1      2.5258e1    -1.3763e1     -1.6021e1
  37 177      1.1000e1      2.5383e1    -1.3782e1     -1.6165e1
  37 178      1.1125e1      2.5508e1    -1.3802e1     -1.6311e1
  37 179      1.1250e1      2.5633e1    -1.3824e1     -1.6457e1
  37 180      1.1375e1      2.5758e1    -1.3846e1     -1.6605e1
  37 181      1.1500e1      2.5883e1    -1.3869e1     -1.6753e1
  37 182      1.1625e1      2.6008e1    -1.3893e1     -1.6901e1
  37 183      1.1750e1      2.6133e1    -1.3916e1     -1.7050e1
  37 184      1.1875e1      2.6258e1    -1.3939e1     -1.7197e1
  37 185      1.2000e1      2.6383e1    -1.3962e1     -1.7345e1
  37 186      1.2125e1      2.6508e1    -1.3985e1     -1.7493e1
  37 187      1.2250e1      2.6633e1    -1.4009e1     -1.7642e1
  37 188      1.2375e1      2.6758e1    -1.4035e1     -1.7794e1
  37 189      1.2500e1      2.6883e1    -1.4064e1     -1.7948e1
  37 190      1.2625e1      2.7008e1    -1.4096e1     -1.8105e1
  37 191      1.2750e1      2.7133e1    -1.4131e1     -1.8264e1
  37 192      1.2875e1      2.7258e1    -1.4169e1     -1.8427e1
  37 193      1.3000e1      2.7383e1    -1.4211e1     -1.8594e1
  37 194      1.3125e1      2.7508e1    -1.4258e1     -1.8766e1
  37 195      1.3250e1      2.7633e1    -1.4311e1     -1.8944e1
  37 196      1.3375e1      2.7758e1    -1.4369e1     -1.9128e1
  37 197      1.3500e1      2.7883e1    -1.4434e1     -1.9317e1
  37 198      1.3625e1      2.8008e1    -1.4503e1     -1.9511e1
  37 199      1.3750e1      2.8133e1    -1.4574e1     -1.9708e1
  37 200      1.3875e1      2.8258e1    -1.4646e1     -1.9904e1
  37 201      1.4000e1      2.8383e1    -1.4717e1     -2.0100e1
  37 202      1.4125e1      2.8508e1    -1.4788e1     -2.0297e1
  37 203      1.4250e1      2.8633e1    -1.4864e1     -2.0497e1
  37 204      1.4375e1      2.8758e1    -1.4949e1     -2.0707e1
  37 205      1.4500e1      2.8883e1    -1.5046e1     -2.0929e1
  37 206      1.4625e1      2.9008e1    -1.5160e1     -2.1168e1
  37 207      1.4750e1      2.9133e1    -1.5295e1     -2.1428e1
  37 208      1.4875e1      2.9258e1    -1.5460e1     -2.1719e1
  37 209      1.5000e1      2.9383e1    -1.5669e1     -2.2053e1
            log10(eV)     log10(Hz)    log10(nuFnu)  log10(Jy)

i_tm =  38;  t_obs =      5.669e4
  38   1     -1.1000e1      3.3834e0    -2.5661e1     -6.0441e0
  38   2     -1.0875e1      3.5084e0    -2.5494e1     -6.0024e0
  38   3     -1.0750e1      3.6334e0    -2.5327e1     -5.9608e0
  38   4     -1.0625e1      3.7584e0    -2.5161e1     -5.9191e0
  38   5     -1.0500e1      3.8834e0    -2.4994e1     -5.8774e0
  38   6     -1.0375e1      4.0084e0    -2.4827e1     -5.8358e0
  38   7     -1.0250e1      4.1334e0    -2.4661e1     -5.7941e0
  38   8     -1.0125e1      4.2584e0    -2.4494e1     -5.7524e0
  38   9     -1.0000e1      4.3834e0    -2.4327e1     -5.7108e0
  38  10     -9.8750e0      4.5084e0    -2.4161e1     -5.6691e0
  38  11     -9.7500e0      4.6334e0    -2.3994e1     -5.6275e0
  38  12     -9.6250e0      4.7584e0    -2.3827e1     -5.5858e0
  38  13     -9.5000e0      4.8834e0    -2.3661e1     -5.5441e0
  38  14     -9.3750e0      5.0084e0    -2.3494e1     -5.5025e0
  38  15     -9.2500e0      5.1334e0    -2.3327e1     -5.4608e0
  38  16     -9.1250e0      5.2584e0    -2.3161e1     -5.4192e0
  38  17     -9.0000e0      5.3834e0    -2.2994e1     -5.3775e0
  38  18     -8.8750e0      5.5084e0    -2.2827e1     -5.3359e0
  38  19     -8.7500e0      5.6334e0    -2.2661e1     -5.2942e0
  38  20     -8.6250e0      5.7584e0    -2.2494e1     -5.2526e0
  38  21     -8.5000e0      5.8834e0    -2.2328e1     -5.2110e0
  38  22     -8.3750e0      6.0084e0    -2.2161e1     -5.1694e0
  38  23     -8.2500e0      6.1334e0    -2.1994e1     -5.1278e0
  38  24     -8.1250e0      6.2584e0    -2.1828e1     -5.0862e0
  38  25     -8.0000e0      6.3834e0    -2.1661e1     -5.0447e0
  38  26     -7.8750e0      6.5084e0    -2.1495e1     -5.0031e0
  38  27     -7.7500e0      6.6334e0    -2.1328e1     -4.9616e0
  38  28     -7.6250e0      6.7584e0    -2.1162e1     -4.9202e0
  38  29     -7.5000e0      6.8834e0    -2.0995e1     -4.8787e0
  38  30     -7.3750e0      7.0084e0    -2.0829e1     -4.8373e0
  38  31     -7.2500e0      7.1334e0    -2.0662e1     -4.7959e0
  38  32     -7.1250e0      7.2584e0    -2.0496e1     -4.7545e0
  38  33     -7.0000e0      7.3834e0    -2.0330e1     -4.7130e0
  38  34     -6.8750e0      7.5084e0    -2.0163e1     -4.6716e0
  38  35     -6.7500e0      7.6334e0    -1.9997e1     -4.6302e0
  38  36     -6.6250e0      7.7584e0    -1.9830e1     -4.5887e0
  38  37     -6.5000e0      7.8834e0    -1.9664e1     -4.5472e0
  38  38     -6.3750e0      8.0084e0    -1.9497e1     -4.5058e0
  38  39     -6.2500e0      8.1334e0    -1.9331e1     -4.4643e0
  38  40     -6.1250e0      8.2584e0    -1.9164e1     -4.4228e0
  38  41     -6.0000e0      8.3834e0    -1.8998e1     -4.3813e0
  38  42     -5.8750e0      8.5084e0    -1.8831e1     -4.3398e0
  38  43     -5.7500e0      8.6334e0    -1.8665e1     -4.2984e0
  38  44     -5.6250e0      8.7584e0    -1.8499e1     -4.2570e0
  38  45     -5.5000e0      8.8834e0    -1.8332e1     -4.2156e0
  38  46     -5.3750e0      9.0084e0    -1.8166e1     -4.1743e0
  38  47     -5.2500e0      9.1334e0    -1.8000e1     -4.1331e0
  38  48     -5.1250e0      9.2584e0    -1.7834e1     -4.0919e0
  38  49     -5.0000e0      9.3834e0    -1.7667e1     -4.0509e0
  38  50     -4.8750e0      9.5084e0    -1.7502e1     -4.0099e0
  38  51     -4.7500e0      9.6334e0    -1.7336e1     -3.9691e0
  38  52     -4.6250e0      9.7584e0    -1.7170e1     -3.9285e0
  38  53     -4.5000e0      9.8834e0    -1.7005e1     -3.8881e0
  38  54     -4.3750e0      1.0008e1    -1.6839e1     -3.8479e0
  38  55     -4.2500e0      1.0133e1    -1.6675e1     -3.8080e0
  38  56     -4.1250e0      1.0258e1    -1.6510e1     -3.7685e0
  38  57     -4.0000e0      1.0383e1    -1.6346e1     -3.7293e0
  38  58     -3.8750e0      1.0508e1    -1.6182e1     -3.6907e0
  38  59     -3.7500e0      1.0633e1    -1.6019e1     -3.6526e0
  38  60     -3.6250e0      1.0758e1    -1.5857e1     -3.6152e0
  38  61     -3.5000e0      1.0883e1    -1.5695e1     -3.5787e0
  38  62     -3.3750e0      1.1008e1    -1.5535e1     -3.5430e0
  38  63     -3.2500e0      1.1133e1    -1.5375e1     -3.5085e0
  38  64     -3.1250e0      1.1258e1    -1.5217e1     -3.4753e0
  38  65     -3.0000e0      1.1383e1    -1.5060e1     -3.4436e0
  38  66     -2.8750e0      1.1508e1    -1.4905e1     -3.4136e0
  38  67     -2.7500e0      1.1633e1    -1.4752e1     -3.3857e0
  38  68     -2.6250e0      1.1758e1    -1.4602e1     -3.3601e0
  38  69     -2.5000e0      1.1883e1    -1.4454e1     -3.3373e0
  38  70     -2.3750e0      1.2008e1    -1.4309e1     -3.3175e0
  38  71     -2.2500e0      1.2133e1    -1.4168e1     -3.3013e0
  38  72     -2.1250e0      1.2258e1    -1.4031e1     -3.2890e0
  38  73     -2.0000e0      1.2383e1    -1.3898e1     -3.2812e0
  38  74     -1.8750e0      1.2508e1    -1.3770e1     -3.2783e0
  38  75     -1.7500e0      1.2633e1    -1.3648e1     -3.2809e0
  38  76     -1.6250e0      1.2758e1    -1.3531e1     -3.2896e0
  38  77     -1.5000e0      1.2883e1    -1.3422e1     -3.3050e0
  38  78     -1.3750e0      1.3008e1    -1.3319e1     -3.3275e0
  38  79     -1.2500e0      1.3133e1    -1.3224e1     -3.3578e0
  38  80     -1.1250e0      1.3258e1    -1.3138e1     -3.3963e0
  38  81     -1.0000e0      1.3383e1    -1.3060e1     -3.4437e0
  38  82    -8.7501e-1      1.3508e1    -1.2992e1     -3.5002e0
  38  83    -7.5001e-1      1.3633e1    -1.2933e1     -3.5663e0
  38  84    -6.2501e-1      1.3758e1    -1.2884e1     -3.6423e0
  38  85    -5.0001e-1      1.3883e1    -1.2845e1     -3.7282e0
  38  86    -3.7501e-1      1.4008e1    -1.2816e1     -3.8244e0
  38  87    -2.5001e-1      1.4133e1    -1.2797e1     -3.9306e0
  38  88    -1.2501e-1      1.4258e1    -1.2789e1     -4.0469e0
  38  89    -1.3724e-5      1.4383e1    -1.2789e1     -4.1729e0
  38  90     1.2499e-1      1.4508e1    -1.2799e1     -4.3079e0
  38  91     2.4999e-1      1.4633e1    -1.2818e1     -4.4511e0
  38  92     3.7499e-1      1.4758e1    -1.2843e1     -4.6009e0
  38  93     4.9999e-1      1.4883e1    -1.2872e1     -4.7553e0
  38  94     6.2499e-1      1.5008e1    -1.2903e1     -4.9113e0
  38  95     7.4999e-1      1.5133e1    -1.2932e1     -5.0657e0
  38  96     8.7499e-1      1.5258e1    -1.2957e1     -5.2152e0
  38  97     9.9999e-1      1.5383e1    -1.2974e1     -5.3574e0
  38  98      1.1250e0      1.5508e1    -1.2983e1     -5.4913e0
  38  99      1.2500e0      1.5633e1    -1.2984e1     -5.6174e0
  38 100      1.3750e0      1.5758e1    -1.2979e1     -5.7377e0
  38 101      1.5000e0      1.5883e1    -1.2971e1     -5.8542e0
  38 102      1.6250e0      1.6008e1    -1.2961e1     -5.9691e0
  38 103      1.7500e0      1.6133e1    -1.2950e1     -6.0839e0
  38 104      1.8750e0      1.6258e1    -1.2941e1     -6.1997e0
  38 105      2.0000e0      1.6383e1    -1.2934e1     -6.3171e0
  38 106      2.1250e0      1.6508e1    -1.2928e1     -6.4364e0
  38 107      2.2500e0      1.6633e1    -1.2924e1     -6.5578e0
  38 108      2.3750e0      1.6758e1    -1.2923e1     -6.6813e0
  38 109      2.5000e0      1.6883e1    -1.2924e1     -6.8070e0
  38 110      2.6250e0      1.7008e1    -1.2927e1     -6.9350e0
  38 111      2.7500e0      1.7133e1    -1.2932e1     -7.0655e0
  38 112      2.8750e0      1.7258e1    -1.2940e1     -7.1987e0
  38 113      3.0000e0      1.7383e1    -1.2951e1     -7.3346e0
  38 114      3.1250e0      1.7508e1    -1.2964e1     -7.4728e0
  38 115      3.2500e0      1.7633e1    -1.2979e1     -7.6127e0
  38 116      3.3750e0      1.7758e1    -1.2995e1     -7.7534e0
  38 117      3.5000e0      1.7883e1    -1.3010e1     -7.8938e0
  38 118      3.6250e0      1.8008e1    -1.3025e1     -8.0334e0
  38 119      3.7500e0      1.8133e1    -1.3039e1     -8.1720e0
  38 120      3.8750e0      1.8258e1    -1.3052e1     -8.3100e0
  38 121      4.0000e0      1.8383e1    -1.3064e1     -8.4477e0
  38 122      4.1250e0      1.8508e1    -1.3077e1     -8.5857e0
  38 123      4.2500e0      1.8633e1    -1.3090e1     -8.7238e0
  38 124      4.3750e0      1.8758e1    -1.3104e1     -8.8622e0
  38 125      4.5000e0      1.8883e1    -1.3117e1     -9.0008e0
  38 126      4.6250e0      1.9008e1    -1.3131e1     -9.1395e0
  38 127      4.7500e0      1.9133e1    -1.3145e1     -9.2783e0
  38 128      4.8750e0      1.9258e1    -1.3159e1     -9.4169e0
  38 129      5.0000e0      1.9383e1    -1.3172e1     -9.5555e0
  38 130      5.1250e0      1.9508e1    -1.3185e1     -9.6938e0
  38 131      5.2500e0      1.9633e1    -1.3199e1     -9.8320e0
  38 132      5.3750e0      1.9758e1    -1.3212e1     -9.9700e0
  38 133      5.5000e0      1.9883e1    -1.3225e1     -1.0108e1
  38 134      5.6250e0      2.0008e1    -1.3238e1     -1.0247e1
  38 135      5.7500e0      2.0133e1    -1.3252e1     -1.0385e1
  38 136      5.8750e0      2.0258e1    -1.3266e1     -1.0524e1
  38 137      6.0000e0      2.0383e1    -1.3279e1     -1.0663e1
  38 138      6.1250e0      2.0508e1    -1.3294e1     -1.0802e1
  38 139      6.2500e0      2.0633e1    -1.3308e1     -1.0942e1
  38 140      6.3750e0      2.0758e1    -1.3324e1     -1.1082e1
  38 141      6.5000e0      2.0883e1    -1.3339e1     -1.1223e1
  38 142      6.6250e0      2.1008e1    -1.3355e1     -1.1363e1
  38 143      6.7500e0      2.1133e1    -1.3370e1     -1.1504e1
  38 144      6.8750e0      2.1258e1    -1.3385e1     -1.1644e1
  38 145      7.0000e0      2.1383e1    -1.3400e1     -1.1783e1
  38 146      7.1250e0      2.1508e1    -1.3414e1     -1.1923e1
  38 147      7.2500e0      2.1633e1    -1.3428e1     -1.2062e1
  38 148      7.3750e0      2.1758e1    -1.3442e1     -1.2201e1
  38 149      7.5000e0      2.1883e1    -1.3456e1     -1.2339e1
  38 150      7.6250e0      2.2008e1    -1.3470e1     -1.2478e1
  38 151      7.7500e0      2.2133e1    -1.3483e1     -1.2617e1
  38 152      7.8750e0      2.2258e1    -1.3497e1     -1.2755e1
  38 153      8.0000e0      2.2383e1    -1.3511e1     -1.2894e1
  38 154      8.1250e0      2.2508e1    -1.3525e1     -1.3034e1
  38 155      8.2500e0      2.2633e1    -1.3540e1     -1.3174e1
  38 156      8.3750e0      2.2758e1    -1.3556e1     -1.3314e1
  38 157      8.5000e0      2.2883e1    -1.3572e1     -1.3455e1
  38 158      8.6250e0      2.3008e1    -1.3587e1     -1.3596e1
  38 159      8.7500e0      2.3133e1    -1.3603e1     -1.3736e1
  38 160      8.8750e0      2.3258e1    -1.3618e1     -1.3876e1
  38 161      9.0000e0      2.3383e1    -1.3632e1     -1.4015e1
  38 162      9.1250e0      2.3508e1    -1.3646e1     -1.4155e1
  38 163      9.2500e0      2.3633e1    -1.3661e1     -1.4294e1
  38 164      9.3750e0      2.3758e1    -1.3675e1     -1.4433e1
  38 165      9.5000e0      2.3883e1    -1.3689e1     -1.4572e1
  38 166      9.6250e0      2.4008e1    -1.3703e1     -1.4711e1
  38 167      9.7500e0      2.4133e1    -1.3717e1     -1.4851e1
  38 168      9.8750e0      2.4258e1    -1.3732e1     -1.4990e1
  38 169      1.0000e1      2.4383e1    -1.3747e1     -1.5131e1
  38 170      1.0125e1      2.4508e1    -1.3763e1     -1.5271e1
  38 171      1.0250e1      2.4633e1    -1.3780e1     -1.5413e1
  38 172      1.0375e1      2.4758e1    -1.3797e1     -1.5555e1
  38 173      1.0500e1      2.4883e1    -1.3815e1     -1.5698e1
  38 174      1.0625e1      2.5008e1    -1.3833e1     -1.5841e1
  38 175      1.0750e1      2.5133e1    -1.3851e1     -1.5984e1
  38 176      1.0875e1      2.5258e1    -1.3868e1     -1.6126e1
  38 177      1.1000e1      2.5383e1    -1.3885e1     -1.6269e1
  38 178      1.1125e1      2.5508e1    -1.3903e1     -1.6411e1
  38 179      1.1250e1      2.5633e1    -1.3921e1     -1.6554e1
  38 180      1.1375e1      2.5758e1    -1.3938e1     -1.6697e1
  38 181      1.1500e1      2.5883e1    -1.3956e1     -1.6839e1
  38 182      1.1625e1      2.6008e1    -1.3973e1     -1.6982e1
  38 183      1.1750e1      2.6133e1    -1.3990e1     -1.7124e1
  38 184      1.1875e1      2.6258e1    -1.4008e1     -1.7266e1
  38 185      1.2000e1      2.6383e1    -1.4027e1     -1.7410e1
  38 186      1.2125e1      2.6508e1    -1.4048e1     -1.7556e1
  38 187      1.2250e1      2.6633e1    -1.4071e1     -1.7704e1
  38 188      1.2375e1      2.6758e1    -1.4098e1     -1.7856e1
  38 189      1.2500e1      2.6883e1    -1.4128e1     -1.8011e1
  38 190      1.2625e1      2.7008e1    -1.4160e1     -1.8169e1
  38 191      1.2750e1      2.7133e1    -1.4196e1     -1.8330e1
  38 192      1.2875e1      2.7258e1    -1.4234e1     -1.8493e1
  38 193      1.3000e1      2.7383e1    -1.4275e1     -1.8659e1
  38 194      1.3125e1      2.7508e1    -1.4319e1     -1.8827e1
  38 195      1.3250e1      2.7633e1    -1.4365e1     -1.8998e1
  38 196      1.3375e1      2.7758e1    -1.4413e1     -1.9172e1
  38 197      1.3500e1      2.7883e1    -1.4466e1     -1.9349e1
  38 198      1.3625e1      2.8008e1    -1.4522e1     -1.9531e1
  38 199      1.3750e1      2.8133e1    -1.4586e1     -1.9720e1
  38 200      1.3875e1      2.8258e1    -1.4660e1     -1.9918e1
  38 201      1.4000e1      2.8383e1    -1.4746e1     -2.0129e1
  38 202      1.4125e1      2.8508e1    -1.4845e1     -2.0354e1
  38 203      1.4250e1      2.8633e1    -1.4957e1     -2.0590e1
  38 204      1.4375e1      2.8758e1    -1.5080e1     -2.0838e1
  38 205      1.4500e1      2.8883e1    -1.5212e1     -2.1095e1
  38 206      1.4625e1      2.9008e1    -1.5350e1     -2.1359e1
  38 207      1.4750e1      2.9133e1    -1.5505e1     -2.1638e1
  38 208      1.4875e1      2.9258e1    -1.5688e1     -2.1947e1
  38 209      1.5000e1      2.9383e1    -1.5920e1     -2.2303e1
            log10(eV)     log10(Hz)    log10(nuFnu)  log10(Jy)

i_tm =  39;  t_obs =      7.160e4
  39   1     -1.1000e1      3.3834e0    -2.5612e1     -5.9951e0
  39   2     -1.0875e1      3.5084e0    -2.5445e1     -5.9535e0
  39   3     -1.0750e1      3.6334e0    -2.5278e1     -5.9118e0
  39   4     -1.0625e1      3.7584e0    -2.5112e1     -5.8701e0
  39   5     -1.0500e1      3.8834e0    -2.4945e1     -5.8285e0
  39   6     -1.0375e1      4.0084e0    -2.4778e1     -5.7868e0
  39   7     -1.0250e1      4.1334e0    -2.4612e1     -5.7451e0
  39   8     -1.0125e1      4.2584e0    -2.4445e1     -5.7035e0
  39   9     -1.0000e1      4.3834e0    -2.4278e1     -5.6618e0
  39  10     -9.8750e0      4.5084e0    -2.4112e1     -5.6201e0
  39  11     -9.7500e0      4.6334e0    -2.3945e1     -5.5785e0
  39  12     -9.6250e0      4.7584e0    -2.3778e1     -5.5368e0
  39  13     -9.5000e0      4.8834e0    -2.3612e1     -5.4952e0
  39  14     -9.3750e0      5.0084e0    -2.3445e1     -5.4535e0
  39  15     -9.2500e0      5.1334e0    -2.3278e1     -5.4119e0
  39  16     -9.1250e0      5.2584e0    -2.3112e1     -5.3702e0
  39  17     -9.0000e0      5.3834e0    -2.2945e1     -5.3286e0
  39  18     -8.8750e0      5.5084e0    -2.2779e1     -5.2869e0
  39  19     -8.7500e0      5.6334e0    -2.2612e1     -5.2453e0
  39  20     -8.6250e0      5.7584e0    -2.2445e1     -5.2037e0
  39  21     -8.5000e0      5.8834e0    -2.2279e1     -5.1621e0
  39  22     -8.3750e0      6.0084e0    -2.2112e1     -5.1205e0
  39  23     -8.2500e0      6.1334e0    -2.1946e1     -5.0789e0
  39  24     -8.1250e0      6.2584e0    -2.1779e1     -5.0374e0
  39  25     -8.0000e0      6.3834e0    -2.1612e1     -4.9959e0
  39  26     -7.8750e0      6.5084e0    -2.1446e1     -4.9544e0
  39  27     -7.7500e0      6.6334e0    -2.1280e1     -4.9129e0
  39  28     -7.6250e0      6.7584e0    -2.1113e1     -4.8715e0
  39  29     -7.5000e0      6.8834e0    -2.0947e1     -4.8300e0
  39  30     -7.3750e0      7.0084e0    -2.0780e1     -4.7886e0
  39  31     -7.2500e0      7.1334e0    -2.0614e1     -4.7472e0
  39  32     -7.1250e0      7.2584e0    -2.0447e1     -4.7058e0
  39  33     -7.0000e0      7.3834e0    -2.0281e1     -4.6643e0
  39  34     -6.8750e0      7.5084e0    -2.0114e1     -4.6229e0
  39  35     -6.7500e0      7.6334e0    -1.9948e1     -4.5814e0
  39  36     -6.6250e0      7.7584e0    -1.9782e1     -4.5400e0
  39  37     -6.5000e0      7.8834e0    -1.9615e1     -4.4985e0
  39  38     -6.3750e0      8.0084e0    -1.9449e1     -4.4570e0
  39  39     -6.2500e0      8.1334e0    -1.9282e1     -4.4155e0
  39  40     -6.1250e0      8.2584e0    -1.9116e1     -4.3740e0
  39  41     -6.0000e0      8.3834e0    -1.8949e1     -4.3326e0
  39  42     -5.8750e0      8.5084e0    -1.8783e1     -4.2911e0
  39  43     -5.7500e0      8.6334e0    -1.8616e1     -4.2497e0
  39  44     -5.6250e0      8.7584e0    -1.8450e1     -4.2084e0
  39  45     -5.5000e0      8.8834e0    -1.8284e1     -4.1671e0
  39  46     -5.3750e0      9.0084e0    -1.8117e1     -4.1259e0
  39  47     -5.2500e0      9.1334e0    -1.7951e1     -4.0847e0
  39  48     -5.1250e0      9.2584e0    -1.7785e1     -4.0437e0
  39  49     -5.0000e0      9.3834e0    -1.7619e1     -4.0028e0
  39  50     -4.8750e0      9.5084e0    -1.7454e1     -3.9620e0
  39  51     -4.7500e0      9.6334e0    -1.7288e1     -3.9214e0
  39  52     -4.6250e0      9.7584e0    -1.7123e1     -3.8810e0
  39  53     -4.5000e0      9.8834e0    -1.6958e1     -3.8409e0
  39  54     -4.3750e0      1.0008e1    -1.6793e1     -3.8011e0
  39  55     -4.2500e0      1.0133e1    -1.6628e1     -3.7616e0
  39  56     -4.1250e0      1.0258e1    -1.6464e1     -3.7226e0
  39  57     -4.0000e0      1.0383e1    -1.6301e1     -3.6841e0
  39  58     -3.8750e0      1.0508e1    -1.6138e1     -3.6461e0
  39  59     -3.7500e0      1.0633e1    -1.5975e1     -3.6089e0
  39  60     -3.6250e0      1.0758e1    -1.5814e1     -3.5725e0
  39  61     -3.5000e0      1.0883e1    -1.5654e1     -3.5371e0
  39  62     -3.3750e0      1.1008e1    -1.5494e1     -3.5028e0
  39  63     -3.2500e0      1.1133e1    -1.5336e1     -3.4699e0
  39  64     -3.1250e0      1.1258e1    -1.5180e1     -3.4385e0
  39  65     -3.0000e0      1.1383e1    -1.5025e1     -3.4089e0
  39  66     -2.8750e0      1.1508e1    -1.4873e1     -3.3814e0
  39  67     -2.7500e0      1.1633e1    -1.4723e1     -3.3563e0
  39  68     -2.6250e0      1.1758e1    -1.4576e1     -3.3340e0
  39  69     -2.5000e0      1.1883e1    -1.4432e1     -3.3149e0
  39  70     -2.3750e0      1.2008e1    -1.4291e1     -3.2994e0
  39  71     -2.2500e0      1.2133e1    -1.4154e1     -3.2879e0
  39  72     -2.1250e0      1.2258e1    -1.4023e1     -3.2809e0
  39  73     -2.0000e0      1.2383e1    -1.3896e1     -3.2790e0
  39  74     -1.8750e0      1.2508e1    -1.3774e1     -3.2827e0
  39  75     -1.7500e0      1.2633e1    -1.3659e1     -3.2925e0
  39  76     -1.6250e0      1.2758e1    -1.3551e1     -3.3090e0
  39  77     -1.5000e0      1.2883e1    -1.3449e1     -3.3328e0
  39  78     -1.3750e0      1.3008e1    -1.3356e1     -3.3644e0
  39  79     -1.2500e0      1.3133e1    -1.3271e1     -3.4043e0
  39  80     -1.1250e0      1.3258e1    -1.3195e1     -3.4530e0
  39  81     -1.0000e0      1.3383e1    -1.3127e1     -3.5109e0
  39  82    -8.7501e-1      1.3508e1    -1.3070e1     -3.5784e0
  39  83    -7.5001e-1      1.3633e1    -1.3022e1     -3.6556e0
  39  84    -6.2501e-1      1.3758e1    -1.2984e1     -3.7429e0
  39  85    -5.0001e-1      1.3883e1    -1.2957e1     -3.8402e0
  39  86    -3.7501e-1      1.4008e1    -1.2939e1     -3.9474e0
  39  87    -2.5001e-1      1.4133e1    -1.2931e1     -4.0646e0
  39  88    -1.2501e-1      1.4258e1    -1.2933e1     -4.1911e0
  39  89    -1.3724e-5      1.4383e1    -1.2943e1     -4.3266e0
  39  90     1.2499e-1      1.4508e1    -1.2961e1     -4.4698e0
  39  91     2.4999e-1      1.4633e1    -1.2986e1     -4.6193e0
  39  92     3.7499e-1      1.4758e1    -1.3014e1     -4.7728e0
  39  93     4.9999e-1      1.4883e1    -1.3044e1     -4.9274e0
  39  94     6.2499e-1      1.5008e1    -1.3071e1     -5.0798e0
  39  95     7.4999e-1      1.5133e1    -1.3093e1     -5.2268e0
  39  96     8.7499e-1      1.5258e1    -1.3108e1     -5.3661e0
  39  97     9.9999e-1      1.5383e1    -1.3114e1     -5.4971e0
  39  98      1.1250e0      1.5508e1    -1.3112e1     -5.6205e0
  39  99      1.2500e0      1.5633e1    -1.3105e1     -5.7383e0
  39 100      1.3750e0      1.5758e1    -1.3094e1     -5.8527e0
  39 101      1.5000e0      1.5883e1    -1.3082e1     -5.9657e0
  39 102      1.6250e0      1.6008e1    -1.3071e1     -6.0789e0
  39 103      1.7500e0      1.6133e1    -1.3060e1     -6.1934e0
  39 104      1.8750e0      1.6258e1    -1.3051e1     -6.3097e0
  39 105      2.0000e0      1.6383e1    -1.3045e1     -6.4280e0
  39 106      2.1250e0      1.6508e1    -1.3040e1     -6.5485e0
  39 107      2.2500e0      1.6633e1    -1.3038e1     -6.6710e0
  39 108      2.3750e0      1.6758e1    -1.3037e1     -6.7957e0
  39 109      2.5000e0      1.6883e1    -1.3039e1     -6.9226e0
  39 110      2.6250e0      1.7008e1    -1.3043e1     -7.0518e0
  39 111      2.7500e0      1.7133e1    -1.3050e1     -7.1836e0
  39 112      2.8750e0      1.7258e1    -1.3060e1     -7.3182e0
  39 113      3.0000e0      1.7383e1    -1.3072e1     -7.4553e0
  39 114      3.1250e0      1.7508e1    -1.3086e1     -7.5945e0
  39 115      3.2500e0      1.7633e1    -1.3102e1     -7.7350e0
  39 116      3.3750e0      1.7758e1    -1.3117e1     -7.8756e0
  39 117      3.5000e0      1.7883e1    -1.3132e1     -8.0155e0
  39 118      3.6250e0      1.8008e1    -1.3146e1     -8.1544e0
  39 119      3.7500e0      1.8133e1    -1.3159e1     -8.2923e0
  39 120      3.8750e0      1.8258e1    -1.3171e1     -8.4298e0
  39 121      4.0000e0      1.8383e1    -1.3184e1     -8.5673e0
  39 122      4.1250e0      1.8508e1    -1.3197e1     -8.7050e0
  39 123      4.2500e0      1.8633e1    -1.3210e1     -8.8430e0
  39 124      4.3750e0      1.8758e1    -1.3223e1     -8.9814e0
  39 125      4.5000e0      1.8883e1    -1.3237e1     -9.1200e0
  39 126      4.6250e0      1.9008e1    -1.3250e1     -9.2587e0
  39 127      4.7500e0      1.9133e1    -1.3264e1     -9.3974e0
  39 128      4.8750e0      1.9258e1    -1.3278e1     -9.5360e0
  39 129      5.0000e0      1.9383e1    -1.3291e1     -9.6743e0
  39 130      5.1250e0      1.9508e1    -1.3304e1     -9.8122e0
  39 131      5.2500e0      1.9633e1    -1.3317e1     -9.9500e0
  39 132      5.3750e0      1.9758e1    -1.3329e1     -1.0088e1
  39 133      5.5000e0      1.9883e1    -1.3342e1     -1.0225e1
  39 134      5.6250e0      2.0008e1    -1.3355e1     -1.0363e1
  39 135      5.7500e0      2.0133e1    -1.3368e1     -1.0501e1
  39 136      5.8750e0      2.0258e1    -1.3381e1     -1.0639e1
  39 137      6.0000e0      2.0383e1    -1.3395e1     -1.0778e1
  39 138      6.1250e0      2.0508e1    -1.3409e1     -1.0917e1
  39 139      6.2500e0      2.0633e1    -1.3424e1     -1.1057e1
  39 140      6.3750e0      2.0758e1    -1.3439e1     -1.1197e1
  39 141      6.5000e0      2.0883e1    -1.3455e1     -1.1338e1
  39 142      6.6250e0      2.1008e1    -1.3470e1     -1.1478e1
  39 143      6.7500e0      2.1133e1    -1.3485e1     -1.1619e1
  39 144      6.8750e0      2.1258e1    -1.3500e1     -1.1758e1
  39 145      7.0000e0      2.1383e1    -1.3514e1     -1.1898e1
  39 146      7.1250e0      2.1508e1    -1.3528e1     -1.2037e1
  39 147      7.2500e0      2.1633e1    -1.3543e1     -1.2176e1
  39 148      7.3750e0      2.1758e1    -1.3556e1     -1.2315e1
  39 149      7.5000e0      2.1883e1    -1.3570e1     -1.2453e1
  39 150      7.6250e0      2.2008e1    -1.3583e1     -1.2592e1
  39 151      7.7500e0      2.2133e1    -1.3597e1     -1.2730e1
  39 152      7.8750e0      2.2258e1    -1.3611e1     -1.2869e1
  39 153      8.0000e0      2.2383e1    -1.3625e1     -1.3008e1
  39 154      8.1250e0      2.2508e1    -1.3639e1     -1.3148e1
  39 155      8.2500e0      2.2633e1    -1.3654e1     -1.3288e1
  39 156      8.3750e0      2.2758e1    -1.3670e1     -1.3429e1
  39 157      8.5000e0      2.2883e1    -1.3686e1     -1.3569e1
  39 158      8.6250e0      2.3008e1    -1.3702e1     -1.3710e1
  39 159      8.7500e0      2.3133e1    -1.3716e1     -1.3850e1
  39 160      8.8750e0      2.3258e1    -1.3731e1     -1.3989e1
  39 161      9.0000e0      2.3383e1    -1.3745e1     -1.4129e1
  39 162      9.1250e0      2.3508e1    -1.3759e1     -1.4268e1
  39 163      9.2500e0      2.3633e1    -1.3773e1     -1.4407e1
  39 164      9.3750e0      2.3758e1    -1.3787e1     -1.4546e1
  39 165      9.5000e0      2.3883e1    -1.3801e1     -1.4685e1
  39 166      9.6250e0      2.4008e1    -1.3815e1     -1.4824e1
  39 167      9.7500e0      2.4133e1    -1.3829e1     -1.4963e1
  39 168      9.8750e0      2.4258e1    -1.3844e1     -1.5102e1
  39 169      1.0000e1      2.4383e1    -1.3859e1     -1.5243e1
  39 170      1.0125e1      2.4508e1    -1.3875e1     -1.5383e1
  39 171      1.0250e1      2.4633e1    -1.3891e1     -1.5525e1
  39 172      1.0375e1      2.4758e1    -1.3908e1     -1.5667e1
  39 173      1.0500e1      2.4883e1    -1.3926e1     -1.5809e1
  39 174      1.0625e1      2.5008e1    -1.3943e1     -1.5951e1
  39 175      1.0750e1      2.5133e1    -1.3960e1     -1.6093e1
  39 176      1.0875e1      2.5258e1    -1.3976e1     -1.6235e1
  39 177      1.1000e1      2.5383e1    -1.3993e1     -1.6377e1
  39 178      1.1125e1      2.5508e1    -1.4011e1     -1.6519e1
  39 179      1.1250e1      2.5633e1    -1.4028e1     -1.6662e1
  39 180      1.1375e1      2.5758e1    -1.4046e1     -1.6805e1
  39 181      1.1500e1      2.5883e1    -1.4065e1     -1.6948e1
  39 182      1.1625e1      2.6008e1    -1.4083e1     -1.7091e1
  39 183      1.1750e1      2.6133e1    -1.4101e1     -1.7234e1
  39 184      1.1875e1      2.6258e1    -1.4120e1     -1.7378e1
  39 185      1.2000e1      2.6383e1    -1.4140e1     -1.7523e1
  39 186      1.2125e1      2.6508e1    -1.4162e1     -1.7671e1
  39 187      1.2250e1      2.6633e1    -1.4188e1     -1.7821e1
  39 188      1.2375e1      2.6758e1    -1.4217e1     -1.7976e1
  39 189      1.2500e1      2.6883e1    -1.4250e1     -1.8133e1
  39 190      1.2625e1      2.7008e1    -1.4285e1     -1.8293e1
  39 191      1.2750e1      2.7133e1    -1.4323e1     -1.8456e1
  39 192      1.2875e1      2.7258e1    -1.4362e1     -1.8620e1
  39 193      1.3000e1      2.7383e1    -1.4404e1     -1.8787e1
  39 194      1.3125e1      2.7508e1    -1.4448e1     -1.8956e1
  39 195      1.3250e1      2.7633e1    -1.4494e1     -1.9128e1
  39 196      1.3375e1      2.7758e1    -1.4543e1     -1.9301e1
  39 197      1.3500e1      2.7883e1    -1.4595e1     -1.9478e1
  39 198      1.3625e1      2.8008e1    -1.4652e1     -1.9660e1
  39 199      1.3750e1      2.8133e1    -1.4716e1     -1.9850e1
  39 200      1.3875e1      2.8258e1    -1.4791e1     -2.0050e1
  39 201      1.4000e1      2.8383e1    -1.4879e1     -2.0262e1
  39 202      1.4125e1      2.8508e1    -1.4979e1     -2.0488e1
  39 203      1.4250e1      2.8633e1    -1.5092e1     -2.0725e1
  39 204      1.4375e1      2.8758e1    -1.5215e1     -2.0973e1
  39 205      1.4500e1      2.8883e1    -1.5345e1     -2.1228e1
  39 206      1.4625e1      2.9008e1    -1.5487e1     -2.1495e1
  39 207      1.4750e1      2.9133e1    -1.5651e1     -2.1784e1
  39 208      1.4875e1      2.9258e1    -1.5852e1     -2.2110e1
  39 209      1.5000e1      2.9383e1    -1.6107e1     -2.2490e1
            log10(eV)     log10(Hz)    log10(nuFnu)  log10(Jy)

i_tm =  40;  t_obs =      9.044e4
  40   1     -1.1000e1      3.3834e0    -2.5563e1     -5.9460e0
  40   2     -1.0875e1      3.5084e0    -2.5396e1     -5.9043e0
  40   3     -1.0750e1      3.6334e0    -2.5229e1     -5.8627e0
  40   4     -1.0625e1      3.7584e0    -2.5063e1     -5.8210e0
  40   5     -1.0500e1      3.8834e0    -2.4896e1     -5.7793e0
  40   6     -1.0375e1      4.0084e0    -2.4729e1     -5.7377e0
  40   7     -1.0250e1      4.1334e0    -2.4563e1     -5.6960e0
  40   8     -1.0125e1      4.2584e0    -2.4396e1     -5.6543e0
  40   9     -1.0000e1      4.3834e0    -2.4229e1     -5.6127e0
  40  10     -9.8750e0      4.5084e0    -2.4063e1     -5.5710e0
  40  11     -9.7500e0      4.6334e0    -2.3896e1     -5.5293e0
  40  12     -9.6250e0      4.7584e0    -2.3729e1     -5.4877e0
  40  13     -9.5000e0      4.8834e0    -2.3563e1     -5.4460e0
  40  14     -9.3750e0      5.0084e0    -2.3396e1     -5.4044e0
  40  15     -9.2500e0      5.1334e0    -2.3229e1     -5.3627e0
  40  16     -9.1250e0      5.2584e0    -2.3063e1     -5.3211e0
  40  17     -9.0000e0      5.3834e0    -2.2896e1     -5.2794e0
  40  18     -8.8750e0      5.5084e0    -2.2729e1     -5.2378e0
  40  19     -8.7500e0      5.6334e0    -2.2563e1     -5.1962e0
  40  20     -8.6250e0      5.7584e0    -2.2396e1     -5.1546e0
  40  21     -8.5000e0      5.8834e0    -2.2230e1     -5.1130e0
  40  22     -8.3750e0      6.0084e0    -2.2063e1     -5.0715e0
  40  23     -8.2500e0      6.1334e0    -2.1897e1     -5.0299e0
  40  24     -8.1250e0      6.2584e0    -2.1730e1     -4.9884e0
  40  25     -8.0000e0      6.3834e0    -2.1564e1     -4.9469e0
  40  26     -7.8750e0      6.5084e0    -2.1397e1     -4.9055e0
  40  27     -7.7500e0      6.6334e0    -2.1231e1     -4.8640e0
  40  28     -7.6250e0      6.7584e0    -2.1064e1     -4.8226e0
  40  29     -7.5000e0      6.8834e0    -2.0898e1     -4.7812e0
  40  30     -7.3750e0      7.0084e0    -2.0731e1     -4.7398e0
  40  31     -7.2500e0      7.1334e0    -2.0565e1     -4.6983e0
  40  32     -7.1250e0      7.2584e0    -2.0398e1     -4.6569e0
  40  33     -7.0000e0      7.3834e0    -2.0232e1     -4.6155e0
  40  34     -6.8750e0      7.5084e0    -2.0066e1     -4.5740e0
  40  35     -6.7500e0      7.6334e0    -1.9899e1     -4.5325e0
  40  36     -6.6250e0      7.7584e0    -1.9733e1     -4.4910e0
  40  37     -6.5000e0      7.8834e0    -1.9566e1     -4.4496e0
  40  38     -6.3750e0      8.0084e0    -1.9400e1     -4.4081e0
  40  39     -6.2500e0      8.1334e0    -1.9233e1     -4.3666e0
  40  40     -6.1250e0      8.2584e0    -1.9067e1     -4.3251e0
  40  41     -6.0000e0      8.3834e0    -1.8900e1     -4.2837e0
  40  42     -5.8750e0      8.5084e0    -1.8734e1     -4.2423e0
  40  43     -5.7500e0      8.6334e0    -1.8568e1     -4.2010e0
  40  44     -5.6250e0      8.7584e0    -1.8401e1     -4.1597e0
  40  45     -5.5000e0      8.8834e0    -1.8235e1     -4.1185e0
  40  46     -5.3750e0      9.0084e0    -1.8069e1     -4.0774e0
  40  47     -5.2500e0      9.1334e0    -1.7903e1     -4.0363e0
  40  48     -5.1250e0      9.2584e0    -1.7737e1     -3.9955e0
  40  49     -5.0000e0      9.3834e0    -1.7571e1     -3.9547e0
  40  50     -4.8750e0      9.5084e0    -1.7406e1     -3.9142e0
  40  51     -4.7500e0      9.6334e0    -1.7240e1     -3.8738e0
  40  52     -4.6250e0      9.7584e0    -1.7075e1     -3.8338e0
  40  53     -4.5000e0      9.8834e0    -1.6911e1     -3.7940e0
  40  54     -4.3750e0      1.0008e1    -1.6746e1     -3.7547e0
  40  55     -4.2500e0      1.0133e1    -1.6582e1     -3.7157e0
  40  56     -4.1250e0      1.0258e1    -1.6419e1     -3.6773e0
  40  57     -4.0000e0      1.0383e1    -1.6256e1     -3.6395e0
  40  58     -3.8750e0      1.0508e1    -1.6094e1     -3.6024e0
  40  59     -3.7500e0      1.0633e1    -1.5933e1     -3.5662e0
  40  60     -3.6250e0      1.0758e1    -1.5773e1     -3.5310e0
  40  61     -3.5000e0      1.0883e1    -1.5614e1     -3.4970e0
  40  62     -3.3750e0      1.1008e1    -1.5456e1     -3.4643e0
  40  63     -3.2500e0      1.1133e1    -1.5300e1     -3.4333e0
  40  64     -3.1250e0      1.1258e1    -1.5146e1     -3.4041e0
  40  65     -3.0000e0      1.1383e1    -1.4994e1     -3.3771e0
  40  66     -2.8750e0      1.1508e1    -1.4844e1     -3.3525e0
  40  67     -2.7500e0      1.1633e1    -1.4697e1     -3.3308e0
  40  68     -2.6250e0      1.1758e1    -1.4554e1     -3.3123e0
  40  69     -2.5000e0      1.1883e1    -1.4414e1     -3.2975e0
  40  70     -2.3750e0      1.2008e1    -1.4278e1     -3.2869e0
  40  71     -2.2500e0      1.2133e1    -1.4147e1     -3.2808e0
  40  72     -2.1250e0      1.2258e1    -1.4021e1     -3.2799e0
  40  73     -2.0000e0      1.2383e1    -1.3901e1     -3.2846e0
  40  74     -1.8750e0      1.2508e1    -1.3787e1     -3.2956e0
  40  75     -1.7500e0      1.2633e1    -1.3680e1     -3.3133e0
  40  76     -1.6250e0      1.2758e1    -1.3580e1     -3.3384e0
  40  77     -1.5000e0      1.2883e1    -1.3488e1     -3.3713e0
  40  78     -1.3750e0      1.3008e1    -1.3404e1     -3.4126e0
  40  79     -1.2500e0      1.3133e1    -1.3329e1     -3.4627e0
  40  80     -1.1250e0      1.3258e1    -1.3264e1     -3.5221e0
  40  81     -1.0000e0      1.3383e1    -1.3208e1     -3.5910e0
  40  82    -8.7501e-1      1.3508e1    -1.3161e1     -3.6696e0
  40  83    -7.5001e-1      1.3633e1    -1.3125e1     -3.7582e0
  40  84    -6.2501e-1      1.3758e1    -1.3098e1     -3.8568e0
  40  85    -5.0001e-1      1.3883e1    -1.3082e1     -3.9653e0
  40  86    -3.7501e-1      1.4008e1    -1.3075e1     -4.0834e0
  40  87    -2.5001e-1      1.4133e1    -1.3078e1     -4.2109e0
  40  88    -1.2501e-1      1.4258e1    -1.3089e1     -4.3471e0
  40  89    -1.3724e-5      1.4383e1    -1.3107e1     -4.4908e0
  40  90     1.2499e-1      1.4508e1    -1.3132e1     -4.6404e0
  40  91     2.4999e-1      1.4633e1    -1.3160e1     -4.7936e0
  40  92     3.7499e-1      1.4758e1    -1.3189e1     -4.9473e0
  40  93     4.9999e-1      1.4883e1    -1.3215e1     -5.0981e0
  40  94     6.2499e-1      1.5008e1    -1.3234e1     -5.2429e0
  40  95     7.4999e-1      1.5133e1    -1.3246e1     -5.3795e0
  40  96     8.7499e-1      1.5258e1    -1.3249e1     -5.5076e0
  40  97     9.9999e-1      1.5383e1    -1.3245e1     -5.6281e0
  40  98      1.1250e0      1.5508e1    -1.3235e1     -5.7433e0
  40  99      1.2500e0      1.5633e1    -1.3222e1     -5.8555e0
  40 100      1.3750e0      1.5758e1    -1.3208e1     -5.9666e0
  40 101      1.5000e0      1.5883e1    -1.3195e1     -6.0781e0
  40 102      1.6250e0      1.6008e1    -1.3182e1     -6.1908e0
  40 103      1.7500e0      1.6133e1    -1.3172e1     -6.3054e0
  40 104      1.8750e0      1.6258e1    -1.3164e1     -6.4220e0
  40 105      2.0000e0      1.6383e1    -1.3157e1     -6.5408e0
  40 106      2.1250e0      1.6508e1    -1.3153e1     -6.6616e0
  40 107      2.2500e0      1.6633e1    -1.3151e1     -6.7846e0
  40 108      2.3750e0      1.6758e1    -1.3151e1     -6.9096e0
  40 109      2.5000e0      1.6883e1    -1.3153e1     -7.0369e0
  40 110      2.6250e0      1.7008e1    -1.3158e1     -7.1666e0
  40 111      2.7500e0      1.7133e1    -1.3165e1     -7.2989e0
  40 112      2.8750e0      1.7258e1    -1.3176e1     -7.4339e0
  40 113      3.0000e0      1.7383e1    -1.3188e1     -7.5715e0
  40 114      3.1250e0      1.7508e1    -1.3202e1     -7.7109e0
  40 115      3.2500e0      1.7633e1    -1.3218e1     -7.8513e0
  40 116      3.3750e0      1.7758e1    -1.3233e1     -7.9918e0
  40 117      3.5000e0      1.7883e1    -1.3248e1     -8.1316e0
  40 118      3.6250e0      1.8008e1    -1.3262e1     -8.2705e0
  40 119      3.7500e0      1.8133e1    -1.3275e1     -8.4087e0
  40 120      3.8750e0      1.8258e1    -1.3288e1     -8.5467e0
  40 121      4.0000e0      1.8383e1    -1.3301e1     -8.6846e0
  40 122      4.1250e0      1.8508e1    -1.3314e1     -8.8227e0
  40 123      4.2500e0      1.8633e1    -1.3328e1     -8.9611e0
  40 124      4.3750e0      1.8758e1    -1.3341e1     -9.0996e0
  40 125      4.5000e0      1.8883e1    -1.3355e1     -9.2382e0
  40 126      4.6250e0      1.9008e1    -1.3368e1     -9.3768e0
  40 127      4.7500e0      1.9133e1    -1.3382e1     -9.5153e0
  40 128      4.8750e0      1.9258e1    -1.3395e1     -9.6537e0
  40 129      5.0000e0      1.9383e1    -1.3408e1     -9.7917e0
  40 130      5.1250e0      1.9508e1    -1.3421e1     -9.9294e0
  40 131      5.2500e0      1.9633e1    -1.3433e1     -1.0067e1
  40 132      5.3750e0      1.9758e1    -1.3446e1     -1.0204e1
  40 133      5.5000e0      1.9883e1    -1.3459e1     -1.0342e1
  40 134      5.6250e0      2.0008e1    -1.3472e1     -1.0480e1
  40 135      5.7500e0      2.0133e1    -1.3485e1     -1.0618e1
  40 136      5.8750e0      2.0258e1    -1.3498e1     -1.0757e1
  40 137      6.0000e0      2.0383e1    -1.3512e1     -1.0895e1
  40 138      6.1250e0      2.0508e1    -1.3526e1     -1.1035e1
  40 139      6.2500e0      2.0633e1    -1.3541e1     -1.1175e1
  40 140      6.3750e0      2.0758e1    -1.3557e1     -1.1315e1
  40 141      6.5000e0      2.0883e1    -1.3573e1     -1.1456e1
  40 142      6.6250e0      2.1008e1    -1.3588e1     -1.1597e1
  40 143      6.7500e0      2.1133e1    -1.3603e1     -1.1737e1
  40 144      6.8750e0      2.1258e1    -1.3618e1     -1.1876e1
  40 145      7.0000e0      2.1383e1    -1.3632e1     -1.2015e1
  40 146      7.1250e0      2.1508e1    -1.3646e1     -1.2154e1
  40 147      7.2500e0      2.1633e1    -1.3660e1     -1.2293e1
  40 148      7.3750e0      2.1758e1    -1.3673e1     -1.2432e1
  40 149      7.5000e0      2.1883e1    -1.3687e1     -1.2570e1
  40 150      7.6250e0      2.2008e1    -1.3700e1     -1.2709e1
  40 151      7.7500e0      2.2133e1    -1.3714e1     -1.2847e1
  40 152      7.8750e0      2.2258e1    -1.3728e1     -1.2986e1
  40 153      8.0000e0      2.2383e1    -1.3742e1     -1.3125e1
  40 154      8.1250e0      2.2508e1    -1.3757e1     -1.3265e1
  40 155      8.2500e0      2.2633e1    -1.3772e1     -1.3406e1
  40 156      8.3750e0      2.2758e1    -1.3788e1     -1.3547e1
  40 157      8.5000e0      2.2883e1    -1.3804e1     -1.3688e1
  40 158      8.6250e0      2.3008e1    -1.3820e1     -1.3828e1
  40 159      8.7500e0      2.3133e1    -1.3835e1     -1.3968e1
  40 160      8.8750e0      2.3258e1    -1.3849e1     -1.4108e1
  40 161      9.0000e0      2.3383e1    -1.3863e1     -1.4247e1
  40 162      9.1250e0      2.3508e1    -1.3877e1     -1.4386e1
  40 163      9.2500e0      2.3633e1    -1.3891e1     -1.4525e1
  40 164      9.3750e0      2.3758e1    -1.3905e1     -1.4663e1
  40 165      9.5000e0      2.3883e1    -1.3919e1     -1.4802e1
  40 166      9.6250e0      2.4008e1    -1.3933e1     -1.4941e1
  40 167      9.7500e0      2.4133e1    -1.3947e1     -1.5080e1
  40 168      9.8750e0      2.4258e1    -1.3962e1     -1.5220e1
  40 169      1.0000e1      2.4383e1    -1.3977e1     -1.5360e1
  40 170      1.0125e1      2.4508e1    -1.3993e1     -1.5501e1
  40 171      1.0250e1      2.4633e1    -1.4010e1     -1.5643e1
  40 172      1.0375e1      2.4758e1    -1.4027e1     -1.5785e1
  40 173      1.0500e1      2.4883e1    -1.4044e1     -1.5928e1
  40 174      1.0625e1      2.5008e1    -1.4061e1     -1.6070e1
  40 175      1.0750e1      2.5133e1    -1.4078e1     -1.6211e1
  40 176      1.0875e1      2.5258e1    -1.4095e1     -1.6353e1
  40 177      1.1000e1      2.5383e1    -1.4111e1     -1.6495e1
  40 178      1.1125e1      2.5508e1    -1.4129e1     -1.6637e1
  40 179      1.1250e1      2.5633e1    -1.4146e1     -1.6780e1
  40 180      1.1375e1      2.5758e1    -1.4164e1     -1.6922e1
  40 181      1.1500e1      2.5883e1    -1.4182e1     -1.7065e1
  40 182      1.1625e1      2.6008e1    -1.4200e1     -1.7209e1
  40 183      1.1750e1      2.6133e1    -1.4219e1     -1.7352e1
  40 184      1.1875e1      2.6258e1    -1.4239e1     -1.7497e1
  40 185      1.2000e1      2.6383e1    -1.4260e1     -1.7643e1
  40 186      1.2125e1      2.6508e1    -1.4283e1     -1.7792e1
  40 187      1.2250e1      2.6633e1    -1.4311e1     -1.7944e1
  40 188      1.2375e1      2.6758e1    -1.4341e1     -1.8099e1
  40 189      1.2500e1      2.6883e1    -1.4375e1     -1.8258e1
  40 190      1.2625e1      2.7008e1    -1.4411e1     -1.8419e1
  40 191      1.2750e1      2.7133e1    -1.4449e1     -1.8583e1
  40 192      1.2875e1      2.7258e1    -1.4490e1     -1.8749e1
  40 193      1.3000e1      2.7383e1    -1.4533e1     -1.8917e1
  40 194      1.3125e1      2.7508e1    -1.4578e1     -1.9087e1
  40 195      1.3250e1      2.7633e1    -1.4625e1     -1.9259e1
  40 196      1.3375e1      2.7758e1    -1.4675e1     -1.9433e1
  40 197      1.3500e1      2.7883e1    -1.4729e1     -1.9612e1
  40 198      1.3625e1      2.8008e1    -1.4788e1     -1.9797e1
  40 199      1.3750e1      2.8133e1    -1.4857e1     -1.9991e1
  40 200      1.3875e1      2.8258e1    -1.4939e1     -2.0197e1
  40 201      1.4000e1      2.8383e1    -1.5035e1     -2.0418e1
  40 202      1.4125e1      2.8508e1    -1.5146e1     -2.0654e1
  40 203      1.4250e1      2.8633e1    -1.5270e1     -2.0903e1
  40 204      1.4375e1      2.8758e1    -1.5405e1     -2.1164e1
  40 205      1.4500e1      2.8883e1    -1.5549e1     -2.1432e1
  40 206      1.4625e1      2.9008e1    -1.5707e1     -2.1715e1
  40 207      1.4750e1      2.9133e1    -1.5893e1     -2.2027e1
  40 208      1.4875e1      2.9258e1    -1.6127e1     -2.2385e1
  40 209      1.5000e1      2.9383e1    -1.6428e1     -2.2811e1
            log10(eV)     log10(Hz)    log10(nuFnu)  log10(Jy)

i_tm =  41;  t_obs =      1.142e5
  41   1     -1.1000e1      3.3834e0    -2.5513e1     -5.8968e0
  41   2     -1.0875e1      3.5084e0    -2.5347e1     -5.8552e0
  41   3     -1.0750e1      3.6334e0    -2.5180e1     -5.8135e0
  41   4     -1.0625e1      3.7584e0    -2.5013e1     -5.7718e0
  41   5     -1.0500e1      3.8834e0    -2.4847e1     -5.7302e0
  41   6     -1.0375e1      4.0084e0    -2.4680e1     -5.6885e0
  41   7     -1.0250e1      4.1334e0    -2.4513e1     -5.6468e0
  41   8     -1.0125e1      4.2584e0    -2.4347e1     -5.6052e0
  41   9     -1.0000e1      4.3834e0    -2.4180e1     -5.5635e0
  41  10     -9.8750e0      4.5084e0    -2.4013e1     -5.5218e0
  41  11     -9.7500e0      4.6334e0    -2.3847e1     -5.4802e0
  41  12     -9.6250e0      4.7584e0    -2.3680e1     -5.4385e0
  41  13     -9.5000e0      4.8834e0    -2.3513e1     -5.3969e0
  41  14     -9.3750e0      5.0084e0    -2.3347e1     -5.3552e0
  41  15     -9.2500e0      5.1334e0    -2.3180e1     -5.3136e0
  41  16     -9.1250e0      5.2584e0    -2.3014e1     -5.2720e0
  41  17     -9.0000e0      5.3834e0    -2.2847e1     -5.2303e0
  41  18     -8.8750e0      5.5084e0    -2.2680e1     -5.1887e0
  41  19     -8.7500e0      5.6334e0    -2.2514e1     -5.1471e0
  41  20     -8.6250e0      5.7584e0    -2.2347e1     -5.1056e0
  41  21     -8.5000e0      5.8834e0    -2.2181e1     -5.0640e0
  41  22     -8.3750e0      6.0084e0    -2.2014e1     -5.0225e0
  41  23     -8.2500e0      6.1334e0    -2.1848e1     -4.9810e0
  41  24     -8.1250e0      6.2584e0    -2.1681e1     -4.9395e0
  41  25     -8.0000e0      6.3834e0    -2.1515e1     -4.8980e0
  41  26     -7.8750e0      6.5084e0    -2.1348e1     -4.8566e0
  41  27     -7.7500e0      6.6334e0    -2.1182e1     -4.8151e0
  41  28     -7.6250e0      6.7584e0    -2.1015e1     -4.7737e0
  41  29     -7.5000e0      6.8834e0    -2.0849e1     -4.7323e0
  41  30     -7.3750e0      7.0084e0    -2.0682e1     -4.6909e0
  41  31     -7.2500e0      7.1334e0    -2.0516e1     -4.6494e0
  41  32     -7.1250e0      7.2584e0    -2.0350e1     -4.6080e0
  41  33     -7.0000e0      7.3834e0    -2.0183e1     -4.5665e0
  41  34     -6.8750e0      7.5084e0    -2.0017e1     -4.5251e0
  41  35     -6.7500e0      7.6334e0    -1.9850e1     -4.4836e0
  41  36     -6.6250e0      7.7584e0    -1.9684e1     -4.4421e0
  41  37     -6.5000e0      7.8834e0    -1.9517e1     -4.4006e0
  41  38     -6.3750e0      8.0084e0    -1.9351e1     -4.3591e0
  41  39     -6.2500e0      8.1334e0    -1.9184e1     -4.3177e0
  41  40     -6.1250e0      8.2584e0    -1.9018e1     -4.2763e0
  41  41     -6.0000e0      8.3834e0    -1.8851e1     -4.2349e0
  41  42     -5.8750e0      8.5084e0    -1.8685e1     -4.1935e0
  41  43     -5.7500e0      8.6334e0    -1.8519e1     -4.1523e0
  41  44     -5.6250e0      8.7584e0    -1.8353e1     -4.1111e0
  41  45     -5.5000e0      8.8834e0    -1.8187e1     -4.0700e0
  41  46     -5.3750e0      9.0084e0    -1.8021e1     -4.0290e0
  41  47     -5.2500e0      9.1334e0    -1.7855e1     -3.9881e0
  41  48     -5.1250e0      9.2584e0    -1.7689e1     -3.9474e0
  41  49     -5.0000e0      9.3834e0    -1.7524e1     -3.9069e0
  41  50     -4.8750e0      9.5084e0    -1.7358e1     -3.8667e0
  41  51     -4.7500e0      9.6334e0    -1.7193e1     -3.8267e0
  41  52     -4.6250e0      9.7584e0    -1.7029e1     -3.7870e0
  41  53     -4.5000e0      9.8834e0    -1.6864e1     -3.7477e0
  41  54     -4.3750e0      1.0008e1    -1.6700e1     -3.7088e0
  41  55     -4.2500e0      1.0133e1    -1.6537e1     -3.6705e0
  41  56     -4.1250e0      1.0258e1    -1.6374e1     -3.6329e0
  41  57     -4.0000e0      1.0383e1    -1.6213e1     -3.5960e0
  41  58     -3.8750e0      1.0508e1    -1.6052e1     -3.5600e0
  41  59     -3.7500e0      1.0633e1    -1.5892e1     -3.5250e0
  41  60     -3.6250e0      1.0758e1    -1.5733e1     -3.4912e0
  41  61     -3.5000e0      1.0883e1    -1.5575e1     -3.4589e0
  41  62     -3.3750e0      1.1008e1    -1.5420e1     -3.4282e0
  41  63     -3.2500e0      1.1133e1    -1.5266e1     -3.3994e0
  41  64     -3.1250e0      1.1258e1    -1.5114e1     -3.3728e0
  41  65     -3.0000e0      1.1383e1    -1.4965e1     -3.3488e0
  41  66     -2.8750e0      1.1508e1    -1.4819e1     -3.3277e0
  41  67     -2.7500e0      1.1633e1    -1.4677e1     -3.3099e0
  41  68     -2.6250e0      1.1758e1    -1.4537e1     -3.2959e0
  41  69     -2.5000e0      1.1883e1    -1.4403e1     -3.2861e0
  41  70     -2.3750e0      1.2008e1    -1.4273e1     -3.2809e0
  41  71     -2.2500e0      1.2133e1    -1.4148e1     -3.2810e0
  41  72     -2.1250e0      1.2258e1    -1.4028e1     -3.2868e0
  41  73     -2.0000e0      1.2383e1    -1.3916e1     -3.2990e0
  41  74     -1.8750e0      1.2508e1    -1.3810e1     -3.3179e0
  41  75     -1.7500e0      1.2633e1    -1.3711e1     -3.3443e0
  41  76     -1.6250e0      1.2758e1    -1.3620e1     -3.3786e0
  41  77     -1.5000e0      1.2883e1    -1.3538e1     -3.4213e0
  41  78     -1.3750e0      1.3008e1    -1.3464e1     -3.4729e0
  41  79     -1.2500e0      1.3133e1    -1.3400e1     -3.5336e0
  41  80     -1.1250e0      1.3258e1    -1.3346e1     -3.6039e0
  41  81     -1.0000e0      1.3383e1    -1.3301e1     -3.6840e0
  41  82    -8.7501e-1      1.3508e1    -1.3265e1     -3.7738e0
  41  83    -7.5001e-1      1.3633e1    -1.3240e1     -3.8735e0
  41  84    -6.2501e-1      1.3758e1    -1.3225e1     -3.9830e0
  41  85    -5.0001e-1      1.3883e1    -1.3219e1     -4.1020e0
  41  86    -3.7501e-1      1.4008e1    -1.3222e1     -4.2301e0
  41  87    -2.5001e-1      1.4133e1    -1.3233e1     -4.3665e0
  41  88    -1.2501e-1      1.4258e1    -1.3252e1     -4.5100e0
  41  89    -1.3724e-5      1.4383e1    -1.3275e1     -4.6589e0
  41  90     1.2499e-1      1.4508e1    -1.3302e1     -4.8107e0
  41  91     2.4999e-1      1.4633e1    -1.3329e1     -4.9623e0
  41  92     3.7499e-1      1.4758e1    -1.3352e1     -5.1103e0
  41  93     4.9999e-1      1.4883e1    -1.3369e1     -5.2519e0
  41  94     6.2499e-1      1.5008e1    -1.3377e1     -5.3852e0
  41  95     7.4999e-1      1.5133e1    -1.3377e1     -5.5100e0
  41  96     8.7499e-1      1.5258e1    -1.3369e1     -5.6277e0
  41  97     9.9999e-1      1.5383e1    -1.3357e1     -5.7404e0
  41  98      1.1250e0      1.5508e1    -1.3342e1     -5.8504e0
  41  99      1.2500e0      1.5633e1    -1.3326e1     -5.9596e0
  41 100      1.3750e0      1.5758e1    -1.3311e1     -6.0694e0
  41 101      1.5000e0      1.5883e1    -1.3297e1     -6.1807e0
  41 102      1.6250e0      1.6008e1    -1.3285e1     -6.2938e0
  41 103      1.7500e0      1.6133e1    -1.3276e1     -6.4092e0
  41 104      1.8750e0      1.6258e1    -1.3268e1     -6.5268e0
  41 105      2.0000e0      1.6383e1    -1.3263e1     -6.6466e0
  41 106      2.1250e0      1.6508e1    -1.3260e1     -6.7685e0
  41 107      2.2500e0      1.6633e1    -1.3259e1     -6.8925e0
  41 108      2.3750e0      1.6758e1    -1.3260e1     -7.0187e0
  41 109      2.5000e0      1.6883e1    -1.3264e1     -7.1472e0
  41 110      2.6250e0      1.7008e1    -1.3270e1     -7.2783e0
  41 111      2.7500e0      1.7133e1    -1.3279e1     -7.4122e0
  41 112      2.8750e0      1.7258e1    -1.3290e1     -7.5488e0
  41 113      3.0000e0      1.7383e1    -1.3304e1     -7.6878e0
  41 114      3.1250e0      1.7508e1    -1.3320e1     -7.8285e0
  41 115      3.2500e0      1.7633e1    -1.3336e1     -7.9698e0
  41 116      3.3750e0      1.7758e1    -1.3352e1     -8.1107e0
  41 117      3.5000e0      1.7883e1    -1.3367e1     -8.2506e0
  41 118      3.6250e0      1.8008e1    -1.3381e1     -8.3895e0
  41 119      3.7500e0      1.8133e1    -1.3394e1     -8.5277e0
  41 120      3.8750e0      1.8258e1    -1.3407e1     -8.6657e0
  41 121      4.0000e0      1.8383e1    -1.3420e1     -8.8038e0
  41 122      4.1250e0      1.8508e1    -1.3434e1     -8.9422e0
  41 123      4.2500e0      1.8633e1    -1.3448e1     -9.0809e0
  41 124      4.3750e0      1.8758e1    -1.3462e1     -9.2200e0
  41 125      4.5000e0      1.8883e1    -1.3476e1     -9.3592e0
  41 126      4.6250e0      1.9008e1    -1.3490e1     -9.4984e0
  41 127      4.7500e0      1.9133e1    -1.3504e1     -9.6375e0
  41 128      4.8750e0      1.9258e1    -1.3518e1     -9.7763e0
  41 129      5.0000e0      1.9383e1    -1.3531e1     -9.9146e0
  41 130      5.1250e0      1.9508e1    -1.3544e1     -1.0053e1
  41 131      5.2500e0      1.9633e1    -1.3557e1     -1.0190e1
  41 132      5.3750e0      1.9758e1    -1.3570e1     -1.0328e1
  41 133      5.5000e0      1.9883e1    -1.3583e1     -1.0466e1
  41 134      5.6250e0      2.0008e1    -1.3596e1     -1.0604e1
  41 135      5.7500e0      2.0133e1    -1.3609e1     -1.0743e1
  41 136      5.8750e0      2.0258e1    -1.3623e1     -1.0881e1
  41 137      6.0000e0      2.0383e1    -1.3636e1     -1.1020e1
  41 138      6.1250e0      2.0508e1    -1.3651e1     -1.1159e1
  41 139      6.2500e0      2.0633e1    -1.3666e1     -1.1299e1
  41 140      6.3750e0      2.0758e1    -1.3682e1     -1.1440e1
  41 141      6.5000e0      2.0883e1    -1.3697e1     -1.1581e1
  41 142      6.6250e0      2.1008e1    -1.3712e1     -1.1721e1
  41 143      6.7500e0      2.1133e1    -1.3727e1     -1.1861e1
  41 144      6.8750e0      2.1258e1    -1.3742e1     -1.2000e1
  41 145      7.0000e0      2.1383e1    -1.3756e1     -1.2140e1
  41 146      7.1250e0      2.1508e1    -1.3770e1     -1.2279e1
  41 147      7.2500e0      2.1633e1    -1.3784e1     -1.2417e1
  41 148      7.3750e0      2.1758e1    -1.3798e1     -1.2556e1
  41 149      7.5000e0      2.1883e1    -1.3811e1     -1.2695e1
  41 150      7.6250e0      2.2008e1    -1.3825e1     -1.2833e1
  41 151      7.7500e0      2.2133e1    -1.3839e1     -1.2972e1
  41 152      7.8750e0      2.2258e1    -1.3852e1     -1.3111e1
  41 153      8.0000e0      2.2383e1    -1.3867e1     -1.3250e1
  41 154      8.1250e0      2.2508e1    -1.3882e1     -1.3390e1
  41 155      8.2500e0      2.2633e1    -1.3897e1     -1.3531e1
  41 156      8.3750e0      2.2758e1    -1.3913e1     -1.3672e1
  41 157      8.5000e0      2.2883e1    -1.3929e1     -1.3813e1
  41 158      8.6250e0      2.3008e1    -1.3945e1     -1.3953e1
  41 159      8.7500e0      2.3133e1    -1.3959e1     -1.4093e1
  41 160      8.8750e0      2.3258e1    -1.3974e1     -1.4232e1
  41 161      9.0000e0      2.3383e1    -1.3988e1     -1.4372e1
  41 162      9.1250e0      2.3508e1    -1.4002e1     -1.4511e1
  41 163      9.2500e0      2.3633e1    -1.4016e1     -1.4650e1
  41 164      9.3750e0      2.3758e1    -1.4030e1     -1.4789e1
  41 165      9.5000e0      2.3883e1    -1.4045e1     -1.4928e1
  41 166      9.6250e0      2.4008e1    -1.4059e1     -1.5068e1
  41 167      9.7500e0      2.4133e1    -1.4074e1     -1.5207e1
  41 168      9.8750e0      2.4258e1    -1.4089e1     -1.5347e1
  41 169      1.0000e1      2.4383e1    -1.4105e1     -1.5488e1
  41 170      1.0125e1      2.4508e1    -1.4121e1     -1.5630e1
  41 171      1.0250e1      2.4633e1    -1.4138e1     -1.5772e1
  41 172      1.0375e1      2.4758e1    -1.4156e1     -1.5915e1
  41 173      1.0500e1      2.4883e1    -1.4174e1     -1.6058e1
  41 174      1.0625e1      2.5008e1    -1.4192e1     -1.6201e1
  41 175      1.0750e1      2.5133e1    -1.4210e1     -1.6343e1
  41 176      1.0875e1      2.5258e1    -1.4228e1     -1.6487e1
  41 177      1.1000e1      2.5383e1    -1.4247e1     -1.6631e1
  41 178      1.1125e1      2.5508e1    -1.4267e1     -1.6775e1
  41 179      1.1250e1      2.5633e1    -1.4287e1     -1.6921e1
  41 180      1.1375e1      2.5758e1    -1.4309e1     -1.7067e1
  41 181      1.1500e1      2.5883e1    -1.4330e1     -1.7213e1
  41 182      1.1625e1      2.6008e1    -1.4352e1     -1.7360e1
  41 183      1.1750e1      2.6133e1    -1.4374e1     -1.7508e1
  41 184      1.1875e1      2.6258e1    -1.4398e1     -1.7657e1
  41 185      1.2000e1      2.6383e1    -1.4425e1     -1.7808e1
  41 186      1.2125e1      2.6508e1    -1.4455e1     -1.7963e1
  41 187      1.2250e1      2.6633e1    -1.4490e1     -1.8123e1
  41 188      1.2375e1      2.6758e1    -1.4529e1     -1.8287e1
  41 189      1.2500e1      2.6883e1    -1.4573e1     -1.8456e1
  41 190      1.2625e1      2.7008e1    -1.4622e1     -1.8630e1
  41 191      1.2750e1      2.7133e1    -1.4676e1     -1.8809e1
  41 192      1.2875e1      2.7258e1    -1.4735e1     -1.8993e1
  41 193      1.3000e1      2.7383e1    -1.4799e1     -1.9183e1
  41 194      1.3125e1      2.7508e1    -1.4867e1     -1.9375e1
  41 195      1.3250e1      2.7633e1    -1.4936e1     -1.9569e1
  41 196      1.3375e1      2.7758e1    -1.5003e1     -1.9762e1
  41 197      1.3500e1      2.7883e1    -1.5068e1     -1.9951e1
  41 198      1.3625e1      2.8008e1    -1.5130e1     -2.0138e1
  41 199      1.3750e1      2.8133e1    -1.5193e1     -2.0326e1
  41 200      1.3875e1      2.8258e1    -1.5259e1     -2.0518e1
  41 201      1.4000e1      2.8383e1    -1.5334e1     -2.0717e1
  41 202      1.4125e1      2.8508e1    -1.5419e1     -2.0927e1
  41 203      1.4250e1      2.8633e1    -1.5518e1     -2.1151e1
  41 204      1.4375e1      2.8758e1    -1.5633e1     -2.1391e1
  41 205      1.4500e1      2.8883e1    -1.5770e1     -2.1654e1
  41 206      1.4625e1      2.9008e1    -1.5936e1     -2.1945e1
  41 207      1.4750e1      2.9133e1    -1.6141e1     -2.2274e1
  41 208      1.4875e1      2.9258e1    -1.6398e1     -2.2657e1
  41 209      1.5000e1      2.9383e1    -1.6735e1     -2.3118e1
            log10(eV)     log10(Hz)    log10(nuFnu)  log10(Jy)

i_tm =  42;  t_obs =      1.443e5
  42   1     -1.1000e1      3.3834e0    -2.5464e1     -5.8475e0
  42   2     -1.0875e1      3.5084e0    -2.5297e1     -5.8058e0
  42   3     -1.0750e1      3.6334e0    -2.5131e1     -5.7641e0
  42   4     -1.0625e1      3.7584e0    -2.4964e1     -5.7225e0
  42   5     -1.0500e1      3.8834e0    -2.4797e1     -5.6808e0
  42   6     -1.0375e1      4.0084e0    -2.4631e1     -5.6391e0
  42   7     -1.0250e1      4.1334e0    -2.4464e1     -5.5975e0
  42   8     -1.0125e1      4.2584e0    -2.4297e1     -5.5558e0
  42   9     -1.0000e1      4.3834e0    -2.4131e1     -5.5142e0
  42  10     -9.8750e0      4.5084e0    -2.3964e1     -5.4725e0
  42  11     -9.7500e0      4.6334e0    -2.3797e1     -5.4308e0
  42  12     -9.6250e0      4.7584e0    -2.3631e1     -5.3892e0
  42  13     -9.5000e0      4.8834e0    -2.3464e1     -5.3475e0
  42  14     -9.3750e0      5.0084e0    -2.3297e1     -5.3059e0
  42  15     -9.2500e0      5.1334e0    -2.3131e1     -5.2643e0
  42  16     -9.1250e0      5.2584e0    -2.2964e1     -5.2227e0
  42  17     -9.0000e0      5.3834e0    -2.2798e1     -5.1810e0
  42  18     -8.8750e0      5.5084e0    -2.2631e1     -5.1395e0
  42  19     -8.7500e0      5.6334e0    -2.2464e1     -5.0979e0
  42  20     -8.6250e0      5.7584e0    -2.2298e1     -5.0563e0
  42  21     -8.5000e0      5.8834e0    -2.2131e1     -5.0148e0
  42  22     -8.3750e0      6.0084e0    -2.1965e1     -4.9733e0
  42  23     -8.2500e0      6.1334e0    -2.1798e1     -4.9318e0
  42  24     -8.1250e0      6.2584e0    -2.1632e1     -4.8904e0
  42  25     -8.0000e0      6.3834e0    -2.1466e1     -4.8489e0
  42  26     -7.8750e0      6.5084e0    -2.1299e1     -4.8075e0
  42  27     -7.7500e0      6.6334e0    -2.1133e1     -4.7661e0
  42  28     -7.6250e0      6.7584e0    -2.0966e1     -4.7247e0
  42  29     -7.5000e0      6.8834e0    -2.0800e1     -4.6832e0
  42  30     -7.3750e0      7.0084e0    -2.0633e1     -4.6418e0
  42  31     -7.2500e0      7.1334e0    -2.0467e1     -4.6004e0
  42  32     -7.1250e0      7.2584e0    -2.0300e1     -4.5589e0
  42  33     -7.0000e0      7.3834e0    -2.0134e1     -4.5174e0
  42  34     -6.8750e0      7.5084e0    -1.9968e1     -4.4759e0
  42  35     -6.7500e0      7.6334e0    -1.9801e1     -4.4344e0
  42  36     -6.6250e0      7.7584e0    -1.9635e1     -4.3930e0
  42  37     -6.5000e0      7.8834e0    -1.9468e1     -4.3515e0
  42  38     -6.3750e0      8.0084e0    -1.9302e1     -4.3100e0
  42  39     -6.2500e0      8.1334e0    -1.9135e1     -4.2686e0
  42  40     -6.1250e0      8.2584e0    -1.8969e1     -4.2273e0
  42  41     -6.0000e0      8.3834e0    -1.8803e1     -4.1859e0
  42  42     -5.8750e0      8.5084e0    -1.8636e1     -4.1447e0
  42  43     -5.7500e0      8.6334e0    -1.8470e1     -4.1035e0
  42  44     -5.6250e0      8.7584e0    -1.8304e1     -4.0624e0
  42  45     -5.5000e0      8.8834e0    -1.8138e1     -4.0215e0
  42  46     -5.3750e0      9.0084e0    -1.7972e1     -3.9806e0
  42  47     -5.2500e0      9.1334e0    -1.7807e1     -3.9400e0
  42  48     -5.1250e0      9.2584e0    -1.7641e1     -3.8995e0
  42  49     -5.0000e0      9.3834e0    -1.7476e1     -3.8593e0
  42  50     -4.8750e0      9.5084e0    -1.7311e1     -3.8194e0
  42  51     -4.7500e0      9.6334e0    -1.7146e1     -3.7798e0
  42  52     -4.6250e0      9.7584e0    -1.6982e1     -3.7405e0
  42  53     -4.5000e0      9.8834e0    -1.6818e1     -3.7018e0
  42  54     -4.3750e0      1.0008e1    -1.6655e1     -3.6636e0
  42  55     -4.2500e0      1.0133e1    -1.6493e1     -3.6261e0
  42  56     -4.1250e0      1.0258e1    -1.6331e1     -3.5894e0
  42  57     -4.0000e0      1.0383e1    -1.6170e1     -3.5536e0
  42  58     -3.8750e0      1.0508e1    -1.6010e1     -3.5188e0
  42  59     -3.7500e0      1.0633e1    -1.5852e1     -3.4854e0
  42  60     -3.6250e0      1.0758e1    -1.5695e1     -3.4533e0
  42  61     -3.5000e0      1.0883e1    -1.5540e1     -3.4230e0
  42  62     -3.3750e0      1.1008e1    -1.5386e1     -3.3946e0
  42  63     -3.2500e0      1.1133e1    -1.5235e1     -3.3686e0
  42  64     -3.1250e0      1.1258e1    -1.5087e1     -3.3451e0
  42  65     -3.0000e0      1.1383e1    -1.4941e1     -3.3246e0
  42  66     -2.8750e0      1.1508e1    -1.4799e1     -3.3076e0
  42  67     -2.7500e0      1.1633e1    -1.4661e1     -3.2943e0
  42  68     -2.6250e0      1.1758e1    -1.4527e1     -3.2853e0
  42  69     -2.5000e0      1.1883e1    -1.4398e1     -3.2812e0
  42  70     -2.3750e0      1.2008e1    -1.4274e1     -3.2823e0
  42  71     -2.2500e0      1.2133e1    -1.4156e1     -3.2892e0
  42  72     -2.1250e0      1.2258e1    -1.4044e1     -3.3026e0
  42  73     -2.0000e0      1.2383e1    -1.3939e1     -3.3228e0
  42  74     -1.8750e0      1.2508e1    -1.3842e1     -3.3505e0
  42  75     -1.7500e0      1.2633e1    -1.3753e1     -3.3862e0
  42  76     -1.6250e0      1.2758e1    -1.3672e1     -3.4304e0
  42  77     -1.5000e0      1.2883e1    -1.3600e1     -3.4834e0
  42  78     -1.3750e0      1.3008e1    -1.3537e1     -3.5457e0
  42  79     -1.2500e0      1.3133e1    -1.3484e1     -3.6175e0
  42  80     -1.1250e0      1.3258e1    -1.3441e1     -3.6989e0
  42  81     -1.0000e0      1.3383e1    -1.3407e1     -3.7902e0
  42  82    -8.7501e-1      1.3508e1    -1.3383e1     -3.8912e0
  42  83    -7.5001e-1      1.3633e1    -1.3368e1     -4.0019e0
  42  84    -6.2501e-1      1.3758e1    -1.3364e1     -4.1220e0
  42  85    -5.0001e-1      1.3883e1    -1.3368e1     -4.2510e0
  42  86    -3.7501e-1      1.4008e1    -1.3380e1     -4.3881e0
  42  87    -2.5001e-1      1.4133e1    -1.3399e1     -4.5321e0
  42  88    -1.2501e-1      1.4258e1    -1.3423e1     -4.6812e0
  42  89    -1.3724e-5      1.4383e1    -1.3449e1     -4.8326e0
  42  90     1.2499e-1      1.4508e1    -1.3475e1     -4.9833e0
  42  91     2.4999e-1      1.4633e1    -1.3496e1     -5.1298e0
  42  92     3.7499e-1      1.4758e1    -1.3511e1     -5.2692e0
  42  93     4.9999e-1      1.4883e1    -1.3517e1     -5.4001e0
  42  94     6.2499e-1      1.5008e1    -1.3514e1     -5.5223e0
  42  95     7.4999e-1      1.5133e1    -1.3504e1     -5.6375e0
  42  96     8.7499e-1      1.5258e1    -1.3490e1     -5.7479e0
  42  97     9.9999e-1      1.5383e1    -1.3473e1     -5.8560e0
  42  98      1.1250e0      1.5508e1    -1.3455e1     -5.9634e0
  42  99      1.2500e0      1.5633e1    -1.3438e1     -6.0716e0
  42 100      1.3750e0      1.5758e1    -1.3423e1     -6.1814e0
  42 101      1.5000e0      1.5883e1    -1.3410e1     -6.2931e0
  42 102      1.6250e0      1.6008e1    -1.3399e1     -6.4071e0
  42 103      1.7500e0      1.6133e1    -1.3390e1     -6.5233e0
  42 104      1.8750e0      1.6258e1    -1.3383e1     -6.6419e0
  42 105      2.0000e0      1.6383e1    -1.3379e1     -6.7626e0
  42 106      2.1250e0      1.6508e1    -1.3377e1     -6.8855e0
  42 107      2.2500e0      1.6633e1    -1.3377e1     -7.0104e0
  42 108      2.3750e0      1.6758e1    -1.3379e1     -7.1376e0
  42 109      2.5000e0      1.6883e1    -1.3384e1     -7.2671e0
  42 110      2.6250e0      1.7008e1    -1.3391e1     -7.3993e0
  42 111      2.7500e0      1.7133e1    -1.3401e1     -7.5342e0
  42 112      2.8750e0      1.7258e1    -1.3413e1     -7.6718e0
  42 113      3.0000e0      1.7383e1    -1.3428e1     -7.8115e0
  42 114      3.1250e0      1.7508e1    -1.3444e1     -7.9524e0
  42 115      3.2500e0      1.7633e1    -1.3460e1     -8.0934e0
  42 116      3.3750e0      1.7758e1    -1.3475e1     -8.2337e0
  42 117      3.5000e0      1.7883e1    -1.3489e1     -8.3728e0
  42 118      3.6250e0      1.8008e1    -1.3503e1     -8.5109e0
  42 119      3.7500e0      1.8133e1    -1.3515e1     -8.6484e0
  42 120      3.8750e0      1.8258e1    -1.3527e1     -8.7857e0
  42 121      4.0000e0      1.8383e1    -1.3540e1     -8.9231e0
  42 122      4.1250e0      1.8508e1    -1.3552e1     -9.0609e0
  42 123      4.2500e0      1.8633e1    -1.3566e1     -9.1989e0
  42 124      4.3750e0      1.8758e1    -1.3579e1     -9.3372e0
  42 125      4.5000e0      1.8883e1    -1.3592e1     -9.4757e0
  42 126      4.6250e0      1.9008e1    -1.3606e1     -9.6142e0
  42 127      4.7500e0      1.9133e1    -1.3619e1     -9.7526e0
  42 128      4.8750e0      1.9258e1    -1.3632e1     -9.8909e0
  42 129      5.0000e0      1.9383e1    -1.3645e1     -1.0029e1
  42 130      5.1250e0      1.9508e1    -1.3658e1     -1.0167e1
  42 131      5.2500e0      1.9633e1    -1.3671e1     -1.0304e1
  42 132      5.3750e0      1.9758e1    -1.3683e1     -1.0442e1
  42 133      5.5000e0      1.9883e1    -1.3696e1     -1.0580e1
  42 134      5.6250e0      2.0008e1    -1.3709e1     -1.0718e1
  42 135      5.7500e0      2.0133e1    -1.3723e1     -1.0856e1
  42 136      5.8750e0      2.0258e1    -1.3736e1     -1.0995e1
  42 137      6.0000e0      2.0383e1    -1.3750e1     -1.1134e1
  42 138      6.1250e0      2.0508e1    -1.3765e1     -1.1273e1
  42 139      6.2500e0      2.0633e1    -1.3780e1     -1.1414e1
  42 140      6.3750e0      2.0758e1    -1.3796e1     -1.1554e1
  42 141      6.5000e0      2.0883e1    -1.3811e1     -1.1695e1
  42 142      6.6250e0      2.1008e1    -1.3826e1     -1.1835e1
  42 143      6.7500e0      2.1133e1    -1.3841e1     -1.1975e1
  42 144      6.8750e0      2.1258e1    -1.3856e1     -1.2114e1
  42 145      7.0000e0      2.1383e1    -1.3870e1     -1.2254e1
  42 146      7.1250e0      2.1508e1    -1.3884e1     -1.2393e1
  42 147      7.2500e0      2.1633e1    -1.3898e1     -1.2532e1
  42 148      7.3750e0      2.1758e1    -1.3912e1     -1.2670e1
  42 149      7.5000e0      2.1883e1    -1.3925e1     -1.2808e1
  42 150      7.6250e0      2.2008e1    -1.3938e1     -1.2947e1
  42 151      7.7500e0      2.2133e1    -1.3952e1     -1.3085e1
  42 152      7.8750e0      2.2258e1    -1.3966e1     -1.3224e1
  42 153      8.0000e0      2.2383e1    -1.3981e1     -1.3364e1
  42 154      8.1250e0      2.2508e1    -1.3996e1     -1.3504e1
  42 155      8.2500e0      2.2633e1    -1.4012e1     -1.3645e1
  42 156      8.3750e0      2.2758e1    -1.4028e1     -1.3786e1
  42 157      8.5000e0      2.2883e1    -1.4043e1     -1.3927e1
  42 158      8.6250e0      2.3008e1    -1.4058e1     -1.4067e1
  42 159      8.7500e0      2.3133e1    -1.4073e1     -1.4206e1
  42 160      8.8750e0      2.3258e1    -1.4087e1     -1.4346e1
  42 161      9.0000e0      2.3383e1    -1.4102e1     -1.4485e1
  42 162      9.1250e0      2.3508e1    -1.4116e1     -1.4624e1
  42 163      9.2500e0      2.3633e1    -1.4130e1     -1.4763e1
  42 164      9.3750e0      2.3758e1    -1.4144e1     -1.4902e1
  42 165      9.5000e0      2.3883e1    -1.4158e1     -1.5041e1
  42 166      9.6250e0      2.4008e1    -1.4172e1     -1.5180e1
  42 167      9.7500e0      2.4133e1    -1.4186e1     -1.5320e1
  42 168      9.8750e0      2.4258e1    -1.4202e1     -1.5460e1
  42 169      1.0000e1      2.4383e1    -1.4217e1     -1.5601e1
  42 170      1.0125e1      2.4508e1    -1.4234e1     -1.5743e1
  42 171      1.0250e1      2.4633e1    -1.4251e1     -1.5885e1
  42 172      1.0375e1      2.4758e1    -1.4269e1     -1.6027e1
  42 173      1.0500e1      2.4883e1    -1.4286e1     -1.6170e1
  42 174      1.0625e1      2.5008e1    -1.4303e1     -1.6312e1
  42 175      1.0750e1      2.5133e1    -1.4320e1     -1.6454e1
  42 176      1.0875e1      2.5258e1    -1.4338e1     -1.6596e1
  42 177      1.1000e1      2.5383e1    -1.4356e1     -1.6739e1
  42 178      1.1125e1      2.5508e1    -1.4375e1     -1.6883e1
  42 179      1.1250e1      2.5633e1    -1.4394e1     -1.7027e1
  42 180      1.1375e1      2.5758e1    -1.4413e1     -1.7171e1
  42 181      1.1500e1      2.5883e1    -1.4431e1     -1.7315e1
  42 182      1.1625e1      2.6008e1    -1.4450e1     -1.7458e1
  42 183      1.1750e1      2.6133e1    -1.4469e1     -1.7602e1
  42 184      1.1875e1      2.6258e1    -1.4488e1     -1.7747e1
  42 185      1.2000e1      2.6383e1    -1.4510e1     -1.7893e1
  42 186      1.2125e1      2.6508e1    -1.4535e1     -1.8043e1
  42 187      1.2250e1      2.6633e1    -1.4563e1     -1.8196e1
  42 188      1.2375e1      2.6758e1    -1.4594e1     -1.8353e1
  42 189      1.2500e1      2.6883e1    -1.4629e1     -1.8512e1
  42 190      1.2625e1      2.7008e1    -1.4666e1     -1.8674e1
  42 191      1.2750e1      2.7133e1    -1.4705e1     -1.8839e1
  42 192      1.2875e1      2.7258e1    -1.4747e1     -1.9005e1
  42 193      1.3000e1      2.7383e1    -1.4791e1     -1.9175e1
  42 194      1.3125e1      2.7508e1    -1.4838e1     -1.9347e1
  42 195      1.3250e1      2.7633e1    -1.4888e1     -1.9522e1
  42 196      1.3375e1      2.7758e1    -1.4942e1     -1.9701e1
  42 197      1.3500e1      2.7883e1    -1.5002e1     -1.9886e1
  42 198      1.3625e1      2.8008e1    -1.5071e1     -2.0080e1
  42 199      1.3750e1      2.8133e1    -1.5153e1     -2.0286e1
  42 200      1.3875e1      2.8258e1    -1.5248e1     -2.0507e1
  42 201      1.4000e1      2.8383e1    -1.5358e1     -2.0742e1
  42 202      1.4125e1      2.8508e1    -1.5482e1     -2.0990e1
  42 203      1.4250e1      2.8633e1    -1.5618e1     -2.1251e1
  42 204      1.4375e1      2.8758e1    -1.5764e1     -2.1522e1
  42 205      1.4500e1      2.8883e1    -1.5926e1     -2.1810e1
  42 206      1.4625e1      2.9008e1    -1.6117e1     -2.2126e1
  42 207      1.4750e1      2.9133e1    -1.6354e1     -2.2487e1
  42 208      1.4875e1      2.9258e1    -1.6657e1     -2.2915e1
  42 209      1.5000e1      2.9383e1    -1.7063e1     -2.3446e1
            log10(eV)     log10(Hz)    log10(nuFnu)  log10(Jy)

i_tm =  43;  t_obs =      1.823e5
  43   1     -1.1000e1      3.3834e0    -2.5415e1     -5.7981e0
  43   2     -1.0875e1      3.5084e0    -2.5248e1     -5.7564e0
  43   3     -1.0750e1      3.6334e0    -2.5081e1     -5.7148e0
  43   4     -1.0625e1      3.7584e0    -2.4915e1     -5.6731e0
  43   5     -1.0500e1      3.8834e0    -2.4748e1     -5.6315e0
  43   6     -1.0375e1      4.0084e0    -2.4581e1     -5.5898e0
  43   7     -1.0250e1      4.1334e0    -2.4415e1     -5.5481e0
  43   8     -1.0125e1      4.2584e0    -2.4248e1     -5.5065e0
  43   9     -1.0000e1      4.3834e0    -2.4081e1     -5.4648e0
  43  10     -9.8750e0      4.5084e0    -2.3915e1     -5.4232e0
  43  11     -9.7500e0      4.6334e0    -2.3748e1     -5.3815e0
  43  12     -9.6250e0      4.7584e0    -2.3581e1     -5.3399e0
  43  13     -9.5000e0      4.8834e0    -2.3415e1     -5.2982e0
  43  14     -9.3750e0      5.0084e0    -2.3248e1     -5.2566e0
  43  15     -9.2500e0      5.1334e0    -2.3082e1     -5.2150e0
  43  16     -9.1250e0      5.2584e0    -2.2915e1     -5.1734e0
  43  17     -9.0000e0      5.3834e0    -2.2748e1     -5.1318e0
  43  18     -8.8750e0      5.5084e0    -2.2582e1     -5.0902e0
  43  19     -8.7500e0      5.6334e0    -2.2415e1     -5.0487e0
  43  20     -8.6250e0      5.7584e0    -2.2249e1     -5.0071e0
  43  21     -8.5000e0      5.8834e0    -2.2082e1     -4.9656e0
  43  22     -8.3750e0      6.0084e0    -2.1916e1     -4.9242e0
  43  23     -8.2500e0      6.1334e0    -2.1749e1     -4.8827e0
  43  24     -8.1250e0      6.2584e0    -2.1583e1     -4.8413e0
  43  25     -8.0000e0      6.3834e0    -2.1416e1     -4.7999e0
  43  26     -7.8750e0      6.5084e0    -2.1250e1     -4.7584e0
  43  27     -7.7500e0      6.6334e0    -2.1084e1     -4.7170e0
  43  28     -7.6250e0      6.7584e0    -2.0917e1     -4.6756e0
  43  29     -7.5000e0      6.8834e0    -2.0751e1     -4.6342e0
  43  30     -7.3750e0      7.0084e0    -2.0584e1     -4.5927e0
  43  31     -7.2500e0      7.1334e0    -2.0418e1     -4.5512e0
  43  32     -7.1250e0      7.2584e0    -2.0251e1     -4.5098e0
  43  33     -7.0000e0      7.3834e0    -2.0085e1     -4.4683e0
  43  34     -6.8750e0      7.5084e0    -1.9918e1     -4.4268e0
  43  35     -6.7500e0      7.6334e0    -1.9752e1     -4.3853e0
  43  36     -6.6250e0      7.7584e0    -1.9585e1     -4.3438e0
  43  37     -6.5000e0      7.8834e0    -1.9419e1     -4.3024e0
  43  38     -6.3750e0      8.0084e0    -1.9253e1     -4.2610e0
  43  39     -6.2500e0      8.1334e0    -1.9086e1     -4.2196e0
  43  40     -6.1250e0      8.2584e0    -1.8920e1     -4.1783e0
  43  41     -6.0000e0      8.3834e0    -1.8754e1     -4.1371e0
  43  42     -5.8750e0      8.5084e0    -1.8588e1     -4.0959e0
  43  43     -5.7500e0      8.6334e0    -1.8421e1     -4.0549e0
  43  44     -5.6250e0      8.7584e0    -1.8256e1     -4.0139e0
  43  45     -5.5000e0      8.8834e0    -1.8090e1     -3.9731e0
  43  46     -5.3750e0      9.0084e0    -1.7924e1     -3.9325e0
  43  47     -5.2500e0      9.1334e0    -1.7759e1     -3.8921e0
  43  48     -5.1250e0      9.2584e0    -1.7594e1     -3.8519e0
  43  49     -5.0000e0      9.3834e0    -1.7429e1     -3.8121e0
  43  50     -4.8750e0      9.5084e0    -1.7264e1     -3.7725e0
  43  51     -4.7500e0      9.6334e0    -1.7100e1     -3.7334e0
  43  52     -4.6250e0      9.7584e0    -1.6936e1     -3.6948e0
  43  53     -4.5000e0      9.8834e0    -1.6773e1     -3.6568e0
  43  54     -4.3750e0      1.0008e1    -1.6611e1     -3.6194e0
  43  55     -4.2500e0      1.0133e1    -1.6449e1     -3.5828e0
  43  56     -4.1250e0      1.0258e1    -1.6289e1     -3.5472e0
  43  57     -4.0000e0      1.0383e1    -1.6129e1     -3.5127e0
  43  58     -3.8750e0      1.0508e1    -1.5971e1     -3.4795e0
  43  59     -3.7500e0      1.0633e1    -1.5814e1     -3.4479e0
  43  60     -3.6250e0      1.0758e1    -1.5660e1     -3.4179e0
  43  61     -3.5000e0      1.0883e1    -1.5507e1     -3.3900e0
  43  62     -3.3750e0      1.1008e1    -1.5356e1     -3.3644e0
  43  63     -3.2500e0      1.1133e1    -1.5208e1     -3.3415e0
  43  64     -3.1250e0      1.1258e1    -1.5063e1     -3.3217e0
  43  65     -3.0000e0      1.1383e1    -1.4922e1     -3.3053e0
  43  66     -2.8750e0      1.1508e1    -1.4784e1     -3.2929e0
  43  67     -2.7500e0      1.1633e1    -1.4651e1     -3.2848e0
  43  68     -2.6250e0      1.1758e1    -1.4523e1     -3.2816e0
  43  69     -2.5000e0      1.1883e1    -1.4400e1     -3.2838e0
  43  70     -2.3750e0      1.2008e1    -1.4284e1     -3.2919e0
  43  71     -2.2500e0      1.2133e1    -1.4173e1     -3.3065e0
  43  72     -2.1250e0      1.2258e1    -1.4070e1     -3.3281e0
  43  73     -2.0000e0      1.2383e1    -1.3974e1     -3.3572e0
  43  74     -1.8750e0      1.2508e1    -1.3886e1     -3.3943e0
  43  75     -1.7500e0      1.2633e1    -1.3806e1     -3.4399e0
  43  76     -1.6250e0      1.2758e1    -1.3736e1     -3.4944e0
  43  77     -1.5000e0      1.2883e1    -1.3675e1     -3.5581e0
  43  78     -1.3750e0      1.3008e1    -1.3623e1     -3.6314e0
  43  79     -1.2500e0      1.3133e1    -1.3581e1     -3.7143e0
  43  80     -1.1250e0      1.3258e1    -1.3548e1     -3.8069e0
  43  81     -1.0000e0      1.3383e1    -1.3526e1     -3.9092e0
  43  82    -8.7501e-1      1.3508e1    -1.3513e1     -4.0210e0
  43  83    -7.5001e-1      1.3633e1    -1.3509e1     -4.1421e0
  43  84    -6.2501e-1      1.3758e1    -1.3514e1     -4.2720e0
  43  85    -5.0001e-1      1.3883e1    -1.3526e1     -4.4097e0
  43  86    -3.7501e-1      1.4008e1    -1.3545e1     -4.5539e0
  43  87    -2.5001e-1      1.4133e1    -1.3569e1     -4.7026e0
  43  88    -1.2501e-1      1.4258e1    -1.3595e1     -4.8531e0
  43  89    -1.3724e-5      1.4383e1    -1.3619e1     -5.0022e0
  43  90     1.2499e-1      1.4508e1    -1.3638e1     -5.1463e0
  43  91     2.4999e-1      1.4633e1    -1.3649e1     -5.2829e0
  43  92     3.7499e-1      1.4758e1    -1.3652e1     -5.4106e0
  43  93     4.9999e-1      1.4883e1    -1.3646e1     -5.5298e0
  43  94     6.2499e-1      1.5008e1    -1.3634e1     -5.6423e0
  43  95     7.4999e-1      1.5133e1    -1.3617e1     -5.7505e0
  43  96     8.7499e-1      1.5258e1    -1.3598e1     -5.8565e0
  43  97     9.9999e-1      1.5383e1    -1.3579e1     -5.9621e0
  43  98      1.1250e0      1.5508e1    -1.3560e1     -6.0687e0
  43  99      1.2500e0      1.5633e1    -1.3543e1     -6.1767e0
  43 100      1.3750e0      1.5758e1    -1.3528e1     -6.2867e0
  43 101      1.5000e0      1.5883e1    -1.3515e1     -6.3988e0
  43 102      1.6250e0      1.6008e1    -1.3505e1     -6.5131e0
  43 103      1.7500e0      1.6133e1    -1.3496e1     -6.6296e0
  43 104      1.8750e0      1.6258e1    -1.3490e1     -6.7483e0
  43 105      2.0000e0      1.6383e1    -1.3486e1     -6.8690e0
  43 106      2.1250e0      1.6508e1    -1.3483e1     -6.9917e0
  43 107      2.2500e0      1.6633e1    -1.3483e1     -7.1165e0
  43 108      2.3750e0      1.6758e1    -1.3485e1     -7.2436e0
  43 109      2.5000e0      1.6883e1    -1.3490e1     -7.3732e0
  43 110      2.6250e0      1.7008e1    -1.3497e1     -7.5055e0
  43 111      2.7500e0      1.7133e1    -1.3507e1     -7.6406e0
  43 112      2.8750e0      1.7258e1    -1.3520e1     -7.7783e0
  43 113      3.0000e0      1.7383e1    -1.3535e1     -7.9180e0
  43 114      3.1250e0      1.7508e1    -1.3550e1     -8.0589e0
  43 115      3.2500e0      1.7633e1    -1.3567e1     -8.2000e0
  43 116      3.3750e0      1.7758e1    -1.3582e1     -8.3405e0
  43 117      3.5000e0      1.7883e1    -1.3597e1     -8.4800e0
  43 118      3.6250e0      1.8008e1    -1.3610e1     -8.6188e0
  43 119      3.7500e0      1.8133e1    -1.3624e1     -8.7572e0
  43 120      3.8750e0      1.8258e1    -1.3637e1     -8.8956e0
  43 121      4.0000e0      1.8383e1    -1.3651e1     -9.0342e0
  43 122      4.1250e0      1.8508e1    -1.3665e1     -9.1729e0
  43 123      4.2500e0      1.8633e1    -1.3678e1     -9.3118e0
  43 124      4.3750e0      1.8758e1    -1.3692e1     -9.4507e0
  43 125      4.5000e0      1.8883e1    -1.3706e1     -9.5898e0
  43 126      4.6250e0      1.9008e1    -1.3720e1     -9.7289e0
  43 127      4.7500e0      1.9133e1    -1.3734e1     -9.8679e0
  43 128      4.8750e0      1.9258e1    -1.3748e1     -1.0006e1
  43 129      5.0000e0      1.9383e1    -1.3761e1     -1.0145e1
  43 130      5.1250e0      1.9508e1    -1.3774e1     -1.0283e1
  43 131      5.2500e0      1.9633e1    -1.3787e1     -1.0421e1
  43 132      5.3750e0      1.9758e1    -1.3800e1     -1.0559e1
  43 133      5.5000e0      1.9883e1    -1.3814e1     -1.0697e1
  43 134      5.6250e0      2.0008e1    -1.3827e1     -1.0836e1
  43 135      5.7500e0      2.0133e1    -1.3841e1     -1.0974e1
  43 136      5.8750e0      2.0258e1    -1.3855e1     -1.1113e1
  43 137      6.0000e0      2.0383e1    -1.3870e1     -1.1253e1
  43 138      6.1250e0      2.0508e1    -1.3885e1     -1.1393e1
  43 139      6.2500e0      2.0633e1    -1.3900e1     -1.1534e1
  43 140      6.3750e0      2.0758e1    -1.3916e1     -1.1675e1
  43 141      6.5000e0      2.0883e1    -1.3932e1     -1.1815e1
  43 142      6.6250e0      2.1008e1    -1.3947e1     -1.1955e1
  43 143      6.7500e0      2.1133e1    -1.3961e1     -1.2095e1
  43 144      6.8750e0      2.1258e1    -1.3976e1     -1.2234e1
  43 145      7.0000e0      2.1383e1    -1.3990e1     -1.2373e1
  43 146      7.1250e0      2.1508e1    -1.4004e1     -1.2512e1
  43 147      7.2500e0      2.1633e1    -1.4017e1     -1.2651e1
  43 148      7.3750e0      2.1758e1    -1.4031e1     -1.2789e1
  43 149      7.5000e0      2.1883e1    -1.4044e1     -1.2928e1
  43 150      7.6250e0      2.2008e1    -1.4058e1     -1.3066e1
  43 151      7.7500e0      2.2133e1    -1.4072e1     -1.3205e1
  43 152      7.8750e0      2.2258e1    -1.4086e1     -1.3344e1
  43 153      8.0000e0      2.2383e1    -1.4101e1     -1.3484e1
  43 154      8.1250e0      2.2508e1    -1.4116e1     -1.3625e1
  43 155      8.2500e0      2.2633e1    -1.4132e1     -1.3766e1
  43 156      8.3750e0      2.2758e1    -1.4148e1     -1.3906e1
  43 157      8.5000e0      2.2883e1    -1.4164e1     -1.4047e1
  43 158      8.6250e0      2.3008e1    -1.4178e1     -1.4187e1
  43 159      8.7500e0      2.3133e1    -1.4193e1     -1.4326e1
  43 160      8.8750e0      2.3258e1    -1.4207e1     -1.4466e1
  43 161      9.0000e0      2.3383e1    -1.4221e1     -1.4605e1
  43 162      9.1250e0      2.3508e1    -1.4235e1     -1.4743e1
  43 163      9.2500e0      2.3633e1    -1.4249e1     -1.4882e1
  43 164      9.3750e0      2.3758e1    -1.4263e1     -1.5021e1
  43 165      9.5000e0      2.3883e1    -1.4277e1     -1.5160e1
  43 166      9.6250e0      2.4008e1    -1.4291e1     -1.5300e1
  43 167      9.7500e0      2.4133e1    -1.4306e1     -1.5439e1
  43 168      9.8750e0      2.4258e1    -1.4321e1     -1.5580e1
  43 169      1.0000e1      2.4383e1    -1.4337e1     -1.5721e1
  43 170      1.0125e1      2.4508e1    -1.4354e1     -1.5862e1
  43 171      1.0250e1      2.4633e1    -1.4371e1     -1.6004e1
  43 172      1.0375e1      2.4758e1    -1.4388e1     -1.6146e1
  43 173      1.0500e1      2.4883e1    -1.4405e1     -1.6288e1
  43 174      1.0625e1      2.5008e1    -1.4421e1     -1.6430e1
  43 175      1.0750e1      2.5133e1    -1.4438e1     -1.6572e1
  43 176      1.0875e1      2.5258e1    -1.4455e1     -1.6714e1
  43 177      1.1000e1      2.5383e1    -1.4473e1     -1.6856e1
  43 178      1.1125e1      2.5508e1    -1.4491e1     -1.7000e1
  43 179      1.1250e1      2.5633e1    -1.4510e1     -1.7143e1
  43 180      1.1375e1      2.5758e1    -1.4528e1     -1.7287e1
  43 181      1.1500e1      2.5883e1    -1.4547e1     -1.7430e1
  43 182      1.1625e1      2.6008e1    -1.4566e1     -1.7575e1
  43 183      1.1750e1      2.6133e1    -1.4586e1     -1.7719e1
  43 184      1.1875e1      2.6258e1    -1.4607e1     -1.7865e1
  43 185      1.2000e1      2.6383e1    -1.4631e1     -1.8014e1
  43 186      1.2125e1      2.6508e1    -1.4658e1     -1.8166e1
  43 187      1.2250e1      2.6633e1    -1.4688e1     -1.8321e1
  43 188      1.2375e1      2.6758e1    -1.4721e1     -1.8480e1
  43 189      1.2500e1      2.6883e1    -1.4757e1     -1.8641e1
  43 190      1.2625e1      2.7008e1    -1.4795e1     -1.8803e1
  43 191      1.2750e1      2.7133e1    -1.4835e1     -1.8969e1
  43 192      1.2875e1      2.7258e1    -1.4877e1     -1.9136e1
  43 193      1.3000e1      2.7383e1    -1.4922e1     -1.9305e1
  43 194      1.3125e1      2.7508e1    -1.4969e1     -1.9477e1
  43 195      1.3250e1      2.7633e1    -1.5019e1     -1.9652e1
  43 196      1.3375e1      2.7758e1    -1.5075e1     -1.9833e1
  43 197      1.3500e1      2.7883e1    -1.5137e1     -2.0021e1
  43 198      1.3625e1      2.8008e1    -1.5211e1     -2.0220e1
  43 199      1.3750e1      2.8133e1    -1.5299e1     -2.0433e1
  43 200      1.3875e1      2.8258e1    -1.5404e1     -2.0662e1
  43 201      1.4000e1      2.8383e1    -1.5526e1     -2.0909e1
  43 202      1.4125e1      2.8508e1    -1.5663e1     -2.1171e1
  43 203      1.4250e1      2.8633e1    -1.5817e1     -2.1451e1
  43 204      1.4375e1      2.8758e1    -1.5986e1     -2.1744e1
  43 205      1.4500e1      2.8883e1    -1.6174e1     -2.2058e1
  43 206      1.4625e1      2.9008e1    -1.6396e1     -2.2405e1
  43 207      1.4750e1      2.9133e1    -1.6674e1     -2.2808e1
  43 208      1.4875e1      2.9258e1    -1.7035e1     -2.3293e1
  43 209      1.5000e1      2.9383e1    -1.7543e1     -2.3927e1
            log10(eV)     log10(Hz)    log10(nuFnu)  log10(Jy)

i_tm =  44;  t_obs =      2.302e5
  44   1     -1.1000e1      3.3834e0    -2.5365e1     -5.7487e0
  44   2     -1.0875e1      3.5084e0    -2.5199e1     -5.7071e0
  44   3     -1.0750e1      3.6334e0    -2.5032e1     -5.6654e0
  44   4     -1.0625e1      3.7584e0    -2.4865e1     -5.6237e0
  44   5     -1.0500e1      3.8834e0    -2.4699e1     -5.5821e0
  44   6     -1.0375e1      4.0084e0    -2.4532e1     -5.5404e0
  44   7     -1.0250e1      4.1334e0    -2.4365e1     -5.4988e0
  44   8     -1.0125e1      4.2584e0    -2.4199e1     -5.4571e0
  44   9     -1.0000e1      4.3834e0    -2.4032e1     -5.4155e0
  44  10     -9.8750e0      4.5084e0    -2.3865e1     -5.3738e0
  44  11     -9.7500e0      4.6334e0    -2.3699e1     -5.3322e0
  44  12     -9.6250e0      4.7584e0    -2.3532e1     -5.2905e0
  44  13     -9.5000e0      4.8834e0    -2.3365e1     -5.2489e0
  44  14     -9.3750e0      5.0084e0    -2.3199e1     -5.2073e0
  44  15     -9.2500e0      5.1334e0    -2.3032e1     -5.1657e0
  44  16     -9.1250e0      5.2584e0    -2.2866e1     -5.1241e0
  44  17     -9.0000e0      5.3834e0    -2.2699e1     -5.0825e0
  44  18     -8.8750e0      5.5084e0    -2.2533e1     -5.0410e0
  44  19     -8.7500e0      5.6334e0    -2.2366e1     -4.9995e0
  44  20     -8.6250e0      5.7584e0    -2.2200e1     -4.9580e0
  44  21     -8.5000e0      5.8834e0    -2.2033e1     -4.9165e0
  44  22     -8.3750e0      6.0084e0    -2.1867e1     -4.8751e0
  44  23     -8.2500e0      6.1334e0    -2.1700e1     -4.8336e0
  44  24     -8.1250e0      6.2584e0    -2.1534e1     -4.7922e0
  44  25     -8.0000e0      6.3834e0    -2.1367e1     -4.7508e0
  44  26     -7.8750e0      6.5084e0    -2.1201e1     -4.7094e0
  44  27     -7.7500e0      6.6334e0    -2.1035e1     -4.6679e0
  44  28     -7.6250e0      6.7584e0    -2.0868e1     -4.6265e0
  44  29     -7.5000e0      6.8834e0    -2.0702e1     -4.5850e0
  44  30     -7.3750e0      7.0084e0    -2.0535e1     -4.5436e0
  44  31     -7.2500e0      7.1334e0    -2.0369e1     -4.5021e0
  44  32     -7.1250e0      7.2584e0    -2.0202e1     -4.4606e0
  44  33     -7.0000e0      7.3834e0    -2.0036e1     -4.4191e0
  44  34     -6.8750e0      7.5084e0    -1.9869e1     -4.3776e0
  44  35     -6.7500e0      7.6334e0    -1.9703e1     -4.3362e0
  44  36     -6.6250e0      7.7584e0    -1.9536e1     -4.2947e0
  44  37     -6.5000e0      7.8834e0    -1.9370e1     -4.2534e0
  44  38     -6.3750e0      8.0084e0    -1.9204e1     -4.2120e0
  44  39     -6.2500e0      8.1334e0    -1.9037e1     -4.1707e0
  44  40     -6.1250e0      8.2584e0    -1.8871e1     -4.1295e0
  44  41     -6.0000e0      8.3834e0    -1.8705e1     -4.0884e0
  44  42     -5.8750e0      8.5084e0    -1.8539e1     -4.0473e0
  44  43     -5.7500e0      8.6334e0    -1.8373e1     -4.0064e0
  44  44     -5.6250e0      8.7584e0    -1.8207e1     -3.9656e0
  44  45     -5.5000e0      8.8834e0    -1.8042e1     -3.9251e0
  44  46     -5.3750e0      9.0084e0    -1.7876e1     -3.8847e0
  44  47     -5.2500e0      9.1334e0    -1.7711e1     -3.8446e0
  44  48     -5.1250e0      9.2584e0    -1.7546e1     -3.8048e0
  44  49     -5.0000e0      9.3834e0    -1.7382e1     -3.7653e0
  44  50     -4.8750e0      9.5084e0    -1.7218e1     -3.7263e0
  44  51     -4.7500e0      9.6334e0    -1.7054e1     -3.6878e0
  44  52     -4.6250e0      9.7584e0    -1.6892e1     -3.6499e0
  44  53     -4.5000e0      9.8834e0    -1.6729e1     -3.6127e0
  44  54     -4.3750e0      1.0008e1    -1.6568e1     -3.5763e0
  44  55     -4.2500e0      1.0133e1    -1.6408e1     -3.5410e0
  44  56     -4.1250e0      1.0258e1    -1.6248e1     -3.5067e0
  44  57     -4.0000e0      1.0383e1    -1.6090e1     -3.4738e0
  44  58     -3.8750e0      1.0508e1    -1.5934e1     -3.4425e0
  44  59     -3.7500e0      1.0633e1    -1.5780e1     -3.4129e0
  44  60     -3.6250e0      1.0758e1    -1.5627e1     -3.3855e0
  44  61     -3.5000e0      1.0883e1    -1.5477e1     -3.3604e0
  44  62     -3.3750e0      1.1008e1    -1.5330e1     -3.3381e0
  44  63     -3.2500e0      1.1133e1    -1.5186e1     -3.3189e0
  44  64     -3.1250e0      1.1258e1    -1.5045e1     -3.3033e0
  44  65     -3.0000e0      1.1383e1    -1.4908e1     -3.2917e0
  44  66     -2.8750e0      1.1508e1    -1.4776e1     -3.2846e0
  44  67     -2.7500e0      1.1633e1    -1.4649e1     -3.2824e0
  44  68     -2.6250e0      1.1758e1    -1.4527e1     -3.2856e0
  44  69     -2.5000e0      1.1883e1    -1.4412e1     -3.2949e0
  44  70     -2.3750e0      1.2008e1    -1.4302e1     -3.3107e0
  44  71     -2.2500e0      1.2133e1    -1.4200e1     -3.3336e0
  44  72     -2.1250e0      1.2258e1    -1.4106e1     -3.3641e0
  44  73     -2.0000e0      1.2383e1    -1.4019e1     -3.4027e0
  44  74     -1.8750e0      1.2508e1    -1.3941e1     -3.4498e0
  44  75     -1.7500e0      1.2633e1    -1.3872e1     -3.5058e0
  44  76     -1.6250e0      1.2758e1    -1.3813e1     -3.5710e0
  44  77     -1.5000e0      1.2883e1    -1.3762e1     -3.6457e0
  44  78     -1.3750e0      1.3008e1    -1.3722e1     -3.7300e0
  44  79     -1.2500e0      1.3133e1    -1.3690e1     -3.8239e0
  44  80     -1.1250e0      1.3258e1    -1.3669e1     -3.9274e0
  44  81     -1.0000e0      1.3383e1    -1.3657e1     -4.0404e0
  44  82    -8.7501e-1      1.3508e1    -1.3654e1     -4.1624e0
  44  83    -7.5001e-1      1.3633e1    -1.3660e1     -4.2929e0
  44  84    -6.2501e-1      1.3758e1    -1.3673e1     -4.4310e0
  44  85    -5.0001e-1      1.3883e1    -1.3692e1     -4.5751e0
  44  86    -3.7501e-1      1.4008e1    -1.3715e1     -4.7231e0
  44  87    -2.5001e-1      1.4133e1    -1.3739e1     -4.8723e0
  44  88    -1.2501e-1      1.4258e1    -1.3761e1     -5.0192e0
  44  89    -1.3724e-5      1.4383e1    -1.3777e1     -5.1607e0
  44  90     1.2499e-1      1.4508e1    -1.3786e1     -5.2942e0
  44  91     2.4999e-1      1.4633e1    -1.3785e1     -5.4188e0
  44  92     3.7499e-1      1.4758e1    -1.3777e1     -5.5351e0
  44  93     4.9999e-1      1.4883e1    -1.3762e1     -5.6451e0
  44  94     6.2499e-1      1.5008e1    -1.3743e1     -5.7510e0
  44  95     7.4999e-1      1.5133e1    -1.3722e1     -5.8550e0
  44  96     8.7499e-1      1.5258e1    -1.3701e1     -5.9589e0
  44  97     9.9999e-1      1.5383e1    -1.3680e1     -6.0638e0
  44  98      1.1250e0      1.5508e1    -1.3662e1     -6.1704e0
  44  99      1.2500e0      1.5633e1    -1.3646e1     -6.2790e0
  44 100      1.3750e0      1.5758e1    -1.3631e1     -6.3899e0
  44 101      1.5000e0      1.5883e1    -1.3620e1     -6.5030e0
  44 102      1.6250e0      1.6008e1    -1.3610e1     -6.6185e0
  44 103      1.7500e0      1.6133e1    -1.3603e1     -6.7362e0
  44 104      1.8750e0      1.6258e1    -1.3598e1     -6.8561e0
  44 105      2.0000e0      1.6383e1    -1.3595e1     -6.9781e0
  44 106      2.1250e0      1.6508e1    -1.3594e1     -7.1021e0
  44 107      2.2500e0      1.6633e1    -1.3595e1     -7.2282e0
  44 108      2.3750e0      1.6758e1    -1.3598e1     -7.3564e0
  44 109      2.5000e0      1.6883e1    -1.3604e1     -7.4872e0
  44 110      2.6250e0      1.7008e1    -1.3612e1     -7.6207e0
  44 111      2.7500e0      1.7133e1    -1.3623e1     -7.7568e0
  44 112      2.8750e0      1.7258e1    -1.3637e1     -7.8955e0
  44 113      3.0000e0      1.7383e1    -1.3652e1     -8.0358e0
  44 114      3.1250e0      1.7508e1    -1.3668e1     -8.1768e0
  44 115      3.2500e0      1.7633e1    -1.3684e1     -8.3175e0
  44 116      3.3750e0      1.7758e1    -1.3699e1     -8.4572e0
  44 117      3.5000e0      1.7883e1    -1.3712e1     -8.5959e0
  44 118      3.6250e0      1.8008e1    -1.3725e1     -8.7339e0
  44 119      3.7500e0      1.8133e1    -1.3738e1     -8.8717e0
  44 120      3.8750e0      1.8258e1    -1.3751e1     -9.0097e0
  44 121      4.0000e0      1.8383e1    -1.3764e1     -9.1479e0
  44 122      4.1250e0      1.8508e1    -1.3778e1     -9.2864e0
  44 123      4.2500e0      1.8633e1    -1.3792e1     -9.4251e0
  44 124      4.3750e0      1.8758e1    -1.3806e1     -9.5639e0
  44 125      4.5000e0      1.8883e1    -1.3819e1     -9.7028e0
  44 126      4.6250e0      1.9008e1    -1.3833e1     -9.8415e0
  44 127      4.7500e0      1.9133e1    -1.3847e1     -9.9800e0
  44 128      4.8750e0      1.9258e1    -1.3860e1     -1.0118e1
  44 129      5.0000e0      1.9383e1    -1.3872e1     -1.0256e1
  44 130      5.1250e0      1.9508e1    -1.3885e1     -1.0393e1
  44 131      5.2500e0      1.9633e1    -1.3897e1     -1.0531e1
  44 132      5.3750e0      1.9758e1    -1.3910e1     -1.0668e1
  44 133      5.5000e0      1.9883e1    -1.3923e1     -1.0806e1
  44 134      5.6250e0      2.0008e1    -1.3936e1     -1.0944e1
  44 135      5.7500e0      2.0133e1    -1.3950e1     -1.1083e1
  44 136      5.8750e0      2.0258e1    -1.3964e1     -1.1222e1
  44 137      6.0000e0      2.0383e1    -1.3978e1     -1.1362e1
  44 138      6.1250e0      2.0508e1    -1.3993e1     -1.1502e1
  44 139      6.2500e0      2.0633e1    -1.4009e1     -1.1643e1
  44 140      6.3750e0      2.0758e1    -1.4025e1     -1.1783e1
  44 141      6.5000e0      2.0883e1    -1.4040e1     -1.1924e1
  44 142      6.6250e0      2.1008e1    -1.4055e1     -1.2063e1
  44 143      6.7500e0      2.1133e1    -1.4070e1     -1.2203e1
  44 144      6.8750e0      2.1258e1    -1.4084e1     -1.2342e1
  44 145      7.0000e0      2.1383e1    -1.4098e1     -1.2482e1
  44 146      7.1250e0      2.1508e1    -1.4112e1     -1.2620e1
  44 147      7.2500e0      2.1633e1    -1.4125e1     -1.2759e1
  44 148      7.3750e0      2.1758e1    -1.4139e1     -1.2897e1
  44 149      7.5000e0      2.1883e1    -1.4152e1     -1.3035e1
  44 150      7.6250e0      2.2008e1    -1.4165e1     -1.3174e1
  44 151      7.7500e0      2.2133e1    -1.4179e1     -1.3313e1
  44 152      7.8750e0      2.2258e1    -1.4194e1     -1.3452e1
  44 153      8.0000e0      2.2383e1    -1.4209e1     -1.3592e1
  44 154      8.1250e0      2.2508e1    -1.4225e1     -1.3733e1
  44 155      8.2500e0      2.2633e1    -1.4241e1     -1.3874e1
  44 156      8.3750e0      2.2758e1    -1.4256e1     -1.4015e1
  44 157      8.5000e0      2.2883e1    -1.4272e1     -1.4155e1
  44 158      8.6250e0      2.3008e1    -1.4286e1     -1.4295e1
  44 159      8.7500e0      2.3133e1    -1.4301e1     -1.4434e1
  44 160      8.8750e0      2.3258e1    -1.4315e1     -1.4574e1
  44 161      9.0000e0      2.3383e1    -1.4329e1     -1.4713e1
  44 162      9.1250e0      2.3508e1    -1.4343e1     -1.4851e1
  44 163      9.2500e0      2.3633e1    -1.4356e1     -1.4990e1
  44 164      9.3750e0      2.3758e1    -1.4370e1     -1.5129e1
  44 165      9.5000e0      2.3883e1    -1.4384e1     -1.5267e1
  44 166      9.6250e0      2.4008e1    -1.4398e1     -1.5407e1
  44 167      9.7500e0      2.4133e1    -1.4413e1     -1.5546e1
  44 168      9.8750e0      2.4258e1    -1.4429e1     -1.5687e1
  44 169      1.0000e1      2.4383e1    -1.4445e1     -1.5828e1
  44 170      1.0125e1      2.4508e1    -1.4462e1     -1.5970e1
  44 171      1.0250e1      2.4633e1    -1.4479e1     -1.6113e1
  44 172      1.0375e1      2.4758e1    -1.4497e1     -1.6255e1
  44 173      1.0500e1      2.4883e1    -1.4514e1     -1.6398e1
  44 174      1.0625e1      2.5008e1    -1.4531e1     -1.6540e1
  44 175      1.0750e1      2.5133e1    -1.4548e1     -1.6682e1
  44 176      1.0875e1      2.5258e1    -1.4566e1     -1.6824e1
  44 177      1.1000e1      2.5383e1    -1.4583e1     -1.6967e1
  44 178      1.1125e1      2.5508e1    -1.4602e1     -1.7110e1
  44 179      1.1250e1      2.5633e1    -1.4620e1     -1.7253e1
  44 180      1.1375e1      2.5758e1    -1.4638e1     -1.7396e1
  44 181      1.1500e1      2.5883e1    -1.4656e1     -1.7539e1
  44 182      1.1625e1      2.6008e1    -1.4675e1     -1.7683e1
  44 183      1.1750e1      2.6133e1    -1.4695e1     -1.7828e1
  44 184      1.1875e1      2.6258e1    -1.4717e1     -1.7975e1
  44 185      1.2000e1      2.6383e1    -1.4742e1     -1.8126e1
  44 186      1.2125e1      2.6508e1    -1.4771e1     -1.8279e1
  44 187      1.2250e1      2.6633e1    -1.4803e1     -1.8437e1
  44 188      1.2375e1      2.6758e1    -1.4839e1     -1.8597e1
  44 189      1.2500e1      2.6883e1    -1.4877e1     -1.8760e1
  44 190      1.2625e1      2.7008e1    -1.4917e1     -1.8925e1
  44 191      1.2750e1      2.7133e1    -1.4959e1     -1.9093e1
  44 192      1.2875e1      2.7258e1    -1.5003e1     -1.9262e1
  44 193      1.3000e1      2.7383e1    -1.5050e1     -1.9433e1
  44 194      1.3125e1      2.7508e1    -1.5099e1     -1.9607e1
  44 195      1.3250e1      2.7633e1    -1.5150e1     -1.9784e1
  44 196      1.3375e1      2.7758e1    -1.5207e1     -1.9966e1
  44 197      1.3500e1      2.7883e1    -1.5272e1     -2.0156e1
  44 198      1.3625e1      2.8008e1    -1.5349e1     -2.0357e1
  44 199      1.3750e1      2.8133e1    -1.5441e1     -2.0574e1
  44 200      1.3875e1      2.8258e1    -1.5549e1     -2.0808e1
  44 201      1.4000e1      2.8383e1    -1.5676e1     -2.1060e1
  44 202      1.4125e1      2.8508e1    -1.5821e1     -2.1330e1
  44 203      1.4250e1      2.8633e1    -1.5985e1     -2.1619e1
  44 204      1.4375e1      2.8758e1    -1.6168e1     -2.1927e1
  44 205      1.4500e1      2.8883e1    -1.6378e1     -2.2262e1
  44 206      1.4625e1      2.9008e1    -1.6633e1     -2.2641e1
  44 207      1.4750e1      2.9133e1    -1.6957e1     -2.3090e1
  44 208      1.4875e1      2.9258e1    -1.7405e1     -2.3664e1
  44 209      1.5000e1      2.9383e1    -1.8018e1     -2.4401e1
            log10(eV)     log10(Hz)    log10(nuFnu)  log10(Jy)

i_tm =  45;  t_obs =      2.908e5
  45   1     -1.1000e1      3.3834e0    -2.5316e1     -5.6993e0
  45   2     -1.0875e1      3.5084e0    -2.5149e1     -5.6576e0
  45   3     -1.0750e1      3.6334e0    -2.4983e1     -5.6160e0
  45   4     -1.0625e1      3.7584e0    -2.4816e1     -5.5743e0
  45   5     -1.0500e1      3.8834e0    -2.4649e1     -5.5326e0
  45   6     -1.0375e1      4.0084e0    -2.4483e1     -5.4910e0
  45   7     -1.0250e1      4.1334e0    -2.4316e1     -5.4493e0
  45   8     -1.0125e1      4.2584e0    -2.4149e1     -5.4077e0
  45   9     -1.0000e1      4.3834e0    -2.3983e1     -5.3660e0
  45  10     -9.8750e0      4.5084e0    -2.3816e1     -5.3244e0
  45  11     -9.7500e0      4.6334e0    -2.3649e1     -5.2827e0
  45  12     -9.6250e0      4.7584e0    -2.3483e1     -5.2411e0
  45  13     -9.5000e0      4.8834e0    -2.3316e1     -5.1995e0
  45  14     -9.3750e0      5.0084e0    -2.3150e1     -5.1579e0
  45  15     -9.2500e0      5.1334e0    -2.2983e1     -5.1163e0
  45  16     -9.1250e0      5.2584e0    -2.2816e1     -5.0748e0
  45  17     -9.0000e0      5.3834e0    -2.2650e1     -5.0332e0
  45  18     -8.8750e0      5.5084e0    -2.2483e1     -4.9917e0
  45  19     -8.7500e0      5.6334e0    -2.2317e1     -4.9502e0
  45  20     -8.6250e0      5.7584e0    -2.2150e1     -4.9088e0
  45  21     -8.5000e0      5.8834e0    -2.1984e1     -4.8673e0
  45  22     -8.3750e0      6.0084e0    -2.1817e1     -4.8259e0
  45  23     -8.2500e0      6.1334e0    -2.1651e1     -4.7845e0
  45  24     -8.1250e0      6.2584e0    -2.1485e1     -4.7430e0
  45  25     -8.0000e0      6.3834e0    -2.1318e1     -4.7016e0
  45  26     -7.8750e0      6.5084e0    -2.1152e1     -4.6602e0
  45  27     -7.7500e0      6.6334e0    -2.0985e1     -4.6187e0
  45  28     -7.6250e0      6.7584e0    -2.0819e1     -4.5773e0
  45  29     -7.5000e0      6.8834e0    -2.0652e1     -4.5358e0
  45  30     -7.3750e0      7.0084e0    -2.0486e1     -4.4943e0
  45  31     -7.2500e0      7.1334e0    -2.0319e1     -4.4528e0
  45  32     -7.1250e0      7.2584e0    -2.0153e1     -4.4114e0
  45  33     -7.0000e0      7.3834e0    -1.9986e1     -4.3699e0
  45  34     -6.8750e0      7.5084e0    -1.9820e1     -4.3284e0
  45  35     -6.7500e0      7.6334e0    -1.9654e1     -4.2870e0
  45  36     -6.6250e0      7.7584e0    -1.9487e1     -4.2456e0
  45  37     -6.5000e0      7.8834e0    -1.9321e1     -4.2043e0
  45  38     -6.3750e0      8.0084e0    -1.9155e1     -4.1630e0
  45  39     -6.2500e0      8.1334e0    -1.8988e1     -4.1218e0
  45  40     -6.1250e0      8.2584e0    -1.8822e1     -4.0807e0
  45  41     -6.0000e0      8.3834e0    -1.8656e1     -4.0397e0
  45  42     -5.8750e0      8.5084e0    -1.8490e1     -3.9988e0
  45  43     -5.7500e0      8.6334e0    -1.8325e1     -3.9581e0
  45  44     -5.6250e0      8.7584e0    -1.8159e1     -3.9175e0
  45  45     -5.5000e0      8.8834e0    -1.7994e1     -3.8772e0
  45  46     -5.3750e0      9.0084e0    -1.7829e1     -3.8372e0
  45  47     -5.2500e0      9.1334e0    -1.7664e1     -3.7974e0
  45  48     -5.1250e0      9.2584e0    -1.7500e1     -3.7581e0
  45  49     -5.0000e0      9.3834e0    -1.7336e1     -3.7192e0
  45  50     -4.8750e0      9.5084e0    -1.7172e1     -3.6808e0
  45  51     -4.7500e0      9.6334e0    -1.7010e1     -3.6430e0
  45  52     -4.6250e0      9.7584e0    -1.6848e1     -3.6060e0
  45  53     -4.5000e0      9.8834e0    -1.6686e1     -3.5698e0
  45  54     -4.3750e0      1.0008e1    -1.6526e1     -3.5346e0
  45  55     -4.2500e0      1.0133e1    -1.6367e1     -3.5007e0
  45  56     -4.1250e0      1.0258e1    -1.6210e1     -3.4681e0
  45  57     -4.0000e0      1.0383e1    -1.6054e1     -3.4371e0
  45  58     -3.8750e0      1.0508e1    -1.5900e1     -3.4079e0
  45  59     -3.7500e0      1.0633e1    -1.5748e1     -3.3809e0
  45  60     -3.6250e0      1.0758e1    -1.5598e1     -3.3564e0
  45  61     -3.5000e0      1.0883e1    -1.5451e1     -3.3347e0
  45  62     -3.3750e0      1.1008e1    -1.5308e1     -3.3163e0
  45  63     -3.2500e0      1.1133e1    -1.5168e1     -3.3014e0
  45  64     -3.1250e0      1.1258e1    -1.5032e1     -3.2907e0
  45  65     -3.0000e0      1.1383e1    -1.4901e1     -3.2844e0
  45  66     -2.8750e0      1.1508e1    -1.4775e1     -3.2833e0
  45  67     -2.7500e0      1.1633e1    -1.4654e1     -3.2877e0
  45  68     -2.6250e0      1.1758e1    -1.4540e1     -3.2981e0
  45  69     -2.5000e0      1.1883e1    -1.4432e1     -3.3152e0
  45  70     -2.3750e0      1.2008e1    -1.4331e1     -3.3395e0
  45  71     -2.2500e0      1.2133e1    -1.4238e1     -3.3714e0
  45  72     -2.1250e0      1.2258e1    -1.4153e1     -3.4114e0
  45  73     -2.0000e0      1.2383e1    -1.4077e1     -3.4600e0
  45  74     -1.8750e0      1.2508e1    -1.4009e1     -3.5175e0
  45  75     -1.7500e0      1.2633e1    -1.3951e1     -3.5843e0
  45  76     -1.6250e0      1.2758e1    -1.3902e1     -3.6605e0
  45  77     -1.5000e0      1.2883e1    -1.3863e1     -3.7462e0
  45  78     -1.3750e0      1.3008e1    -1.3833e1     -3.8416e0
  45  79     -1.2500e0      1.3133e1    -1.3813e1     -3.9465e0
  45  80     -1.1250e0      1.3258e1    -1.3802e1     -4.0608e0
  45  81     -1.0000e0      1.3383e1    -1.3801e1     -4.1841e0
  45  82    -8.7501e-1      1.3508e1    -1.3807e1     -4.3158e0
  45  83    -7.5001e-1      1.3633e1    -1.3821e1     -4.4548e0
  45  84    -6.2501e-1      1.3758e1    -1.3841e1     -4.5997e0
  45  85    -5.0001e-1      1.3883e1    -1.3865e1     -4.7481e0
  45  86    -3.7501e-1      1.4008e1    -1.3889e1     -4.8971e0
  45  87    -2.5001e-1      1.4133e1    -1.3910e1     -5.0433e0
  45  88    -1.2501e-1      1.4258e1    -1.3925e1     -5.1833e0
  45  89    -1.3724e-5      1.4383e1    -1.3931e1     -5.3148e0
  45  90     1.2499e-1      1.4508e1    -1.3929e1     -5.4371e0
  45  91     2.4999e-1      1.4633e1    -1.3918e1     -5.5511e0
  45  92     3.7499e-1      1.4758e1    -1.3900e1     -5.6589e0
  45  93     4.9999e-1      1.4883e1    -1.3879e1     -5.7629e0
  45  94     6.2499e-1      1.5008e1    -1.3857e1     -5.8652e0
  45  95     7.4999e-1      1.5133e1    -1.3834e1     -5.9676e0
  45  96     8.7499e-1      1.5258e1    -1.3813e1     -6.0710e0
  45  97     9.9999e-1      1.5383e1    -1.3793e1     -6.1761e0
  45  98      1.1250e0      1.5508e1    -1.3775e1     -6.2833e0
  45  99      1.2500e0      1.5633e1    -1.3759e1     -6.3927e0
  45 100      1.3750e0      1.5758e1    -1.3746e1     -6.5044e0
  45 101      1.5000e0      1.5883e1    -1.3735e1     -6.6184e0
  45 102      1.6250e0      1.6008e1    -1.3726e1     -6.7348e0
  45 103      1.7500e0      1.6133e1    -1.3720e1     -6.8534e0
  45 104      1.8750e0      1.6258e1    -1.3716e1     -6.9742e0
  45 105      2.0000e0      1.6383e1    -1.3714e1     -7.0970e0
  45 106      2.1250e0      1.6508e1    -1.3713e1     -7.2218e0
  45 107      2.2500e0      1.6633e1    -1.3715e1     -7.3488e0
  45 108      2.3750e0      1.6758e1    -1.3720e1     -7.4781e0
  45 109      2.5000e0      1.6883e1    -1.3727e1     -7.6099e0
  45 110      2.6250e0      1.7008e1    -1.3736e1     -7.7445e0
  45 111      2.7500e0      1.7133e1    -1.3748e1     -7.8819e0
  45 112      2.8750e0      1.7258e1    -1.3763e1     -8.0215e0
  45 113      3.0000e0      1.7383e1    -1.3779e1     -8.1626e0
  45 114      3.1250e0      1.7508e1    -1.3796e1     -8.3041e0
  45 115      3.2500e0      1.7633e1    -1.3812e1     -8.4451e0
  45 116      3.3750e0      1.7758e1    -1.3827e1     -8.5850e0
  45 117      3.5000e0      1.7883e1    -1.3840e1     -8.7238e0
  45 118      3.6250e0      1.8008e1    -1.3854e1     -8.8619e0
  45 119      3.7500e0      1.8133e1    -1.3866e1     -8.9998e0
  45 120      3.8750e0      1.8258e1    -1.3879e1     -9.1377e0
  45 121      4.0000e0      1.8383e1    -1.3892e1     -9.2758e0
  45 122      4.1250e0      1.8508e1    -1.3906e1     -9.4141e0
  45 123      4.2500e0      1.8633e1    -1.3919e1     -9.5526e0
  45 124      4.3750e0      1.8758e1    -1.3933e1     -9.6913e0
  45 125      4.5000e0      1.8883e1    -1.3947e1     -9.8300e0
  45 126      4.6250e0      1.9008e1    -1.3960e1     -9.9688e0
  45 127      4.7500e0      1.9133e1    -1.3974e1     -1.0107e1
  45 128      4.8750e0      1.9258e1    -1.3987e1     -1.0246e1
  45 129      5.0000e0      1.9383e1    -1.4000e1     -1.0384e1
  45 130      5.1250e0      1.9508e1    -1.4013e1     -1.0521e1
  45 131      5.2500e0      1.9633e1    -1.4026e1     -1.0659e1
  45 132      5.3750e0      1.9758e1    -1.4039e1     -1.0797e1
  45 133      5.5000e0      1.9883e1    -1.4052e1     -1.0935e1
  45 134      5.6250e0      2.0008e1    -1.4065e1     -1.1074e1
  45 135      5.7500e0      2.0133e1    -1.4079e1     -1.1213e1
  45 136      5.8750e0      2.0258e1    -1.4093e1     -1.1352e1
  45 137      6.0000e0      2.0383e1    -1.4108e1     -1.1492e1
  45 138      6.1250e0      2.0508e1    -1.4124e1     -1.1632e1
  45 139      6.2500e0      2.0633e1    -1.4139e1     -1.1773e1
  45 140      6.3750e0      2.0758e1    -1.4155e1     -1.1913e1
  45 141      6.5000e0      2.0883e1    -1.4170e1     -1.2053e1
  45 142      6.6250e0      2.1008e1    -1.4185e1     -1.2193e1
  45 143      6.7500e0      2.1133e1    -1.4199e1     -1.2333e1
  45 144      6.8750e0      2.1258e1    -1.4214e1     -1.2472e1
  45 145      7.0000e0      2.1383e1    -1.4228e1     -1.2611e1
  45 146      7.1250e0      2.1508e1    -1.4241e1     -1.2750e1
  45 147      7.2500e0      2.1633e1    -1.4255e1     -1.2888e1
  45 148      7.3750e0      2.1758e1    -1.4268e1     -1.3026e1
  45 149      7.5000e0      2.1883e1    -1.4282e1     -1.3165e1
  45 150      7.6250e0      2.2008e1    -1.4295e1     -1.3304e1
  45 151      7.7500e0      2.2133e1    -1.4309e1     -1.3443e1
  45 152      7.8750e0      2.2258e1    -1.4324e1     -1.3582e1
  45 153      8.0000e0      2.2383e1    -1.4339e1     -1.3722e1
  45 154      8.1250e0      2.2508e1    -1.4355e1     -1.3863e1
  45 155      8.2500e0      2.2633e1    -1.4371e1     -1.4004e1
  45 156      8.3750e0      2.2758e1    -1.4386e1     -1.4145e1
  45 157      8.5000e0      2.2883e1    -1.4402e1     -1.4285e1
  45 158      8.6250e0      2.3008e1    -1.4416e1     -1.4425e1
  45 159      8.7500e0      2.3133e1    -1.4431e1     -1.4564e1
  45 160      8.8750e0      2.3258e1    -1.4445e1     -1.4703e1
  45 161      9.0000e0      2.3383e1    -1.4459e1     -1.4843e1
  45 162      9.1250e0      2.3508e1    -1.4473e1     -1.4981e1
  45 163      9.2500e0      2.3633e1    -1.4487e1     -1.5120e1
  45 164      9.3750e0      2.3758e1    -1.4500e1     -1.5259e1
  45 165      9.5000e0      2.3883e1    -1.4515e1     -1.5398e1
  45 166      9.6250e0      2.4008e1    -1.4529e1     -1.5538e1
  45 167      9.7500e0      2.4133e1    -1.4544e1     -1.5678e1
  45 168      9.8750e0      2.4258e1    -1.4560e1     -1.5818e1
  45 169      1.0000e1      2.4383e1    -1.4577e1     -1.5960e1
  45 170      1.0125e1      2.4508e1    -1.4594e1     -1.6102e1
  45 171      1.0250e1      2.4633e1    -1.4611e1     -1.6244e1
  45 172      1.0375e1      2.4758e1    -1.4628e1     -1.6387e1
  45 173      1.0500e1      2.4883e1    -1.4645e1     -1.6529e1
  45 174      1.0625e1      2.5008e1    -1.4662e1     -1.6671e1
  45 175      1.0750e1      2.5133e1    -1.4679e1     -1.6813e1
  45 176      1.0875e1      2.5258e1    -1.4697e1     -1.6955e1
  45 177      1.1000e1      2.5383e1    -1.4715e1     -1.7098e1
  45 178      1.1125e1      2.5508e1    -1.4733e1     -1.7241e1
  45 179      1.1250e1      2.5633e1    -1.4751e1     -1.7384e1
  45 180      1.1375e1      2.5758e1    -1.4769e1     -1.7527e1
  45 181      1.1500e1      2.5883e1    -1.4787e1     -1.7671e1
  45 182      1.1625e1      2.6008e1    -1.4806e1     -1.7815e1
  45 183      1.1750e1      2.6133e1    -1.4827e1     -1.7960e1
  45 184      1.1875e1      2.6258e1    -1.4849e1     -1.8108e1
  45 185      1.2000e1      2.6383e1    -1.4875e1     -1.8259e1
  45 186      1.2125e1      2.6508e1    -1.4905e1     -1.8413e1
  45 187      1.2250e1      2.6633e1    -1.4938e1     -1.8571e1
  45 188      1.2375e1      2.6758e1    -1.4974e1     -1.8732e1
  45 189      1.2500e1      2.6883e1    -1.5012e1     -1.8895e1
  45 190      1.2625e1      2.7008e1    -1.5053e1     -1.9061e1
  45 191      1.2750e1      2.7133e1    -1.5095e1     -1.9229e1
  45 192      1.2875e1      2.7258e1    -1.5140e1     -1.9399e1
  45 193      1.3000e1      2.7383e1    -1.5187e1     -1.9571e1
  45 194      1.3125e1      2.7508e1    -1.5237e1     -1.9745e1
  45 195      1.3250e1      2.7633e1    -1.5291e1     -1.9924e1
  45 196      1.3375e1      2.7758e1    -1.5352e1     -2.0110e1
  45 197      1.3500e1      2.7883e1    -1.5423e1     -2.0306e1
  45 198      1.3625e1      2.8008e1    -1.5509e1     -2.0517e1
  45 199      1.3750e1      2.8133e1    -1.5612e1     -2.0746e1
  45 200      1.3875e1      2.8258e1    -1.5737e1     -2.0995e1
  45 201      1.4000e1      2.8383e1    -1.5883e1     -2.1267e1
  45 202      1.4125e1      2.8508e1    -1.6052e1     -2.1560e1
  45 203      1.4250e1      2.8633e1    -1.6243e1     -2.1876e1
  45 204      1.4375e1      2.8758e1    -1.6459e1     -2.2217e1
  45 205      1.4500e1      2.8883e1    -1.6717e1     -2.2600e1
  45 206      1.4625e1      2.9008e1    -1.7035e1     -2.3044e1
  45 207      1.4750e1      2.9133e1    -1.7441e1     -2.3574e1
  45 208      1.4875e1      2.9258e1    -1.7968e1     -2.4226e1
  45 209      1.5000e1      2.9383e1    -1.8692e1     -2.5076e1
            log10(eV)     log10(Hz)    log10(nuFnu)  log10(Jy)

i_tm =  46;  t_obs =      3.673e5
  46   1     -1.1000e1      3.3834e0    -2.5267e1     -5.6500e0
  46   2     -1.0875e1      3.5084e0    -2.5100e1     -5.6083e0
  46   3     -1.0750e1      3.6334e0    -2.4933e1     -5.5667e0
  46   4     -1.0625e1      3.7584e0    -2.4767e1     -5.5250e0
  46   5     -1.0500e1      3.8834e0    -2.4600e1     -5.4834e0
  46   6     -1.0375e1      4.0084e0    -2.4433e1     -5.4417e0
  46   7     -1.0250e1      4.1334e0    -2.4267e1     -5.4000e0
  46   8     -1.0125e1      4.2584e0    -2.4100e1     -5.3584e0
  46   9     -1.0000e1      4.3834e0    -2.3933e1     -5.3168e0
  46  10     -9.8750e0      4.5084e0    -2.3767e1     -5.2751e0
  46  11     -9.7500e0      4.6334e0    -2.3600e1     -5.2335e0
  46  12     -9.6250e0      4.7584e0    -2.3433e1     -5.1919e0
  46  13     -9.5000e0      4.8834e0    -2.3267e1     -5.1503e0
  46  14     -9.3750e0      5.0084e0    -2.3100e1     -5.1087e0
  46  15     -9.2500e0      5.1334e0    -2.2934e1     -5.0672e0
  46  16     -9.1250e0      5.2584e0    -2.2767e1     -5.0256e0
  46  17     -9.0000e0      5.3834e0    -2.2601e1     -4.9841e0
  46  18     -8.8750e0      5.5084e0    -2.2434e1     -4.9426e0
  46  19     -8.7500e0      5.6334e0    -2.2268e1     -4.9012e0
  46  20     -8.6250e0      5.7584e0    -2.2101e1     -4.8597e0
  46  21     -8.5000e0      5.8834e0    -2.1935e1     -4.8183e0
  46  22     -8.3750e0      6.0084e0    -2.1768e1     -4.7769e0
  46  23     -8.2500e0      6.1334e0    -2.1602e1     -4.7355e0
  46  24     -8.1250e0      6.2584e0    -2.1436e1     -4.6940e0
  46  25     -8.0000e0      6.3834e0    -2.1269e1     -4.6526e0
  46  26     -7.8750e0      6.5084e0    -2.1103e1     -4.6112e0
  46  27     -7.7500e0      6.6334e0    -2.0936e1     -4.5697e0
  46  28     -7.6250e0      6.7584e0    -2.0770e1     -4.5282e0
  46  29     -7.5000e0      6.8834e0    -2.0603e1     -4.4867e0
  46  30     -7.3750e0      7.0084e0    -2.0437e1     -4.4453e0
  46  31     -7.2500e0      7.1334e0    -2.0270e1     -4.4038e0
  46  32     -7.1250e0      7.2584e0    -2.0104e1     -4.3623e0
  46  33     -7.0000e0      7.3834e0    -1.9937e1     -4.3209e0
  46  34     -6.8750e0      7.5084e0    -1.9771e1     -4.2794e0
  46  35     -6.7500e0      7.6334e0    -1.9605e1     -4.2381e0
  46  36     -6.6250e0      7.7584e0    -1.9438e1     -4.1967e0
  46  37     -6.5000e0      7.8834e0    -1.9272e1     -4.1555e0
  46  38     -6.3750e0      8.0084e0    -1.9106e1     -4.1143e0
  46  39     -6.2500e0      8.1334e0    -1.8940e1     -4.0732e0
  46  40     -6.1250e0      8.2584e0    -1.8774e1     -4.0322e0
  46  41     -6.0000e0      8.3834e0    -1.8608e1     -3.9914e0
  46  42     -5.8750e0      8.5084e0    -1.8442e1     -3.9507e0
  46  43     -5.7500e0      8.6334e0    -1.8277e1     -3.9102e0
  46  44     -5.6250e0      8.7584e0    -1.8112e1     -3.8699e0
  46  45     -5.5000e0      8.8834e0    -1.7947e1     -3.8299e0
  46  46     -5.3750e0      9.0084e0    -1.7782e1     -3.7903e0
  46  47     -5.2500e0      9.1334e0    -1.7618e1     -3.7510e0
  46  48     -5.1250e0      9.2584e0    -1.7454e1     -3.7122e0
  46  49     -5.0000e0      9.3834e0    -1.7291e1     -3.6739e0
  46  50     -4.8750e0      9.5084e0    -1.7128e1     -3.6363e0
  46  51     -4.7500e0      9.6334e0    -1.6966e1     -3.5994e0
  46  52     -4.6250e0      9.7584e0    -1.6805e1     -3.5635e0
  46  53     -4.5000e0      9.8834e0    -1.6645e1     -3.5285e0
  46  54     -4.3750e0      1.0008e1    -1.6486e1     -3.4948e0
  46  55     -4.2500e0      1.0133e1    -1.6329e1     -3.4626e0
  46  56     -4.1250e0      1.0258e1    -1.6174e1     -3.4319e0
  46  57     -4.0000e0      1.0383e1    -1.6020e1     -3.4032e0
  46  58     -3.8750e0      1.0508e1    -1.5868e1     -3.3767e0
  46  59     -3.7500e0      1.0633e1    -1.5719e1     -3.3528e0
  46  60     -3.6250e0      1.0758e1    -1.5573e1     -3.3317e0
  46  61     -3.5000e0      1.0883e1    -1.5431e1     -3.3139e0
  46  62     -3.3750e0      1.1008e1    -1.5291e1     -3.2999e0
  46  63     -3.2500e0      1.1133e1    -1.5157e1     -3.2900e0
  46  64     -3.1250e0      1.1258e1    -1.5026e1     -3.2847e0
  46  65     -3.0000e0      1.1383e1    -1.4901e1     -3.2846e0
  46  66     -2.8750e0      1.1508e1    -1.4782e1     -3.2901e0
  46  67     -2.7500e0      1.1633e1    -1.4668e1     -3.3018e0
  46  68     -2.6250e0      1.1758e1    -1.4562e1     -3.3202e0
  46  69     -2.5000e0      1.1883e1    -1.4462e1     -3.3458e0
  46  70     -2.3750e0      1.2008e1    -1.4371e1     -3.3791e0
  46  71     -2.2500e0      1.2133e1    -1.4287e1     -3.4206e0
  46  72     -2.1250e0      1.2258e1    -1.4212e1     -3.4707e0
  46  73     -2.0000e0      1.2383e1    -1.4146e1     -3.5297e0
  46  74     -1.8750e0      1.2508e1    -1.4089e1     -3.5979e0
  46  75     -1.7500e0      1.2633e1    -1.4042e1     -3.6755e0
  46  76     -1.6250e0      1.2758e1    -1.4004e1     -3.7626e0
  46  77     -1.5000e0      1.2883e1    -1.3976e1     -3.8592e0
  46  78     -1.3750e0      1.3008e1    -1.3957e1     -3.9653e0
  46  79     -1.2500e0      1.3133e1    -1.3947e1     -4.0807e0
  46  80     -1.1250e0      1.3258e1    -1.3946e1     -4.2048e0
  46  81     -1.0000e0      1.3383e1    -1.3954e1     -4.3371e0
  46  82    -8.7501e-1      1.3508e1    -1.3968e1     -4.4765e0
  46  83    -7.5001e-1      1.3633e1    -1.3988e1     -4.6211e0
  46  84    -6.2501e-1      1.3758e1    -1.4010e1     -4.7687e0
  46  85    -5.0001e-1      1.3883e1    -1.4033e1     -4.9161e0
  46  86    -3.7501e-1      1.4008e1    -1.4051e1     -5.0599e0
  46  87    -2.5001e-1      1.4133e1    -1.4064e1     -5.1969e0
  46  88    -1.2501e-1      1.4258e1    -1.4067e1     -5.3253e0
  46  89    -1.3724e-5      1.4383e1    -1.4061e1     -5.4444e0
  46  90     1.2499e-1      1.4508e1    -1.4047e1     -5.5557e0
  46  91     2.4999e-1      1.4633e1    -1.4028e1     -5.6611e0
  46  92     3.7499e-1      1.4758e1    -1.4005e1     -5.7631e0
  46  93     4.9999e-1      1.4883e1    -1.3980e1     -5.8637e0
  46  94     6.2499e-1      1.5008e1    -1.3956e1     -5.9644e0
  46  95     7.4999e-1      1.5133e1    -1.3933e1     -6.0663e0
  46  96     8.7499e-1      1.5258e1    -1.3911e1     -6.1699e0
  46  97     9.9999e-1      1.5383e1    -1.3892e1     -6.2755e0
  46  98      1.1250e0      1.5508e1    -1.3875e1     -6.3833e0
  46  99      1.2500e0      1.5633e1    -1.3860e1     -6.4933e0
  46 100      1.3750e0      1.5758e1    -1.3847e1     -6.6056e0
  46 101      1.5000e0      1.5883e1    -1.3837e1     -6.7201e0
  46 102      1.6250e0      1.6008e1    -1.3828e1     -6.8368e0
  46 103      1.7500e0      1.6133e1    -1.3822e1     -6.9557e0
  46 104      1.8750e0      1.6258e1    -1.3818e1     -7.0766e0
  46 105      2.0000e0      1.6383e1    -1.3816e1     -7.1994e0
  46 106      2.1250e0      1.6508e1    -1.3816e1     -7.3243e0
  46 107      2.2500e0      1.6633e1    -1.3818e1     -7.4513e0
  46 108      2.3750e0      1.6758e1    -1.3822e1     -7.5807e0
  46 109      2.5000e0      1.6883e1    -1.3829e1     -7.7127e0
  46 110      2.6250e0      1.7008e1    -1.3839e1     -7.8474e0
  46 111      2.7500e0      1.7133e1    -1.3851e1     -7.9849e0
  46 112      2.8750e0      1.7258e1    -1.3866e1     -8.1245e0
  46 113      3.0000e0      1.7383e1    -1.3882e1     -8.2656e0
  46 114      3.1250e0      1.7508e1    -1.3898e1     -8.4069e0
  46 115      3.2500e0      1.7633e1    -1.3914e1     -8.5476e0
  46 116      3.3750e0      1.7758e1    -1.3929e1     -8.6873e0
  46 117      3.5000e0      1.7883e1    -1.3943e1     -8.8261e0
  46 118      3.6250e0      1.8008e1    -1.3956e1     -8.9645e0
  46 119      3.7500e0      1.8133e1    -1.3969e1     -9.1028e0
  46 120      3.8750e0      1.8258e1    -1.3983e1     -9.2414e0
  46 121      4.0000e0      1.8383e1    -1.3997e1     -9.3803e0
  46 122      4.1250e0      1.8508e1    -1.4011e1     -9.5195e0
  46 123      4.2500e0      1.8633e1    -1.4025e1     -9.6588e0
  46 124      4.3750e0      1.8758e1    -1.4040e1     -9.7983e0
  46 125      4.5000e0      1.8883e1    -1.4054e1     -9.9377e0
  46 126      4.6250e0      1.9008e1    -1.4069e1     -1.0077e1
  46 127      4.7500e0      1.9133e1    -1.4082e1     -1.0216e1
  46 128      4.8750e0      1.9258e1    -1.4095e1     -1.0354e1
  46 129      5.0000e0      1.9383e1    -1.4108e1     -1.0492e1
  46 130      5.1250e0      1.9508e1    -1.4121e1     -1.0629e1
  46 131      5.2500e0      1.9633e1    -1.4134e1     -1.0767e1
  46 132      5.3750e0      1.9758e1    -1.4147e1     -1.0905e1
  46 133      5.5000e0      1.9883e1    -1.4160e1     -1.1043e1
  46 134      5.6250e0      2.0008e1    -1.4173e1     -1.1182e1
  46 135      5.7500e0      2.0133e1    -1.4187e1     -1.1320e1
  46 136      5.8750e0      2.0258e1    -1.4201e1     -1.1460e1
  46 137      6.0000e0      2.0383e1    -1.4216e1     -1.1599e1
  46 138      6.1250e0      2.0508e1    -1.4231e1     -1.1740e1
  46 139      6.2500e0      2.0633e1    -1.4247e1     -1.1880e1
  46 140      6.3750e0      2.0758e1    -1.4263e1     -1.2021e1
  46 141      6.5000e0      2.0883e1    -1.4278e1     -1.2161e1
  46 142      6.6250e0      2.1008e1    -1.4293e1     -1.2301e1
  46 143      6.7500e0      2.1133e1    -1.4307e1     -1.2440e1
  46 144      6.8750e0      2.1258e1    -1.4321e1     -1.2580e1
  46 145      7.0000e0      2.1383e1    -1.4335e1     -1.2718e1
  46 146      7.1250e0      2.1508e1    -1.4349e1     -1.2857e1
  46 147      7.2500e0      2.1633e1    -1.4362e1     -1.2995e1
  46 148      7.3750e0      2.1758e1    -1.4376e1     -1.3134e1
  46 149      7.5000e0      2.1883e1    -1.4389e1     -1.3272e1
  46 150      7.6250e0      2.2008e1    -1.4403e1     -1.3411e1
  46 151      7.7500e0      2.2133e1    -1.4417e1     -1.3550e1
  46 152      7.8750e0      2.2258e1    -1.4432e1     -1.3690e1
  46 153      8.0000e0      2.2383e1    -1.4447e1     -1.3831e1
  46 154      8.1250e0      2.2508e1    -1.4463e1     -1.3971e1
  46 155      8.2500e0      2.2633e1    -1.4479e1     -1.4112e1
  46 156      8.3750e0      2.2758e1    -1.4494e1     -1.4253e1
  46 157      8.5000e0      2.2883e1    -1.4509e1     -1.4393e1
  46 158      8.6250e0      2.3008e1    -1.4524e1     -1.4533e1
  46 159      8.7500e0      2.3133e1    -1.4538e1     -1.4672e1
  46 160      8.8750e0      2.3258e1    -1.4553e1     -1.4811e1
  46 161      9.0000e0      2.3383e1    -1.4566e1     -1.4950e1
  46 162      9.1250e0      2.3508e1    -1.4580e1     -1.5088e1
  46 163      9.2500e0      2.3633e1    -1.4594e1     -1.5227e1
  46 164      9.3750e0      2.3758e1    -1.4608e1     -1.5366e1
  46 165      9.5000e0      2.3883e1    -1.4622e1     -1.5506e1
  46 166      9.6250e0      2.4008e1    -1.4637e1     -1.5645e1
  46 167      9.7500e0      2.4133e1    -1.4652e1     -1.5785e1
  46 168      9.8750e0      2.4258e1    -1.4668e1     -1.5926e1
  46 169      1.0000e1      2.4383e1    -1.4684e1     -1.6068e1
  46 170      1.0125e1      2.4508e1    -1.4701e1     -1.6210e1
  46 171      1.0250e1      2.4633e1    -1.4719e1     -1.6352e1
  46 172      1.0375e1      2.4758e1    -1.4736e1     -1.6495e1
  46 173      1.0500e1      2.4883e1    -1.4754e1     -1.6637e1
  46 174      1.0625e1      2.5008e1    -1.4771e1     -1.6779e1
  46 175      1.0750e1      2.5133e1    -1.4789e1     -1.6922e1
  46 176      1.0875e1      2.5258e1    -1.4807e1     -1.7065e1
  46 177      1.1000e1      2.5383e1    -1.4825e1     -1.7209e1
  46 178      1.1125e1      2.5508e1    -1.4844e1     -1.7352e1
  46 179      1.1250e1      2.5633e1    -1.4863e1     -1.7496e1
  46 180      1.1375e1      2.5758e1    -1.4882e1     -1.7641e1
  46 181      1.1500e1      2.5883e1    -1.4902e1     -1.7785e1
  46 182      1.1625e1      2.6008e1    -1.4922e1     -1.7930e1
  46 183      1.1750e1      2.6133e1    -1.4944e1     -1.8077e1
  46 184      1.1875e1      2.6258e1    -1.4968e1     -1.8227e1
  46 185      1.2000e1      2.6383e1    -1.4996e1     -1.8380e1
  46 186      1.2125e1      2.6508e1    -1.5027e1     -1.8535e1
  46 187      1.2250e1      2.6633e1    -1.5060e1     -1.8694e1
  46 188      1.2375e1      2.6758e1    -1.5097e1     -1.8855e1
  46 189      1.2500e1      2.6883e1    -1.5135e1     -1.9019e1
  46 190      1.2625e1      2.7008e1    -1.5176e1     -1.9185e1
  46 191      1.2750e1      2.7133e1    -1.5220e1     -1.9353e1
  46 192      1.2875e1      2.7258e1    -1.5266e1     -1.9524e1
  46 193      1.3000e1      2.7383e1    -1.5315e1     -1.9698e1
  46 194      1.3125e1      2.7508e1    -1.5367e1     -1.9875e1
  46 195      1.3250e1      2.7633e1    -1.5423e1     -2.0057e1
  46 196      1.3375e1      2.7758e1    -1.5489e1     -2.0247e1
  46 197      1.3500e1      2.7883e1    -1.5566e1     -2.0450e1
  46 198      1.3625e1      2.8008e1    -1.5661e1     -2.0670e1
  46 199      1.3750e1      2.8133e1    -1.5779e1     -2.0912e1
  46 200      1.3875e1      2.8258e1    -1.5921e1     -2.1179e1
  46 201      1.4000e1      2.8383e1    -1.6090e1     -2.1473e1
  46 202      1.4125e1      2.8508e1    -1.6290e1     -2.1798e1
  46 203      1.4250e1      2.8633e1    -1.6525e1     -2.2158e1
  46 204      1.4375e1      2.8758e1    -1.6791e1     -2.2549e1
  46 205      1.4500e1      2.8883e1    -1.7104e1     -2.2987e1
  46 206      1.4625e1      2.9008e1    -1.7500e1     -2.3509e1
  46 207      1.4750e1      2.9133e1    -1.8025e1     -2.4158e1
  46 208      1.4875e1      2.9258e1    -1.8698e1     -2.4957e1
  46 209      1.5000e1      2.9383e1    -1.9572e1     -2.5955e1
            log10(eV)     log10(Hz)    log10(nuFnu)  log10(Jy)

i_tm =  47;  t_obs =      4.640e5
  47   1     -1.1000e1      3.3834e0    -2.5217e1     -5.6008e0
  47   2     -1.0875e1      3.5084e0    -2.5051e1     -5.5591e0
  47   3     -1.0750e1      3.6334e0    -2.4884e1     -5.5174e0
  47   4     -1.0625e1      3.7584e0    -2.4717e1     -5.4758e0
  47   5     -1.0500e1      3.8834e0    -2.4551e1     -5.4341e0
  47   6     -1.0375e1      4.0084e0    -2.4384e1     -5.3925e0
  47   7     -1.0250e1      4.1334e0    -2.4217e1     -5.3508e0
  47   8     -1.0125e1      4.2584e0    -2.4051e1     -5.3092e0
  47   9     -1.0000e1      4.3834e0    -2.3884e1     -5.2676e0
  47  10     -9.8750e0      4.5084e0    -2.3718e1     -5.2259e0
  47  11     -9.7500e0      4.6334e0    -2.3551e1     -5.1843e0
  47  12     -9.6250e0      4.7584e0    -2.3384e1     -5.1427e0
  47  13     -9.5000e0      4.8834e0    -2.3218e1     -5.1012e0
  47  14     -9.3750e0      5.0084e0    -2.3051e1     -5.0596e0
  47  15     -9.2500e0      5.1334e0    -2.2885e1     -5.0181e0
  47  16     -9.1250e0      5.2584e0    -2.2718e1     -4.9766e0
  47  17     -9.0000e0      5.3834e0    -2.2552e1     -4.9351e0
  47  18     -8.8750e0      5.5084e0    -2.2385e1     -4.8937e0
  47  19     -8.7500e0      5.6334e0    -2.2219e1     -4.8522e0
  47  20     -8.6250e0      5.7584e0    -2.2052e1     -4.8108e0
  47  21     -8.5000e0      5.8834e0    -2.1886e1     -4.7694e0
  47  22     -8.3750e0      6.0084e0    -2.1720e1     -4.7279e0
  47  23     -8.2500e0      6.1334e0    -2.1553e1     -4.6865e0
  47  24     -8.1250e0      6.2584e0    -2.1387e1     -4.6451e0
  47  25     -8.0000e0      6.3834e0    -2.1220e1     -4.6036e0
  47  26     -7.8750e0      6.5084e0    -2.1054e1     -4.5622e0
  47  27     -7.7500e0      6.6334e0    -2.0887e1     -4.5207e0
  47  28     -7.6250e0      6.7584e0    -2.0721e1     -4.4792e0
  47  29     -7.5000e0      6.8834e0    -2.0554e1     -4.4377e0
  47  30     -7.3750e0      7.0084e0    -2.0388e1     -4.3962e0
  47  31     -7.2500e0      7.1334e0    -2.0221e1     -4.3548e0
  47  32     -7.1250e0      7.2584e0    -2.0055e1     -4.3133e0
  47  33     -7.0000e0      7.3834e0    -1.9889e1     -4.2719e0
  47  34     -6.8750e0      7.5084e0    -1.9722e1     -4.2306e0
  47  35     -6.7500e0      7.6334e0    -1.9556e1     -4.1892e0
  47  36     -6.6250e0      7.7584e0    -1.9390e1     -4.1480e0
  47  37     -6.5000e0      7.8834e0    -1.9223e1     -4.1068e0
  47  38     -6.3750e0      8.0084e0    -1.9057e1     -4.0658e0
  47  39     -6.2500e0      8.1334e0    -1.8891e1     -4.0248e0
  47  40     -6.1250e0      8.2584e0    -1.8726e1     -3.9840e0
  47  41     -6.0000e0      8.3834e0    -1.8560e1     -3.9433e0
  47  42     -5.8750e0      8.5084e0    -1.8394e1     -3.9029e0
  47  43     -5.7500e0      8.6334e0    -1.8229e1     -3.8627e0
  47  44     -5.6250e0      8.7584e0    -1.8064e1     -3.8228e0
  47  45     -5.5000e0      8.8834e0    -1.7900e1     -3.7832e0
  47  46     -5.3750e0      9.0084e0    -1.7736e1     -3.7440e0
  47  47     -5.2500e0      9.1334e0    -1.7572e1     -3.7053e0
  47  48     -5.1250e0      9.2584e0    -1.7409e1     -3.6672e0
  47  49     -5.0000e0      9.3834e0    -1.7246e1     -3.6297e0
  47  50     -4.8750e0      9.5084e0    -1.7085e1     -3.5930e0
  47  51     -4.7500e0      9.6334e0    -1.6924e1     -3.5573e0
  47  52     -4.6250e0      9.7584e0    -1.6764e1     -3.5226e0
  47  53     -4.5000e0      9.8834e0    -1.6606e1     -3.4892e0
  47  54     -4.3750e0      1.0008e1    -1.6449e1     -3.4572e0
  47  55     -4.2500e0      1.0133e1    -1.6294e1     -3.4269e0
  47  56     -4.1250e0      1.0258e1    -1.6140e1     -3.3987e0
  47  57     -4.0000e0      1.0383e1    -1.5989e1     -3.3727e0
  47  58     -3.8750e0      1.0508e1    -1.5841e1     -3.3493e0
  47  59     -3.7500e0      1.0633e1    -1.5695e1     -3.3289e0
  47  60     -3.6250e0      1.0758e1    -1.5553e1     -3.3118e0
  47  61     -3.5000e0      1.0883e1    -1.5415e1     -3.2986e0
  47  62     -3.3750e0      1.1008e1    -1.5281e1     -3.2895e0
  47  63     -3.2500e0      1.1133e1    -1.5152e1     -3.2853e0
  47  64     -3.1250e0      1.1258e1    -1.5028e1     -3.2862e0
  47  65     -3.0000e0      1.1383e1    -1.4909e1     -3.2929e0
  47  66     -2.8750e0      1.1508e1    -1.4797e1     -3.3058e0
  47  67     -2.7500e0      1.1633e1    -1.4692e1     -3.3255e0
  47  68     -2.6250e0      1.1758e1    -1.4594e1     -3.3524e0
  47  69     -2.5000e0      1.1883e1    -1.4504e1     -3.3872e0
  47  70     -2.3750e0      1.2008e1    -1.4422e1     -3.4301e0
  47  71     -2.2500e0      1.2133e1    -1.4348e1     -3.4817e0
  47  72     -2.1250e0      1.2258e1    -1.4284e1     -3.5421e0
  47  73     -2.0000e0      1.2383e1    -1.4228e1     -3.6118e0
  47  74     -1.8750e0      1.2508e1    -1.4182e1     -3.6908e0
  47  75     -1.7500e0      1.2633e1    -1.4146e1     -3.7793e0
  47  76     -1.6250e0      1.2758e1    -1.4119e1     -3.8773e0
  47  77     -1.5000e0      1.2883e1    -1.4101e1     -3.9846e0
  47  78     -1.3750e0      1.3008e1    -1.4093e1     -4.1011e0
  47  79     -1.2500e0      1.3133e1    -1.4093e1     -4.2263e0
  47  80     -1.1250e0      1.3258e1    -1.4101e1     -4.3594e0
  47  81     -1.0000e0      1.3383e1    -1.4116e1     -4.4992e0
  47  82    -8.7501e-1      1.3508e1    -1.4136e1     -4.6440e0
  47  83    -7.5001e-1      1.3633e1    -1.4158e1     -4.7911e0
  47  84    -6.2501e-1      1.3758e1    -1.4179e1     -4.9374e0
  47  85    -5.0001e-1      1.3883e1    -1.4196e1     -5.0794e0
  47  86    -3.7501e-1      1.4008e1    -1.4206e1     -5.2141e0
  47  87    -2.5001e-1      1.4133e1    -1.4206e1     -5.3398e0
  47  88    -1.2501e-1      1.4258e1    -1.4198e1     -5.4564e0
  47  89    -1.3724e-5      1.4383e1    -1.4182e1     -5.5652e0
  47  90     1.2499e-1      1.4508e1    -1.4160e1     -5.6684e0
  47  91     2.4999e-1      1.4633e1    -1.4135e1     -5.7685e0
  47  92     3.7499e-1      1.4758e1    -1.4109e1     -5.8674e0
  47  93     4.9999e-1      1.4883e1    -1.4083e1     -5.9667e0
  47  94     6.2499e-1      1.5008e1    -1.4059e1     -6.0671e0
  47  95     7.4999e-1      1.5133e1    -1.4036e1     -6.1693e0
  47  96     8.7499e-1      1.5258e1    -1.4015e1     -6.2736e0
  47  97     9.9999e-1      1.5383e1    -1.3997e1     -6.3800e0
  47  98      1.1250e0      1.5508e1    -1.3980e1     -6.4888e0
  47  99      1.2500e0      1.5633e1    -1.3966e1     -6.5999e0
  47 100      1.3750e0      1.5758e1    -1.3955e1     -6.7132e0
  47 101      1.5000e0      1.5883e1    -1.3945e1     -6.8289e0
  47 102      1.6250e0      1.6008e1    -1.3938e1     -6.9467e0
  47 103      1.7500e0      1.6133e1    -1.3933e1     -7.0667e0
  47 104      1.8750e0      1.6258e1    -1.3930e1     -7.1886e0
  47 105      2.0000e0      1.6383e1    -1.3929e1     -7.3124e0
  47 106      2.1250e0      1.6508e1    -1.3930e1     -7.4382e0
  47 107      2.2500e0      1.6633e1    -1.3933e1     -7.5660e0
  47 108      2.3750e0      1.6758e1    -1.3938e1     -7.6963e0
  47 109      2.5000e0      1.6883e1    -1.3946e1     -7.8291e0
  47 110      2.6250e0      1.7008e1    -1.3956e1     -7.9648e0
  47 111      2.7500e0      1.7133e1    -1.3970e1     -8.1031e0
  47 112      2.8750e0      1.7258e1    -1.3985e1     -8.2434e0
  47 113      3.0000e0      1.7383e1    -1.4001e1     -8.3849e0
  47 114      3.1250e0      1.7508e1    -1.4018e1     -8.5262e0
  47 115      3.2500e0      1.7633e1    -1.4033e1     -8.6667e0
  47 116      3.3750e0      1.7758e1    -1.4048e1     -8.8060e0
  47 117      3.5000e0      1.7883e1    -1.4061e1     -8.9444e0
  47 118      3.6250e0      1.8008e1    -1.4074e1     -9.0823e0
  47 119      3.7500e0      1.8133e1    -1.4087e1     -9.2202e0
  47 120      3.8750e0      1.8258e1    -1.4100e1     -9.3583e0
  47 121      4.0000e0      1.8383e1    -1.4113e1     -9.4966e0
  47 122      4.1250e0      1.8508e1    -1.4127e1     -9.6351e0
  47 123      4.2500e0      1.8633e1    -1.4140e1     -9.7738e0
  47 124      4.3750e0      1.8758e1    -1.4154e1     -9.9126e0
  47 125      4.5000e0      1.8883e1    -1.4168e1     -1.0051e1
  47 126      4.6250e0      1.9008e1    -1.4182e1     -1.0190e1
  47 127      4.7500e0      1.9133e1    -1.4195e1     -1.0329e1
  47 128      4.8750e0      1.9258e1    -1.4208e1     -1.0467e1
  47 129      5.0000e0      1.9383e1    -1.4221e1     -1.0604e1
  47 130      5.1250e0      1.9508e1    -1.4233e1     -1.0742e1
  47 131      5.2500e0      1.9633e1    -1.4246e1     -1.0879e1
  47 132      5.3750e0      1.9758e1    -1.4258e1     -1.1017e1
  47 133      5.5000e0      1.9883e1    -1.4271e1     -1.1155e1
  47 134      5.6250e0      2.0008e1    -1.4285e1     -1.1293e1
  47 135      5.7500e0      2.0133e1    -1.4299e1     -1.1432e1
  47 136      5.8750e0      2.0258e1    -1.4313e1     -1.1572e1
  47 137      6.0000e0      2.0383e1    -1.4328e1     -1.1712e1
  47 138      6.1250e0      2.0508e1    -1.4344e1     -1.1852e1
  47 139      6.2500e0      2.0633e1    -1.4360e1     -1.1993e1
  47 140      6.3750e0      2.0758e1    -1.4375e1     -1.2133e1
  47 141      6.5000e0      2.0883e1    -1.4390e1     -1.2274e1
  47 142      6.6250e0      2.1008e1    -1.4405e1     -1.2413e1
  47 143      6.7500e0      2.1133e1    -1.4420e1     -1.2553e1
  47 144      6.8750e0      2.1258e1    -1.4434e1     -1.2692e1
  47 145      7.0000e0      2.1383e1    -1.4448e1     -1.2831e1
  47 146      7.1250e0      2.1508e1    -1.4461e1     -1.2970e1
  47 147      7.2500e0      2.1633e1    -1.4474e1     -1.3108e1
  47 148      7.3750e0      2.1758e1    -1.4488e1     -1.3246e1
  47 149      7.5000e0      2.1883e1    -1.4501e1     -1.3384e1
  47 150      7.6250e0      2.2008e1    -1.4515e1     -1.3523e1
  47 151      7.7500e0      2.2133e1    -1.4529e1     -1.3662e1
  47 152      7.8750e0      2.2258e1    -1.4544e1     -1.3802e1
  47 153      8.0000e0      2.2383e1    -1.4559e1     -1.3943e1
  47 154      8.1250e0      2.2508e1    -1.4575e1     -1.4084e1
  47 155      8.2500e0      2.2633e1    -1.4591e1     -1.4225e1
  47 156      8.3750e0      2.2758e1    -1.4607e1     -1.4365e1
  47 157      8.5000e0      2.2883e1    -1.4622e1     -1.4505e1
  47 158      8.6250e0      2.3008e1    -1.4637e1     -1.4645e1
  47 159      8.7500e0      2.3133e1    -1.4651e1     -1.4784e1
  47 160      8.8750e0      2.3258e1    -1.4665e1     -1.4924e1
  47 161      9.0000e0      2.3383e1    -1.4679e1     -1.5063e1
  47 162      9.1250e0      2.3508e1    -1.4693e1     -1.5201e1
  47 163      9.2500e0      2.3633e1    -1.4707e1     -1.5340e1
  47 164      9.3750e0      2.3758e1    -1.4721e1     -1.5479e1
  47 165      9.5000e0      2.3883e1    -1.4735e1     -1.5619e1
  47 166      9.6250e0      2.4008e1    -1.4750e1     -1.5759e1
  47 167      9.7500e0      2.4133e1    -1.4766e1     -1.5899e1
  47 168      9.8750e0      2.4258e1    -1.4782e1     -1.6041e1
  47 169      1.0000e1      2.4383e1    -1.4799e1     -1.6182e1
  47 170      1.0125e1      2.4508e1    -1.4816e1     -1.6325e1
  47 171      1.0250e1      2.4633e1    -1.4834e1     -1.6467e1
  47 172      1.0375e1      2.4758e1    -1.4851e1     -1.6609e1
  47 173      1.0500e1      2.4883e1    -1.4868e1     -1.6751e1
  47 174      1.0625e1      2.5008e1    -1.4885e1     -1.6894e1
  47 175      1.0750e1      2.5133e1    -1.4903e1     -1.7036e1
  47 176      1.0875e1      2.5258e1    -1.4921e1     -1.7179e1
  47 177      1.1000e1      2.5383e1    -1.4939e1     -1.7323e1
  47 178      1.1125e1      2.5508e1    -1.4957e1     -1.7466e1
  47 179      1.1250e1      2.5633e1    -1.4976e1     -1.7609e1
  47 180      1.1375e1      2.5758e1    -1.4994e1     -1.7753e1
  47 181      1.1500e1      2.5883e1    -1.5013e1     -1.7896e1
  47 182      1.1625e1      2.6008e1    -1.5033e1     -1.8042e1
  47 183      1.1750e1      2.6133e1    -1.5056e1     -1.8189e1
  47 184      1.1875e1      2.6258e1    -1.5081e1     -1.8340e1
  47 185      1.2000e1      2.6383e1    -1.5110e1     -1.8494e1
  47 186      1.2125e1      2.6508e1    -1.5143e1     -1.8651e1
  47 187      1.2250e1      2.6633e1    -1.5179e1     -1.8813e1
  47 188      1.2375e1      2.6758e1    -1.5219e1     -1.8977e1
  47 189      1.2500e1      2.6883e1    -1.5260e1     -1.9143e1
  47 190      1.2625e1      2.7008e1    -1.5304e1     -1.9313e1
  47 191      1.2750e1      2.7133e1    -1.5350e1     -1.9484e1
  47 192      1.2875e1      2.7258e1    -1.5399e1     -1.9657e1
  47 193      1.3000e1      2.7383e1    -1.5450e1     -1.9833e1
  47 194      1.3125e1      2.7508e1    -1.5504e1     -2.0013e1
  47 195      1.3250e1      2.7633e1    -1.5564e1     -2.0198e1
  47 196      1.3375e1      2.7758e1    -1.5634e1     -2.0393e1
  47 197      1.3500e1      2.7883e1    -1.5719e1     -2.0602e1
  47 198      1.3625e1      2.8008e1    -1.5823e1     -2.0832e1
  47 199      1.3750e1      2.8133e1    -1.5953e1     -2.1086e1
  47 200      1.3875e1      2.8258e1    -1.6113e1     -2.1372e1
  47 201      1.4000e1      2.8383e1    -1.6309e1     -2.1693e1
  47 202      1.4125e1      2.8508e1    -1.6546e1     -2.2055e1
  47 203      1.4250e1      2.8633e1    -1.6828e1     -2.2461e1
  47 204      1.4375e1      2.8758e1    -1.7170e1     -2.2928e1
  47 205      1.4500e1      2.8883e1    -1.7604e1     -2.3487e1
  47 206      1.4625e1      2.9008e1    -1.8160e1     -2.4168e1
  47 207      1.4750e1      2.9133e1    -1.8910e1     -2.5043e1
  47 208      1.4875e1      2.9258e1    -1.9946e1     -2.6204e1
  47 209      1.5000e1      2.9383e1    -2.1260e1     -2.7644e1
            log10(eV)     log10(Hz)    log10(nuFnu)  log10(Jy)

i_tm =  48;  t_obs =      5.860e5
  48   1     -1.1000e1      3.3834e0    -2.5168e1     -5.5517e0
  48   2     -1.0875e1      3.5084e0    -2.5002e1     -5.5100e0
  48   3     -1.0750e1      3.6334e0    -2.4835e1     -5.4684e0
  48   4     -1.0625e1      3.7584e0    -2.4668e1     -5.4267e0
  48   5     -1.0500e1      3.8834e0    -2.4502e1     -5.3851e0
  48   6     -1.0375e1      4.0084e0    -2.4335e1     -5.3434e0
  48   7     -1.0250e1      4.1334e0    -2.4168e1     -5.3018e0
  48   8     -1.0125e1      4.2584e0    -2.4002e1     -5.2601e0
  48   9     -1.0000e1      4.3834e0    -2.3835e1     -5.2185e0
  48  10     -9.8750e0      4.5084e0    -2.3669e1     -5.1769e0
  48  11     -9.7500e0      4.6334e0    -2.3502e1     -5.1353e0
  48  12     -9.6250e0      4.7584e0    -2.3335e1     -5.0938e0
  48  13     -9.5000e0      4.8834e0    -2.3169e1     -5.0522e0
  48  14     -9.3750e0      5.0084e0    -2.3002e1     -5.0107e0
  48  15     -9.2500e0      5.1334e0    -2.2836e1     -4.9692e0
  48  16     -9.1250e0      5.2584e0    -2.2669e1     -4.9277e0
  48  17     -9.0000e0      5.3834e0    -2.2503e1     -4.8863e0
  48  18     -8.8750e0      5.5084e0    -2.2336e1     -4.8448e0
  48  19     -8.7500e0      5.6334e0    -2.2170e1     -4.8034e0
  48  20     -8.6250e0      5.7584e0    -2.2004e1     -4.7620e0
  48  21     -8.5000e0      5.8834e0    -2.1837e1     -4.7206e0
  48  22     -8.3750e0      6.0084e0    -2.1671e1     -4.6791e0
  48  23     -8.2500e0      6.1334e0    -2.1504e1     -4.6377e0
  48  24     -8.1250e0      6.2584e0    -2.1338e1     -4.5962e0
  48  25     -8.0000e0      6.3834e0    -2.1171e1     -4.5548e0
  48  26     -7.8750e0      6.5084e0    -2.1005e1     -4.5133e0
  48  27     -7.7500e0      6.6334e0    -2.0838e1     -4.4718e0
  48  28     -7.6250e0      6.7584e0    -2.0672e1     -4.4303e0
  48  29     -7.5000e0      6.8834e0    -2.0505e1     -4.3889e0
  48  30     -7.3750e0      7.0084e0    -2.0339e1     -4.3474e0
  48  31     -7.2500e0      7.1334e0    -2.0173e1     -4.3060e0
  48  32     -7.1250e0      7.2584e0    -2.0006e1     -4.2645e0
  48  33     -7.0000e0      7.3834e0    -1.9840e1     -4.2232e0
  48  34     -6.8750e0      7.5084e0    -1.9673e1     -4.1819e0
  48  35     -6.7500e0      7.6334e0    -1.9507e1     -4.1407e0
  48  36     -6.6250e0      7.7584e0    -1.9341e1     -4.0995e0
  48  37     -6.5000e0      7.8834e0    -1.9175e1     -4.0585e0
  48  38     -6.3750e0      8.0084e0    -1.9009e1     -4.0175e0
  48  39     -6.2500e0      8.1334e0    -1.8843e1     -3.9767e0
  48  40     -6.1250e0      8.2584e0    -1.8678e1     -3.9361e0
  48  41     -6.0000e0      8.3834e0    -1.8512e1     -3.8957e0
  48  42     -5.8750e0      8.5084e0    -1.8347e1     -3.8556e0
  48  43     -5.7500e0      8.6334e0    -1.8182e1     -3.8157e0
  48  44     -5.6250e0      8.7584e0    -1.8018e1     -3.7762e0
  48  45     -5.5000e0      8.8834e0    -1.7854e1     -3.7372e0
  48  46     -5.3750e0      9.0084e0    -1.7690e1     -3.6986e0
  48  47     -5.2500e0      9.1334e0    -1.7527e1     -3.6606e0
  48  48     -5.1250e0      9.2584e0    -1.7365e1     -3.6233e0
  48  49     -5.0000e0      9.3834e0    -1.7203e1     -3.5868e0
  48  50     -4.8750e0      9.5084e0    -1.7043e1     -3.5512e0
  48  51     -4.7500e0      9.6334e0    -1.6883e1     -3.5168e0
  48  52     -4.6250e0      9.7584e0    -1.6725e1     -3.4837e0
  48  53     -4.5000e0      9.8834e0    -1.6569e1     -3.4521e0
  48  54     -4.3750e0      1.0008e1    -1.6414e1     -3.4222e0
  48  55     -4.2500e0      1.0133e1    -1.6261e1     -3.3944e0
  48  56     -4.1250e0      1.0258e1    -1.6110e1     -3.3689e0
  48  57     -4.0000e0      1.0383e1    -1.5963e1     -3.3461e0
  48  58     -3.8750e0      1.0508e1    -1.5818e1     -3.3263e0
  48  59     -3.7500e0      1.0633e1    -1.5677e1     -3.3100e0
  48  60     -3.6250e0      1.0758e1    -1.5539e1     -3.2976e0
  48  61     -3.5000e0      1.0883e1    -1.5406e1     -3.2895e0
  48  62     -3.3750e0      1.1008e1    -1.5278e1     -3.2862e0
  48  63     -3.2500e0      1.1133e1    -1.5155e1     -3.2882e0
  48  64     -3.1250e0      1.1258e1    -1.5038e1     -3.2960e0
  48  65     -3.0000e0      1.1383e1    -1.4927e1     -3.3102e0
  48  66     -2.8750e0      1.1508e1    -1.4823e1     -3.3311e0
  48  67     -2.7500e0      1.1633e1    -1.4726e1     -3.3595e0
  48  68     -2.6250e0      1.1758e1    -1.4637e1     -3.3956e0
  48  69     -2.5000e0      1.1883e1    -1.4557e1     -3.4400e0
  48  70     -2.3750e0      1.2008e1    -1.4485e1     -3.4930e0
  48  71     -2.2500e0      1.2133e1    -1.4422e1     -3.5549e0
  48  72     -2.1250e0      1.2258e1    -1.4368e1     -3.6261e0
  48  73     -2.0000e0      1.2383e1    -1.4323e1     -3.7065e0
  48  74     -1.8750e0      1.2508e1    -1.4288e1     -3.7964e0
  48  75     -1.7500e0      1.2633e1    -1.4262e1     -3.8957e0
  48  76     -1.6250e0      1.2758e1    -1.4246e1     -4.0044e0
  48  77     -1.5000e0      1.2883e1    -1.4239e1     -4.1221e0
  48  78     -1.3750e0      1.3008e1    -1.4240e1     -4.2485e0
  48  79     -1.2500e0      1.3133e1    -1.4249e1     -4.3827e0
  48  80     -1.1250e0      1.3258e1    -1.4265e1     -4.5235e0
  48  81     -1.0000e0      1.3383e1    -1.4285e1     -4.6688e0
  48  82    -8.7501e-1      1.3508e1    -1.4308e1     -4.8160e0
  48  83    -7.5001e-1      1.3633e1    -1.4328e1     -4.9618e0
  48  84    -6.2501e-1      1.3758e1    -1.4344e1     -5.1025e0
  48  85    -5.0001e-1      1.3883e1    -1.4352e1     -5.2353e0
  48  86    -3.7501e-1      1.4008e1    -1.4350e1     -5.3587e0
  48  87    -2.5001e-1      1.4133e1    -1.4339e1     -5.4728e0
  48  88    -1.2501e-1      1.4258e1    -1.4321e1     -5.5793e0
  48  89    -1.3724e-5      1.4383e1    -1.4297e1     -5.6806e0
  48  90     1.2499e-1      1.4508e1    -1.4271e1     -5.7790e0
  48  91     2.4999e-1      1.4633e1    -1.4243e1     -5.8765e0
  48  92     3.7499e-1      1.4758e1    -1.4216e1     -5.9743e0
  48  93     4.9999e-1      1.4883e1    -1.4190e1     -6.0734e0
  48  94     6.2499e-1      1.5008e1    -1.4166e1     -6.1742e0
  48  95     7.4999e-1      1.5133e1    -1.4144e1     -6.2771e0
  48  96     8.7499e-1      1.5258e1    -1.4124e1     -6.3821e0
  48  97     9.9999e-1      1.5383e1    -1.4106e1     -6.4894e0
  48  98      1.1250e0      1.5508e1    -1.4090e1     -6.5989e0
  48  99      1.2500e0      1.5633e1    -1.4077e1     -6.7106e0
  48 100      1.3750e0      1.5758e1    -1.4066e1     -6.8245e0
  48 101      1.5000e0      1.5883e1    -1.4057e1     -6.9406e0
  48 102      1.6250e0      1.6008e1    -1.4050e1     -7.0589e0
  48 103      1.7500e0      1.6133e1    -1.4046e1     -7.1791e0
  48 104      1.8750e0      1.6258e1    -1.4043e1     -7.3011e0
  48 105      2.0000e0      1.6383e1    -1.4041e1     -7.4249e0
  48 106      2.1250e0      1.6508e1    -1.4042e1     -7.5506e0
  48 107      2.2500e0      1.6633e1    -1.4045e1     -7.6784e0
  48 108      2.3750e0      1.6758e1    -1.4050e1     -7.8085e0
  48 109      2.5000e0      1.6883e1    -1.4058e1     -7.9413e0
  48 110      2.6250e0      1.7008e1    -1.4068e1     -8.0768e0
  48 111      2.7500e0      1.7133e1    -1.4082e1     -8.2149e0
  48 112      2.8750e0      1.7258e1    -1.4097e1     -8.3550e0
  48 113      3.0000e0      1.7383e1    -1.4113e1     -8.4960e0
  48 114      3.1250e0      1.7508e1    -1.4129e1     -8.6371e0
  48 115      3.2500e0      1.7633e1    -1.4144e1     -8.7775e0
  48 116      3.3750e0      1.7758e1    -1.4159e1     -8.9170e0
  48 117      3.5000e0      1.7883e1    -1.4173e1     -9.0560e0
  48 118      3.6250e0      1.8008e1    -1.4186e1     -9.1948e0
  48 119      3.7500e0      1.8133e1    -1.4200e1     -9.3337e0
  48 120      3.8750e0      1.8258e1    -1.4215e1     -9.4729e0
  48 121      4.0000e0      1.8383e1    -1.4229e1     -9.6123e0
  48 122      4.1250e0      1.8508e1    -1.4243e1     -9.7518e0
  48 123      4.2500e0      1.8633e1    -1.4258e1     -9.8914e0
  48 124      4.3750e0      1.8758e1    -1.4273e1     -1.0031e1
  48 125      4.5000e0      1.8883e1    -1.4287e1     -1.0170e1
  48 126      4.6250e0      1.9008e1    -1.4301e1     -1.0310e1
  48 127      4.7500e0      1.9133e1    -1.4315e1     -1.0448e1
  48 128      4.8750e0      1.9258e1    -1.4328e1     -1.0586e1
  48 129      5.0000e0      1.9383e1    -1.4340e1     -1.0724e1
  48 130      5.1250e0      1.9508e1    -1.4353e1     -1.0861e1
  48 131      5.2500e0      1.9633e1    -1.4365e1     -1.0999e1
  48 132      5.3750e0      1.9758e1    -1.4378e1     -1.1137e1
  48 133      5.5000e0      1.9883e1    -1.4392e1     -1.1275e1
  48 134      5.6250e0      2.0008e1    -1.4405e1     -1.1414e1
  48 135      5.7500e0      2.0133e1    -1.4420e1     -1.1553e1
  48 136      5.8750e0      2.0258e1    -1.4434e1     -1.1693e1
  48 137      6.0000e0      2.0383e1    -1.4450e1     -1.1833e1
  48 138      6.1250e0      2.0508e1    -1.4466e1     -1.1974e1
  48 139      6.2500e0      2.0633e1    -1.4482e1     -1.2115e1
  48 140      6.3750e0      2.0758e1    -1.4497e1     -1.2256e1
  48 141      6.5000e0      2.0883e1    -1.4513e1     -1.2396e1
  48 142      6.6250e0      2.1008e1    -1.4528e1     -1.2536e1
  48 143      6.7500e0      2.1133e1    -1.4542e1     -1.2676e1
  48 144      6.8750e0      2.1258e1    -1.4556e1     -1.2815e1
  48 145      7.0000e0      2.1383e1    -1.4570e1     -1.2953e1
  48 146      7.1250e0      2.1508e1    -1.4583e1     -1.3092e1
  48 147      7.2500e0      2.1633e1    -1.4596e1     -1.3230e1
  48 148      7.3750e0      2.1758e1    -1.4610e1     -1.3368e1
  48 149      7.5000e0      2.1883e1    -1.4623e1     -1.3507e1
  48 150      7.6250e0      2.2008e1    -1.4637e1     -1.3646e1
  48 151      7.7500e0      2.2133e1    -1.4652e1     -1.3785e1
  48 152      7.8750e0      2.2258e1    -1.4667e1     -1.3925e1
  48 153      8.0000e0      2.2383e1    -1.4683e1     -1.4066e1
  48 154      8.1250e0      2.2508e1    -1.4699e1     -1.4207e1
  48 155      8.2500e0      2.2633e1    -1.4715e1     -1.4348e1
  48 156      8.3750e0      2.2758e1    -1.4730e1     -1.4489e1
  48 157      8.5000e0      2.2883e1    -1.4745e1     -1.4629e1
  48 158      8.6250e0      2.3008e1    -1.4760e1     -1.4768e1
  48 159      8.7500e0      2.3133e1    -1.4774e1     -1.4908e1
  48 160      8.8750e0      2.3258e1    -1.4788e1     -1.5047e1
  48 161      9.0000e0      2.3383e1    -1.4802e1     -1.5185e1
  48 162      9.1250e0      2.3508e1    -1.4815e1     -1.5324e1
  48 163      9.2500e0      2.3633e1    -1.4829e1     -1.5462e1
  48 164      9.3750e0      2.3758e1    -1.4843e1     -1.5601e1
  48 165      9.5000e0      2.3883e1    -1.4857e1     -1.5741e1
  48 166      9.6250e0      2.4008e1    -1.4873e1     -1.5881e1
  48 167      9.7500e0      2.4133e1    -1.4888e1     -1.6022e1
  48 168      9.8750e0      2.4258e1    -1.4905e1     -1.6163e1
  48 169      1.0000e1      2.4383e1    -1.4922e1     -1.6305e1
  48 170      1.0125e1      2.4508e1    -1.4939e1     -1.6448e1
  48 171      1.0250e1      2.4633e1    -1.4957e1     -1.6590e1
  48 172      1.0375e1      2.4758e1    -1.4974e1     -1.6733e1
  48 173      1.0500e1      2.4883e1    -1.4992e1     -1.6875e1
  48 174      1.0625e1      2.5008e1    -1.5009e1     -1.7017e1
  48 175      1.0750e1      2.5133e1    -1.5027e1     -1.7160e1
  48 176      1.0875e1      2.5258e1    -1.5044e1     -1.7303e1
  48 177      1.1000e1      2.5383e1    -1.5062e1     -1.7446e1
  48 178      1.1125e1      2.5508e1    -1.5080e1     -1.7589e1
  48 179      1.1250e1      2.5633e1    -1.5099e1     -1.7732e1
  48 180      1.1375e1      2.5758e1    -1.5118e1     -1.7876e1
  48 181      1.1500e1      2.5883e1    -1.5137e1     -1.8021e1
  48 182      1.1625e1      2.6008e1    -1.5158e1     -1.8167e1
  48 183      1.1750e1      2.6133e1    -1.5182e1     -1.8315e1
  48 184      1.1875e1      2.6258e1    -1.5208e1     -1.8467e1
  48 185      1.2000e1      2.6383e1    -1.5238e1     -1.8622e1
  48 186      1.2125e1      2.6508e1    -1.5272e1     -1.8780e1
  48 187      1.2250e1      2.6633e1    -1.5309e1     -1.8942e1
  48 188      1.2375e1      2.6758e1    -1.5348e1     -1.9107e1
  48 189      1.2500e1      2.6883e1    -1.5390e1     -1.9274e1
  48 190      1.2625e1      2.7008e1    -1.5435e1     -1.9443e1
  48 191      1.2750e1      2.7133e1    -1.5481e1     -1.9614e1
  48 192      1.2875e1      2.7258e1    -1.5529e1     -1.9787e1
  48 193      1.3000e1      2.7383e1    -1.5581e1     -1.9964e1
  48 194      1.3125e1      2.7508e1    -1.5636e1     -2.0145e1
  48 195      1.3250e1      2.7633e1    -1.5700e1     -2.0333e1
  48 196      1.3375e1      2.7758e1    -1.5774e1     -2.0533e1
  48 197      1.3500e1      2.7883e1    -1.5866e1     -2.0750e1
  48 198      1.3625e1      2.8008e1    -1.5982e1     -2.0990e1
  48 199      1.3750e1      2.8133e1    -1.6128e1     -2.1261e1
  48 200      1.3875e1      2.8258e1    -1.6312e1     -2.1570e1
  48 201      1.4000e1      2.8383e1    -1.6543e1     -2.1927e1
  48 202      1.4125e1      2.8508e1    -1.6835e1     -2.2344e1
  48 203      1.4250e1      2.8633e1    -1.7205e1     -2.2838e1
  48 204      1.4375e1      2.8758e1    -1.7665e1     -2.3423e1
  48 205      1.4500e1      2.8883e1    -1.8247e1     -2.4131e1
  48 206      1.4625e1      2.9008e1    -1.8987e1     -2.4995e1
  48 207      1.4750e1      2.9133e1    -1.9958e1     -2.6091e1
  48 208      1.4875e1      2.9258e1    -2.1221e1     -2.7480e1
  48 209      1.5000e1      2.9383e1    -2.2878e1     -2.9262e1
            log10(eV)     log10(Hz)    log10(nuFnu)  log10(Jy)

i_tm =  49;  t_obs =      7.402e5
  49   1     -1.1000e1      3.3834e0    -2.5119e1     -5.5029e0
  49   2     -1.0875e1      3.5084e0    -2.4953e1     -5.4612e0
  49   3     -1.0750e1      3.6334e0    -2.4786e1     -5.4196e0
  49   4     -1.0625e1      3.7584e0    -2.4620e1     -5.3779e0
  49   5     -1.0500e1      3.8834e0    -2.4453e1     -5.3363e0
  49   6     -1.0375e1      4.0084e0    -2.4286e1     -5.2947e0
  49   7     -1.0250e1      4.1334e0    -2.4120e1     -5.2530e0
  49   8     -1.0125e1      4.2584e0    -2.3953e1     -5.2114e0
  49   9     -1.0000e1      4.3834e0    -2.3786e1     -5.1698e0
  49  10     -9.8750e0      4.5084e0    -2.3620e1     -5.1282e0
  49  11     -9.7500e0      4.6334e0    -2.3453e1     -5.0867e0
  49  12     -9.6250e0      4.7584e0    -2.3287e1     -5.0451e0
  49  13     -9.5000e0      4.8834e0    -2.3120e1     -5.0036e0
  49  14     -9.3750e0      5.0084e0    -2.2954e1     -4.9621e0
  49  15     -9.2500e0      5.1334e0    -2.2787e1     -4.9207e0
  49  16     -9.1250e0      5.2584e0    -2.2621e1     -4.8792e0
  49  17     -9.0000e0      5.3834e0    -2.2454e1     -4.8378e0
  49  18     -8.8750e0      5.5084e0    -2.2288e1     -4.7964e0
  49  19     -8.7500e0      5.6334e0    -2.2122e1     -4.7549e0
  49  20     -8.6250e0      5.7584e0    -2.1955e1     -4.7135e0
  49  21     -8.5000e0      5.8834e0    -2.1789e1     -4.6721e0
  49  22     -8.3750e0      6.0084e0    -2.1622e1     -4.6306e0
  49  23     -8.2500e0      6.1334e0    -2.1456e1     -4.5892e0
  49  24     -8.1250e0      6.2584e0    -2.1289e1     -4.5477e0
  49  25     -8.0000e0      6.3834e0    -2.1123e1     -4.5062e0
  49  26     -7.8750e0      6.5084e0    -2.0956e1     -4.4647e0
  49  27     -7.7500e0      6.6334e0    -2.0790e1     -4.4233e0
  49  28     -7.6250e0      6.7584e0    -2.0623e1     -4.3818e0
  49  29     -7.5000e0      6.8834e0    -2.0457e1     -4.3403e0
  49  30     -7.3750e0      7.0084e0    -2.0290e1     -4.2989e0
  49  31     -7.2500e0      7.1334e0    -2.0124e1     -4.2575e0
  49  32     -7.1250e0      7.2584e0    -1.9958e1     -4.2162e0
  49  33     -7.0000e0      7.3834e0    -1.9791e1     -4.1749e0
  49  34     -6.8750e0      7.5084e0    -1.9625e1     -4.1337e0
  49  35     -6.7500e0      7.6334e0    -1.9459e1     -4.0925e0
  49  36     -6.6250e0      7.7584e0    -1.9293e1     -4.0515e0
  49  37     -6.5000e0      7.8834e0    -1.9127e1     -4.0106e0
  49  38     -6.3750e0      8.0084e0    -1.8961e1     -3.9699e0
  49  39     -6.2500e0      8.1334e0    -1.8796e1     -3.9293e0
  49  40     -6.1250e0      8.2584e0    -1.8631e1     -3.8889e0
  49  41     -6.0000e0      8.3834e0    -1.8465e1     -3.8489e0
  49  42     -5.8750e0      8.5084e0    -1.8301e1     -3.8091e0
  49  43     -5.7500e0      8.6334e0    -1.8136e1     -3.7697e0
  49  44     -5.6250e0      8.7584e0    -1.7972e1     -3.7307e0
  49  45     -5.5000e0      8.8834e0    -1.7809e1     -3.6922e0
  49  46     -5.3750e0      9.0084e0    -1.7646e1     -3.6543e0
  49  47     -5.2500e0      9.1334e0    -1.7484e1     -3.6172e0
  49  48     -5.1250e0      9.2584e0    -1.7322e1     -3.5809e0
  49  49     -5.0000e0      9.3834e0    -1.7162e1     -3.5456e0
  49  50     -4.8750e0      9.5084e0    -1.7003e1     -3.5114e0
  49  51     -4.7500e0      9.6334e0    -1.6845e1     -3.4786e0
  49  52     -4.6250e0      9.7584e0    -1.6689e1     -3.4473e0
  49  53     -4.5000e0      9.8834e0    -1.6534e1     -3.4179e0
  49  54     -4.3750e0      1.0008e1    -1.6382e1     -3.3905e0
  49  55     -4.2500e0      1.0133e1    -1.6232e1     -3.3656e0
  49  56     -4.1250e0      1.0258e1    -1.6085e1     -3.3433e0
  49  57     -4.0000e0      1.0383e1    -1.5941e1     -3.3243e0
  49  58     -3.8750e0      1.0508e1    -1.5800e1     -3.3087e0
  49  59     -3.7500e0      1.0633e1    -1.5664e1     -3.2971e0
  49  60     -3.6250e0      1.0758e1    -1.5532e1     -3.2899e0
  49  61     -3.5000e0      1.0883e1    -1.5404e1     -3.2876e0
  49  62     -3.3750e0      1.1008e1    -1.5282e1     -3.2907e0
  49  63     -3.2500e0      1.1133e1    -1.5166e1     -3.2997e0
  49  64     -3.1250e0      1.1258e1    -1.5057e1     -3.3151e0
  49  65     -3.0000e0      1.1383e1    -1.4954e1     -3.3374e0
  49  66     -2.8750e0      1.1508e1    -1.4859e1     -3.3670e0
  49  67     -2.7500e0      1.1633e1    -1.4771e1     -3.4046e0
  49  68     -2.6250e0      1.1758e1    -1.4692e1     -3.4504e0
  49  69     -2.5000e0      1.1883e1    -1.4621e1     -3.5048e0
  49  70     -2.3750e0      1.2008e1    -1.4560e1     -3.5681e0
  49  71     -2.2500e0      1.2133e1    -1.4507e1     -3.6406e0
  49  72     -2.1250e0      1.2258e1    -1.4464e1     -3.7224e0
  49  73     -2.0000e0      1.2383e1    -1.4430e1     -3.8135e0
  49  74     -1.8750e0      1.2508e1    -1.4406e1     -3.9141e0
  49  75     -1.7500e0      1.2633e1    -1.4390e1     -4.0238e0
  49  76     -1.6250e0      1.2758e1    -1.4384e1     -4.1425e0
  49  77     -1.5000e0      1.2883e1    -1.4386e1     -4.2697e0
  49  78     -1.3750e0      1.3008e1    -1.4396e1     -4.4045e0
  49  79     -1.2500e0      1.3133e1    -1.4412e1     -4.5454e0
  49  80     -1.1250e0      1.3258e1    -1.4432e1     -4.6904e0
  49  81     -1.0000e0      1.3383e1    -1.4453e1     -4.8366e0
  49  82    -8.7501e-1      1.3508e1    -1.4472e1     -4.9806e0
  49  83    -7.5001e-1      1.3633e1    -1.4486e1     -5.1190e0
  49  84    -6.2501e-1      1.3758e1    -1.4491e1     -5.2491e0
  49  85    -5.0001e-1      1.3883e1    -1.4486e1     -5.3696e0
  49  86    -3.7501e-1      1.4008e1    -1.4473e1     -5.4810e0
  49  87    -2.5001e-1      1.4133e1    -1.4452e1     -5.5851e0
  49  88    -1.2501e-1      1.4258e1    -1.4426e1     -5.6843e0
  49  89    -1.3724e-5      1.4383e1    -1.4397e1     -5.7809e0
  49  90     1.2499e-1      1.4508e1    -1.4368e1     -5.8767e0
  49  91     2.4999e-1      1.4633e1    -1.4340e1     -5.9731e0
  49  92     3.7499e-1      1.4758e1    -1.4312e1     -6.0707e0
  49  93     4.9999e-1      1.4883e1    -1.4287e1     -6.1701e0
  49  94     6.2499e-1      1.5008e1    -1.4263e1     -6.2714e0
  49  95     7.4999e-1      1.5133e1    -1.4242e1     -6.3750e0
  49  96     8.7499e-1      1.5258e1    -1.4222e1     -6.4807e0
  49  97     9.9999e-1      1.5383e1    -1.4205e1     -6.5887e0
  49  98      1.1250e0      1.5508e1    -1.4190e1     -6.6989e0
  49  99      1.2500e0      1.5633e1    -1.4178e1     -6.8112e0
  49 100      1.3750e0      1.5758e1    -1.4167e1     -6.9258e0
  49 101      1.5000e0      1.5883e1    -1.4159e1     -7.0425e0
  49 102      1.6250e0      1.6008e1    -1.4153e1     -7.1612e0
  49 103      1.7500e0      1.6133e1    -1.4148e1     -7.2818e0
  49 104      1.8750e0      1.6258e1    -1.4146e1     -7.4042e0
  49 105      2.0000e0      1.6383e1    -1.4145e1     -7.5285e0
  49 106      2.1250e0      1.6508e1    -1.4146e1     -7.6546e0
  49 107      2.2500e0      1.6633e1    -1.4150e1     -7.7830e0
  49 108      2.3750e0      1.6758e1    -1.4155e1     -7.9138e0
  49 109      2.5000e0      1.6883e1    -1.4164e1     -8.0475e0
  49 110      2.6250e0      1.7008e1    -1.4176e1     -8.1840e0
  49 111      2.7500e0      1.7133e1    -1.4190e1     -8.3231e0
  49 112      2.8750e0      1.7258e1    -1.4206e1     -8.4643e0
  49 113      3.0000e0      1.7383e1    -1.4223e1     -8.6063e0
  49 114      3.1250e0      1.7508e1    -1.4240e1     -8.7481e0
  49 115      3.2500e0      1.7633e1    -1.4256e1     -8.8889e0
  49 116      3.3750e0      1.7758e1    -1.4270e1     -9.0287e0
  49 117      3.5000e0      1.7883e1    -1.4284e1     -9.1677e0
  49 118      3.6250e0      1.8008e1    -1.4298e1     -9.3062e0
  49 119      3.7500e0      1.8133e1    -1.4311e1     -9.4447e0
  49 120      3.8750e0      1.8258e1    -1.4325e1     -9.5833e0
  49 121      4.0000e0      1.8383e1    -1.4339e1     -9.7219e0
  49 122      4.1250e0      1.8508e1    -1.4352e1     -9.8608e0
  49 123      4.2500e0      1.8633e1    -1.4366e1     -9.9997e0
  49 124      4.3750e0      1.8758e1    -1.4380e1     -1.0139e1
  49 125      4.5000e0      1.8883e1    -1.4394e1     -1.0278e1
  49 126      4.6250e0      1.9008e1    -1.4408e1     -1.0417e1
  49 127      4.7500e0      1.9133e1    -1.4421e1     -1.0555e1
  49 128      4.8750e0      1.9258e1    -1.4434e1     -1.0693e1
  49 129      5.0000e0      1.9383e1    -1.4447e1     -1.0830e1
  49 130      5.1250e0      1.9508e1    -1.4459e1     -1.0967e1
  49 131      5.2500e0      1.9633e1    -1.4471e1     -1.1105e1
  49 132      5.3750e0      1.9758e1    -1.4484e1     -1.1242e1
  49 133      5.5000e0      1.9883e1    -1.4497e1     -1.1381e1
  49 134      5.6250e0      2.0008e1    -1.4511e1     -1.1519e1
  49 135      5.7500e0      2.0133e1    -1.4525e1     -1.1658e1
  49 136      5.8750e0      2.0258e1    -1.4540e1     -1.1798e1
  49 137      6.0000e0      2.0383e1    -1.4555e1     -1.1939e1
  49 138      6.1250e0      2.0508e1    -1.4571e1     -1.2079e1
  49 139      6.2500e0      2.0633e1    -1.4587e1     -1.2220e1
  49 140      6.3750e0      2.0758e1    -1.4602e1     -1.2360e1
  49 141      6.5000e0      2.0883e1    -1.4617e1     -1.2501e1
  49 142      6.6250e0      2.1008e1    -1.4632e1     -1.2640e1
  49 143      6.7500e0      2.1133e1    -1.4646e1     -1.2780e1
  49 144      6.8750e0      2.1258e1    -1.4660e1     -1.2919e1
  49 145      7.0000e0      2.1383e1    -1.4674e1     -1.3057e1
  49 146      7.1250e0      2.1508e1    -1.4687e1     -1.3196e1
  49 147      7.2500e0      2.1633e1    -1.4700e1     -1.3334e1
  49 148      7.3750e0      2.1758e1    -1.4713e1     -1.3472e1
  49 149      7.5000e0      2.1883e1    -1.4727e1     -1.3610e1
  49 150      7.6250e0      2.2008e1    -1.4741e1     -1.3749e1
  49 151      7.7500e0      2.2133e1    -1.4756e1     -1.3889e1
  49 152      7.8750e0      2.2258e1    -1.4771e1     -1.4029e1
  49 153      8.0000e0      2.2383e1    -1.4787e1     -1.4170e1
  49 154      8.1250e0      2.2508e1    -1.4803e1     -1.4311e1
  49 155      8.2500e0      2.2633e1    -1.4818e1     -1.4452e1
  49 156      8.3750e0      2.2758e1    -1.4834e1     -1.4592e1
  49 157      8.5000e0      2.2883e1    -1.4849e1     -1.4732e1
  49 158      8.6250e0      2.3008e1    -1.4863e1     -1.4872e1
  49 159      8.7500e0      2.3133e1    -1.4878e1     -1.5011e1
  49 160      8.8750e0      2.3258e1    -1.4892e1     -1.5150e1
  49 161      9.0000e0      2.3383e1    -1.4905e1     -1.5289e1
  49 162      9.1250e0      2.3508e1    -1.4919e1     -1.5427e1
  49 163      9.2500e0      2.3633e1    -1.4932e1     -1.5566e1
  49 164      9.3750e0      2.3758e1    -1.4946e1     -1.5704e1
  49 165      9.5000e0      2.3883e1    -1.4960e1     -1.5844e1
  49 166      9.6250e0      2.4008e1    -1.4975e1     -1.5984e1
  49 167      9.7500e0      2.4133e1    -1.4991e1     -1.6124e1
  49 168      9.8750e0      2.4258e1    -1.5007e1     -1.6266e1
  49 169      1.0000e1      2.4383e1    -1.5024e1     -1.6408e1
  49 170      1.0125e1      2.4508e1    -1.5041e1     -1.6550e1
  49 171      1.0250e1      2.4633e1    -1.5059e1     -1.6692e1
  49 172      1.0375e1      2.4758e1    -1.5076e1     -1.6835e1
  49 173      1.0500e1      2.4883e1    -1.5094e1     -1.6977e1
  49 174      1.0625e1      2.5008e1    -1.5111e1     -1.7120e1
  49 175      1.0750e1      2.5133e1    -1.5129e1     -1.7262e1
  49 176      1.0875e1      2.5258e1    -1.5147e1     -1.7405e1
  49 177      1.1000e1      2.5383e1    -1.5165e1     -1.7549e1
  49 178      1.1125e1      2.5508e1    -1.5183e1     -1.7692e1
  49 179      1.1250e1      2.5633e1    -1.5201e1     -1.7835e1
  49 180      1.1375e1      2.5758e1    -1.5219e1     -1.7978e1
  49 181      1.1500e1      2.5883e1    -1.5238e1     -1.8121e1
  49 182      1.1625e1      2.6008e1    -1.5258e1     -1.8267e1
  49 183      1.1750e1      2.6133e1    -1.5281e1     -1.8414e1
  49 184      1.1875e1      2.6258e1    -1.5306e1     -1.8565e1
  49 185      1.2000e1      2.6383e1    -1.5335e1     -1.8718e1
  49 186      1.2125e1      2.6508e1    -1.5367e1     -1.8875e1
  49 187      1.2250e1      2.6633e1    -1.5401e1     -1.9035e1
  49 188      1.2375e1      2.6758e1    -1.5438e1     -1.9196e1
  49 189      1.2500e1      2.6883e1    -1.5476e1     -1.9359e1
  49 190      1.2625e1      2.7008e1    -1.5515e1     -1.9523e1
  49 191      1.2750e1      2.7133e1    -1.5555e1     -1.9688e1
  49 192      1.2875e1      2.7258e1    -1.5595e1     -1.9854e1
  49 193      1.3000e1      2.7383e1    -1.5637e1     -2.0020e1
  49 194      1.3125e1      2.7508e1    -1.5680e1     -2.0189e1
  49 195      1.3250e1      2.7633e1    -1.5727e1     -2.0360e1
  49 196      1.3375e1      2.7758e1    -1.5779e1     -2.0538e1
  49 197      1.3500e1      2.7883e1    -1.5842e1     -2.0725e1
  49 198      1.3625e1      2.8008e1    -1.5917e1     -2.0925e1
  49 199      1.3750e1      2.8133e1    -1.6006e1     -2.1139e1
  49 200      1.3875e1      2.8258e1    -1.6109e1     -2.1367e1
  49 201      1.4000e1      2.8383e1    -1.6222e1     -2.1605e1
  49 202      1.4125e1      2.8508e1    -1.6344e1     -2.1853e1
  49 203      1.4250e1      2.8633e1    -1.6473e1     -2.2106e1
  49 204      1.4375e1      2.8758e1    -1.6612e1     -2.2371e1
  49 205      1.4500e1      2.8883e1    -1.6776e1     -2.2659e1
  49 206      1.4625e1      2.9008e1    -1.6983e1     -2.2991e1
  49 207      1.4750e1      2.9133e1    -1.7251e1     -2.3384e1
  49 208      1.4875e1      2.9258e1    -1.7620e1     -2.3879e1
  49 209      1.5000e1      2.9383e1    -1.8133e1     -2.4516e1
            log10(eV)     log10(Hz)    log10(nuFnu)  log10(Jy)

i_tm =  50;  t_obs =      9.350e5
  50   1     -1.1000e1      3.3834e0    -2.5071e1     -5.4545e0
  50   2     -1.0875e1      3.5084e0    -2.4904e1     -5.4128e0
  50   3     -1.0750e1      3.6334e0    -2.4738e1     -5.3712e0
  50   4     -1.0625e1      3.7584e0    -2.4571e1     -5.3295e0
  50   5     -1.0500e1      3.8834e0    -2.4404e1     -5.2879e0
  50   6     -1.0375e1      4.0084e0    -2.4238e1     -5.2463e0
  50   7     -1.0250e1      4.1334e0    -2.4071e1     -5.2047e0
  50   8     -1.0125e1      4.2584e0    -2.3905e1     -5.1631e0
  50   9     -1.0000e1      4.3834e0    -2.3738e1     -5.1215e0
  50  10     -9.8750e0      4.5084e0    -2.3572e1     -5.0799e0
  50  11     -9.7500e0      4.6334e0    -2.3405e1     -5.0384e0
  50  12     -9.6250e0      4.7584e0    -2.3238e1     -4.9969e0
  50  13     -9.5000e0      4.8834e0    -2.3072e1     -4.9554e0
  50  14     -9.3750e0      5.0084e0    -2.2906e1     -4.9139e0
  50  15     -9.2500e0      5.1334e0    -2.2739e1     -4.8725e0
  50  16     -9.1250e0      5.2584e0    -2.2573e1     -4.8311e0
  50  17     -9.0000e0      5.3834e0    -2.2406e1     -4.7896e0
  50  18     -8.8750e0      5.5084e0    -2.2240e1     -4.7482e0
  50  19     -8.7500e0      5.6334e0    -2.2073e1     -4.7068e0
  50  20     -8.6250e0      5.7584e0    -2.1907e1     -4.6653e0
  50  21     -8.5000e0      5.8834e0    -2.1740e1     -4.6239e0
  50  22     -8.3750e0      6.0084e0    -2.1574e1     -4.5824e0
  50  23     -8.2500e0      6.1334e0    -2.1408e1     -4.5410e0
  50  24     -8.1250e0      6.2584e0    -2.1241e1     -4.4995e0
  50  25     -8.0000e0      6.3834e0    -2.1075e1     -4.4580e0
  50  26     -7.8750e0      6.5084e0    -2.0908e1     -4.4165e0
  50  27     -7.7500e0      6.6334e0    -2.0742e1     -4.3750e0
  50  28     -7.6250e0      6.7584e0    -2.0575e1     -4.3336e0
  50  29     -7.5000e0      6.8834e0    -2.0409e1     -4.2922e0
  50  30     -7.3750e0      7.0084e0    -2.0242e1     -4.2508e0
  50  31     -7.2500e0      7.1334e0    -2.0076e1     -4.2095e0
  50  32     -7.1250e0      7.2584e0    -1.9910e1     -4.1682e0
  50  33     -7.0000e0      7.3834e0    -1.9744e1     -4.1270e0
  50  34     -6.8750e0      7.5084e0    -1.9577e1     -4.0859e0
  50  35     -6.7500e0      7.6334e0    -1.9411e1     -4.0449e0
  50  36     -6.6250e0      7.7584e0    -1.9246e1     -4.0040e0
  50  37     -6.5000e0      7.8834e0    -1.9080e1     -3.9633e0
  50  38     -6.3750e0      8.0084e0    -1.8914e1     -3.9228e0
  50  39     -6.2500e0      8.1334e0    -1.8749e1     -3.8825e0
  50  40     -6.1250e0      8.2584e0    -1.8584e1     -3.8425e0
  50  41     -6.0000e0      8.3834e0    -1.8419e1     -3.8028e0
  50  42     -5.8750e0      8.5084e0    -1.8255e1     -3.7634e0
  50  43     -5.7500e0      8.6334e0    -1.8091e1     -3.7245e0
  50  44     -5.6250e0      8.7584e0    -1.7928e1     -3.6862e0
  50  45     -5.5000e0      8.8834e0    -1.7765e1     -3.6485e0
  50  46     -5.3750e0      9.0084e0    -1.7603e1     -3.6115e0
  50  47     -5.2500e0      9.1334e0    -1.7442e1     -3.5754e0
  50  48     -5.1250e0      9.2584e0    -1.7282e1     -3.5403e0
  50  49     -5.0000e0      9.3834e0    -1.7123e1     -3.5064e0
  50  50     -4.8750e0      9.5084e0    -1.6966e1     -3.4739e0
  50  51     -4.7500e0      9.6334e0    -1.6810e1     -3.4430e0
  50  52     -4.6250e0      9.7584e0    -1.6656e1     -3.4140e0
  50  53     -4.5000e0      9.8834e0    -1.6504e1     -3.3871e0
  50  54     -4.3750e0      1.0008e1    -1.6354e1     -3.3627e0
  50  55     -4.2500e0      1.0133e1    -1.6208e1     -3.3411e0
  50  56     -4.1250e0      1.0258e1    -1.6064e1     -3.3227e0
  50  57     -4.0000e0      1.0383e1    -1.5924e1     -3.3079e0
  50  58     -3.8750e0      1.0508e1    -1.5789e1     -3.2971e0
  50  59     -3.7500e0      1.0633e1    -1.5657e1     -3.2909e0
  50  60     -3.6250e0      1.0758e1    -1.5531e1     -3.2896e0
  50  61     -3.5000e0      1.0883e1    -1.5410e1     -3.2938e0
  50  62     -3.3750e0      1.1008e1    -1.5296e1     -3.3039e0
  50  63     -3.2500e0      1.1133e1    -1.5187e1     -3.3205e0
  50  64     -3.1250e0      1.1258e1    -1.5086e1     -3.3441e0
  50  65     -3.0000e0      1.1383e1    -1.4992e1     -3.3751e0
  50  66     -2.8750e0      1.1508e1    -1.4906e1     -3.4140e0
  50  67     -2.7500e0      1.1633e1    -1.4828e1     -3.4612e0
  50  68     -2.6250e0      1.1758e1    -1.4759e1     -3.5170e0
  50  69     -2.5000e0      1.1883e1    -1.4698e1     -3.5817e0
  50  70     -2.3750e0      1.2008e1    -1.4647e1     -3.6555e0
  50  71     -2.2500e0      1.2133e1    -1.4605e1     -3.7386e0
  50  72     -2.1250e0      1.2258e1    -1.4573e1     -3.8310e0
  50  73     -2.0000e0      1.2383e1    -1.4549e1     -3.9328e0
  50  74     -1.8750e0      1.2508e1    -1.4535e1     -4.0437e0
  50  75     -1.7500e0      1.2633e1    -1.4530e1     -4.1636e0
  50  76     -1.6250e0      1.2758e1    -1.4533e1     -4.2918e0
  50  77     -1.5000e0      1.2883e1    -1.4544e1     -4.4273e0
  50  78     -1.3750e0      1.3008e1    -1.4560e1     -4.5688e0
  50  79     -1.2500e0      1.3133e1    -1.4580e1     -4.7139e0
  50  80     -1.1250e0      1.3258e1    -1.4601e1     -4.8597e0
  50  81     -1.0000e0      1.3383e1    -1.4619e1     -5.0027e0
  50  82    -8.7501e-1      1.3508e1    -1.4631e1     -5.1394e0
  50  83    -7.5001e-1      1.3633e1    -1.4634e1     -5.2674e0
  50  84    -6.2501e-1      1.3758e1    -1.4627e1     -5.3855e0
  50  85    -5.0001e-1      1.3883e1    -1.4611e1     -5.4946e0
  50  86    -3.7501e-1      1.4008e1    -1.4588e1     -5.5965e0
  50  87    -2.5001e-1      1.4133e1    -1.4560e1     -5.6939e0
  50  88    -1.2501e-1      1.4258e1    -1.4530e1     -5.7889e0
  50  89    -1.3724e-5      1.4383e1    -1.4500e1     -5.8832e0
  50  90     1.2499e-1      1.4508e1    -1.4470e1     -5.9782e0
  50  91     2.4999e-1      1.4633e1    -1.4441e1     -6.0745e0
  50  92     3.7499e-1      1.4758e1    -1.4414e1     -6.1726e0
  50  93     4.9999e-1      1.4883e1    -1.4389e1     -6.2727e0
  50  94     6.2499e-1      1.5008e1    -1.4366e1     -6.3749e0
  50  95     7.4999e-1      1.5133e1    -1.4346e1     -6.4793e0
  50  96     8.7499e-1      1.5258e1    -1.4328e1     -6.5859e0
  50  97     9.9999e-1      1.5383e1    -1.4311e1     -6.6948e0
  50  98      1.1250e0      1.5508e1    -1.4298e1     -6.8060e0
  50  99      1.2500e0      1.5633e1    -1.4286e1     -6.9193e0
  50 100      1.3750e0      1.5758e1    -1.4276e1     -7.0349e0
  50 101      1.5000e0      1.5883e1    -1.4269e1     -7.1526e0
  50 102      1.6250e0      1.6008e1    -1.4264e1     -7.2722e0
  50 103      1.7500e0      1.6133e1    -1.4260e1     -7.3937e0
  50 104      1.8750e0      1.6258e1    -1.4259e1     -7.5169e0
  50 105      2.0000e0      1.6383e1    -1.4258e1     -7.6418e0
  50 106      2.1250e0      1.6508e1    -1.4260e1     -7.7685e0
  50 107      2.2500e0      1.6633e1    -1.4264e1     -7.8973e0
  50 108      2.3750e0      1.6758e1    -1.4270e1     -8.0285e0
  50 109      2.5000e0      1.6883e1    -1.4279e1     -8.1625e0
  50 110      2.6250e0      1.7008e1    -1.4291e1     -8.2994e0
  50 111      2.7500e0      1.7133e1    -1.4306e1     -8.4390e0
  50 112      2.8750e0      1.7258e1    -1.4322e1     -8.5806e0
  50 113      3.0000e0      1.7383e1    -1.4340e1     -8.7231e0
  50 114      3.1250e0      1.7508e1    -1.4357e1     -8.8655e0
  50 115      3.2500e0      1.7633e1    -1.4374e1     -9.0070e0
  50 116      3.3750e0      1.7758e1    -1.4389e1     -9.1472e0
  50 117      3.5000e0      1.7883e1    -1.4403e1     -9.2865e0
  50 118      3.6250e0      1.8008e1    -1.4417e1     -9.4253e0
  50 119      3.7500e0      1.8133e1    -1.4431e1     -9.5640e0
  50 120      3.8750e0      1.8258e1    -1.4444e1     -9.7027e0
  50 121      4.0000e0      1.8383e1    -1.4458e1     -9.8415e0
  50 122      4.1250e0      1.8508e1    -1.4472e1     -9.9805e0
  50 123      4.2500e0      1.8633e1    -1.4486e1     -1.0120e1
  50 124      4.3750e0      1.8758e1    -1.4501e1     -1.0259e1
  50 125      4.5000e0      1.8883e1    -1.4515e1     -1.0398e1
  50 126      4.6250e0      1.9008e1    -1.4529e1     -1.0537e1
  50 127      4.7500e0      1.9133e1    -1.4543e1     -1.0676e1
  50 128      4.8750e0      1.9258e1    -1.4555e1     -1.0814e1
  50 129      5.0000e0      1.9383e1    -1.4568e1     -1.0951e1
  50 130      5.1250e0      1.9508e1    -1.4580e1     -1.1088e1
  50 131      5.2500e0      1.9633e1    -1.4592e1     -1.1226e1
  50 132      5.3750e0      1.9758e1    -1.4605e1     -1.1364e1
  50 133      5.5000e0      1.9883e1    -1.4619e1     -1.1502e1
  50 134      5.6250e0      2.0008e1    -1.4633e1     -1.1641e1
  50 135      5.7500e0      2.0133e1    -1.4647e1     -1.1780e1
  50 136      5.8750e0      2.0258e1    -1.4662e1     -1.1920e1
  50 137      6.0000e0      2.0383e1    -1.4677e1     -1.2061e1
  50 138      6.1250e0      2.0508e1    -1.4693e1     -1.2201e1
  50 139      6.2500e0      2.0633e1    -1.4709e1     -1.2342e1
  50 140      6.3750e0      2.0758e1    -1.4724e1     -1.2482e1
  50 141      6.5000e0      2.0883e1    -1.4739e1     -1.2623e1
  50 142      6.6250e0      2.1008e1    -1.4754e1     -1.2762e1
  50 143      6.7500e0      2.1133e1    -1.4769e1     -1.2902e1
  50 144      6.8750e0      2.1258e1    -1.4783e1     -1.3041e1
  50 145      7.0000e0      2.1383e1    -1.4796e1     -1.3179e1
  50 146      7.1250e0      2.1508e1    -1.4809e1     -1.3317e1
  50 147      7.2500e0      2.1633e1    -1.4822e1     -1.3455e1
  50 148      7.3750e0      2.1758e1    -1.4835e1     -1.3594e1
  50 149      7.5000e0      2.1883e1    -1.4849e1     -1.3732e1
  50 150      7.6250e0      2.2008e1    -1.4863e1     -1.3871e1
  50 151      7.7500e0      2.2133e1    -1.4878e1     -1.4011e1
  50 152      7.8750e0      2.2258e1    -1.4893e1     -1.4151e1
  50 153      8.0000e0      2.2383e1    -1.4909e1     -1.4292e1
  50 154      8.1250e0      2.2508e1    -1.4925e1     -1.4433e1
  50 155      8.2500e0      2.2633e1    -1.4940e1     -1.4574e1
  50 156      8.3750e0      2.2758e1    -1.4956e1     -1.4714e1
  50 157      8.5000e0      2.2883e1    -1.4971e1     -1.4854e1
  50 158      8.6250e0      2.3008e1    -1.4985e1     -1.4994e1
  50 159      8.7500e0      2.3133e1    -1.5000e1     -1.5133e1
  50 160      8.8750e0      2.3258e1    -1.5014e1     -1.5272e1
  50 161      9.0000e0      2.3383e1    -1.5027e1     -1.5410e1
  50 162      9.1250e0      2.3508e1    -1.5040e1     -1.5549e1
  50 163      9.2500e0      2.3633e1    -1.5054e1     -1.5687e1
  50 164      9.3750e0      2.3758e1    -1.5068e1     -1.5827e1
  50 165      9.5000e0      2.3883e1    -1.5083e1     -1.5966e1
  50 166      9.6250e0      2.4008e1    -1.5098e1     -1.6107e1
  50 167      9.7500e0      2.4133e1    -1.5114e1     -1.6248e1
  50 168      9.8750e0      2.4258e1    -1.5131e1     -1.6389e1
  50 169      1.0000e1      2.4383e1    -1.5148e1     -1.6532e1
  50 170      1.0125e1      2.4508e1    -1.5166e1     -1.6674e1
  50 171      1.0250e1      2.4633e1    -1.5183e1     -1.6817e1
  50 172      1.0375e1      2.4758e1    -1.5201e1     -1.6959e1
  50 173      1.0500e1      2.4883e1    -1.5218e1     -1.7101e1
  50 174      1.0625e1      2.5008e1    -1.5236e1     -1.7244e1
  50 175      1.0750e1      2.5133e1    -1.5254e1     -1.7387e1
  50 176      1.0875e1      2.5258e1    -1.5272e1     -1.7530e1
  50 177      1.1000e1      2.5383e1    -1.5290e1     -1.7673e1
  50 178      1.1125e1      2.5508e1    -1.5307e1     -1.7816e1
  50 179      1.1250e1      2.5633e1    -1.5325e1     -1.7959e1
  50 180      1.1375e1      2.5758e1    -1.5343e1     -1.8102e1
  50 181      1.1500e1      2.5883e1    -1.5363e1     -1.8246e1
  50 182      1.1625e1      2.6008e1    -1.5383e1     -1.8392e1
  50 183      1.1750e1      2.6133e1    -1.5407e1     -1.8540e1
  50 184      1.1875e1      2.6258e1    -1.5434e1     -1.8692e1
  50 185      1.2000e1      2.6383e1    -1.5464e1     -1.8847e1
  50 186      1.2125e1      2.6508e1    -1.5498e1     -1.9006e1
  50 187      1.2250e1      2.6633e1    -1.5534e1     -1.9167e1
  50 188      1.2375e1      2.6758e1    -1.5572e1     -1.9330e1
  50 189      1.2500e1      2.6883e1    -1.5611e1     -1.9495e1
  50 190      1.2625e1      2.7008e1    -1.5651e1     -1.9660e1
  50 191      1.2750e1      2.7133e1    -1.5692e1     -1.9826e1
  50 192      1.2875e1      2.7258e1    -1.5734e1     -1.9992e1
  50 193      1.3000e1      2.7383e1    -1.5775e1     -2.0159e1
  50 194      1.3125e1      2.7508e1    -1.5819e1     -2.0327e1
  50 195      1.3250e1      2.7633e1    -1.5865e1     -2.0499e1
  50 196      1.3375e1      2.7758e1    -1.5918e1     -2.0676e1
  50 197      1.3500e1      2.7883e1    -1.5981e1     -2.0864e1
  50 198      1.3625e1      2.8008e1    -1.6057e1     -2.1065e1
  50 199      1.3750e1      2.8133e1    -1.6147e1     -2.1280e1
  50 200      1.3875e1      2.8258e1    -1.6251e1     -2.1510e1
  50 201      1.4000e1      2.8383e1    -1.6368e1     -2.1751e1
  50 202      1.4125e1      2.8508e1    -1.6492e1     -2.2000e1
  50 203      1.4250e1      2.8633e1    -1.6622e1     -2.2255e1
  50 204      1.4375e1      2.8758e1    -1.6764e1     -2.2522e1
  50 205      1.4500e1      2.8883e1    -1.6933e1     -2.2816e1
  50 206      1.4625e1      2.9008e1    -1.7150e1     -2.3159e1
  50 207      1.4750e1      2.9133e1    -1.7438e1     -2.3572e1
  50 208      1.4875e1      2.9258e1    -1.7820e1     -2.4079e1
  50 209      1.5000e1      2.9383e1    -1.8322e1     -2.4706e1
            log10(eV)     log10(Hz)    log10(nuFnu)  log10(Jy)

